2026-08-07 19:25:11 [INFO] Base de signatures initialisée : ./data/signatures.db
2026-08-07 19:25:11 [INFO] Bloom Filter chargé : 3206 signature(s), 22418 bits actifs
2026-08-07 19:25:11 [INFO] 1 fichier(s) de règles YARA chergé(s)
2026-08-07 19:25:11 [INFO] Démarrage du scan : C:\Users\DELL LATITUDE 5420\OneDrive
2026-08-07 19:25:12 [WARNING] MENACE : None → Botro.png
2026-08-07 19:25:12 [WARNING] MENACE : None → logo.png
2026-08-07 19:25:17 [WARNING]  Règle(s) YARA déclenchée(s) sur MediaCreationTool.exe: High_Entropy_Executable
2026-08-07 19:25:17 [WARNING] MENACE : None → MediaCreationTool.exe
2026-08-07 19:25:17 [WARNING] MENACE : None → Test logique.pdf
2026-08-07 19:25:17 [WARNING] MENACE : None → Triomph_insign-removebg-preview.png
2026-08-07 19:25:18 [ERROR]  Erreur scan YARA sur C:\Users\DELL LATITUDE 5420\OneDrive\Images\Capture d'écran 2024-07-05 195257.png : could not open file "C:\Users\DELL LATITUDE 5420\OneDrive\Images\Capture d'écran 2024-07-05 195257.png"
2026-08-07 19:25:18 [WARNING] MENACE : None → Capture d'écran 2024-07-05 195257.png
2026-08-07 19:25:18 [ERROR]  Erreur scan YARA sur C:\Users\DELL LATITUDE 5420\OneDrive\Images\Capture d'écran 2024-07-05 201244.png : could not open file "C:\Users\DELL LATITUDE 5420\OneDrive\Images\Capture d'écran 2024-07-05 201244.png"
2026-08-07 19:25:18 [WARNING] MENACE : None → Capture d'écran 2024-07-05 201244.png
2026-08-07 19:25:18 [ERROR]  Erreur scan YARA sur C:\Users\DELL LATITUDE 5420\OneDrive\Images\Capture d’écran 2024-02-20 153258.png : could not open file "C:\Users\DELL LATITUDE 5420\OneDrive\Images\Capture d’écran 2024-02-20 153258.png"
2026-08-07 19:25:18 [WARNING] MENACE : None → Capture d’écran 2024-02-20 153258.png
2026-08-07 19:25:18 [ERROR]  Erreur scan YARA sur C:\Users\DELL LATITUDE 5420\OneDrive\Images\Capture d’écran 2024-03-11 231327.png : could not open file "C:\Users\DELL LATITUDE 5420\OneDrive\Images\Capture d’écran 2024-03-11 231327.png"
2026-08-07 19:25:18 [WARNING] MENACE : None → Capture d’écran 2024-03-11 231327.png
2026-08-07 19:25:18 [ERROR]  Erreur scan YARA sur C:\Users\DELL LATITUDE 5420\OneDrive\Images\Capture d’écran 2024-03-13 014542.png : could not open file "C:\Users\DELL LATITUDE 5420\OneDrive\Images\Capture d’écran 2024-03-13 014542.png"
2026-08-07 19:25:18 [WARNING] MENACE : None → Capture d’écran 2024-03-13 014542.png
2026-08-07 19:25:18 [ERROR]  Erreur scan YARA sur C:\Users\DELL LATITUDE 5420\OneDrive\Images\Capture d’écran 2024-03-22 031552.png : could not open file "C:\Users\DELL LATITUDE 5420\OneDrive\Images\Capture d’écran 2024-03-22 031552.png"
2026-08-07 19:25:18 [WARNING] MENACE : None → Capture d’écran 2024-03-22 031552.png
2026-08-07 19:25:19 [ERROR]  Erreur scan YARA sur C:\Users\DELL LATITUDE 5420\OneDrive\Images\Capture d’écran 2024-03-28 141550.png : could not open file "C:\Users\DELL LATITUDE 5420\OneDrive\Images\Capture d’écran 2024-03-28 141550.png"
2026-08-07 19:25:19 [WARNING] MENACE : None → Capture d’écran 2024-03-28 141550.png
2026-08-07 19:25:19 [ERROR]  Erreur scan YARA sur C:\Users\DELL LATITUDE 5420\OneDrive\Images\Capture d’écran 2024-04-13 204736.png : could not open file "C:\Users\DELL LATITUDE 5420\OneDrive\Images\Capture d’écran 2024-04-13 204736.png"
2026-08-07 19:25:19 [WARNING] MENACE : None → Capture d’écran 2024-04-13 204736.png
2026-08-07 19:25:19 [ERROR]  Erreur scan YARA sur C:\Users\DELL LATITUDE 5420\OneDrive\Images\Capture d’écran 2024-04-13 210236.png : could not open file "C:\Users\DELL LATITUDE 5420\OneDrive\Images\Capture d’écran 2024-04-13 210236.png"
2026-08-07 19:25:19 [WARNING] MENACE : None → Capture d’écran 2024-04-13 210236.png
2026-08-07 19:25:19 [ERROR]  Erreur scan YARA sur C:\Users\DELL LATITUDE 5420\OneDrive\Images\Capture d’écran 2024-04-13 210312.png : could not open file "C:\Users\DELL LATITUDE 5420\OneDrive\Images\Capture d’écran 2024-04-13 210312.png"
2026-08-07 19:25:19 [WARNING] MENACE : None → Capture d’écran 2024-04-13 210312.png
2026-08-07 19:25:19 [ERROR]  Erreur scan YARA sur C:\Users\DELL LATITUDE 5420\OneDrive\Images\Capture d’écran 2024-04-13 210328.png : could not open file "C:\Users\DELL LATITUDE 5420\OneDrive\Images\Capture d’écran 2024-04-13 210328.png"
2026-08-07 19:25:19 [WARNING] MENACE : None → Capture d’écran 2024-04-13 210328.png
2026-08-07 19:25:19 [ERROR]  Erreur scan YARA sur C:\Users\DELL LATITUDE 5420\OneDrive\Images\Vos coordonnées (réponses).pdf : could not open file "C:\Users\DELL LATITUDE 5420\OneDrive\Images\Vos coordonnées (réponses).pdf"
2026-08-07 19:25:19 [WARNING] MENACE : None → Vos coordonnées (réponses).pdf
2026-08-07 19:25:19 [WARNING] MENACE : None → Annotation 2024-02-10 213439.png
2026-08-07 19:25:19 [WARNING] MENACE : None → Annotation 2024-02-10 213515.png
2026-08-07 19:25:19 [WARNING] MENACE : None → Annotation 2024-02-10 213549.png
2026-08-07 19:25:19 [WARNING] MENACE : None → Annotation 2024-02-10 213619.png
2026-08-07 19:25:19 [WARNING] MENACE : None → Annotation 2024-02-10 213654.png
2026-08-07 19:25:19 [WARNING] MENACE : None → Annotation 2024-02-10 213729.png
2026-08-07 19:25:19 [ERROR]  Erreur scan YARA sur C:\Users\DELL LATITUDE 5420\OneDrive\Images\A apprendre\Capture d’écran 2024-03-09 000952.png : could not open file "C:\Users\DELL LATITUDE 5420\OneDrive\Images\A apprendre\Capture d’écran 2024-03-09 000952.png"
2026-08-07 19:25:19 [WARNING] MENACE : None → Capture d’écran 2024-03-09 000952.png
2026-08-07 19:25:19 [ERROR]  Erreur scan YARA sur C:\Users\DELL LATITUDE 5420\OneDrive\Images\A apprendre\Capture d’écran 2024-03-09 001039.png : could not open file "C:\Users\DELL LATITUDE 5420\OneDrive\Images\A apprendre\Capture d’écran 2024-03-09 001039.png"
2026-08-07 19:25:19 [WARNING] MENACE : None → Capture d’écran 2024-03-09 001039.png
2026-08-07 19:25:19 [ERROR]  Erreur scan YARA sur C:\Users\DELL LATITUDE 5420\OneDrive\Images\A apprendre\Capture d’écran 2024-03-09 001436.png : could not open file "C:\Users\DELL LATITUDE 5420\OneDrive\Images\A apprendre\Capture d’écran 2024-03-09 001436.png"
2026-08-07 19:25:19 [WARNING] MENACE : None → Capture d’écran 2024-03-09 001436.png
2026-08-07 19:25:19 [ERROR]  Erreur scan YARA sur C:\Users\DELL LATITUDE 5420\OneDrive\Images\A apprendre\Capture d’écran 2024-03-09 001458.png : could not open file "C:\Users\DELL LATITUDE 5420\OneDrive\Images\A apprendre\Capture d’écran 2024-03-09 001458.png"
2026-08-07 19:25:19 [WARNING] MENACE : None → Capture d’écran 2024-03-09 001458.png
2026-08-07 19:25:19 [ERROR]  Erreur scan YARA sur C:\Users\DELL LATITUDE 5420\OneDrive\Images\A apprendre\Capture d’écran 2024-03-09 001527.png : could not open file "C:\Users\DELL LATITUDE 5420\OneDrive\Images\A apprendre\Capture d’écran 2024-03-09 001527.png"
2026-08-07 19:25:19 [WARNING] MENACE : None → Capture d’écran 2024-03-09 001527.png
2026-08-07 19:25:19 [ERROR]  Erreur scan YARA sur C:\Users\DELL LATITUDE 5420\OneDrive\Images\A apprendre\Capture d’écran 2024-03-09 001544.png : could not open file "C:\Users\DELL LATITUDE 5420\OneDrive\Images\A apprendre\Capture d’écran 2024-03-09 001544.png"
2026-08-07 19:25:19 [WARNING] MENACE : None → Capture d’écran 2024-03-09 001544.png
2026-08-07 19:25:19 [ERROR]  Erreur scan YARA sur C:\Users\DELL LATITUDE 5420\OneDrive\Images\A apprendre\Capture d’écran 2024-03-09 001604.png : could not open file "C:\Users\DELL LATITUDE 5420\OneDrive\Images\A apprendre\Capture d’écran 2024-03-09 001604.png"
2026-08-07 19:25:19 [WARNING] MENACE : None → Capture d’écran 2024-03-09 001604.png
2026-08-07 19:25:19 [ERROR]  Erreur scan YARA sur C:\Users\DELL LATITUDE 5420\OneDrive\Images\A apprendre\Capture d’écran 2024-03-09 001627.png : could not open file "C:\Users\DELL LATITUDE 5420\OneDrive\Images\A apprendre\Capture d’écran 2024-03-09 001627.png"
2026-08-07 19:25:19 [WARNING] MENACE : None → Capture d’écran 2024-03-09 001627.png
2026-08-07 19:25:19 [ERROR]  Erreur scan YARA sur C:\Users\DELL LATITUDE 5420\OneDrive\Images\A apprendre\Capture d’écran 2024-03-09 003220.png : could not open file "C:\Users\DELL LATITUDE 5420\OneDrive\Images\A apprendre\Capture d’écran 2024-03-09 003220.png"
2026-08-07 19:25:19 [WARNING] MENACE : None → Capture d’écran 2024-03-09 003220.png
2026-08-07 19:25:19 [ERROR]  Erreur scan YARA sur C:\Users\DELL LATITUDE 5420\OneDrive\Images\A apprendre\Capture d’écran 2024-03-09 003244.png : could not open file "C:\Users\DELL LATITUDE 5420\OneDrive\Images\A apprendre\Capture d’écran 2024-03-09 003244.png"
2026-08-07 19:25:19 [WARNING] MENACE : None → Capture d’écran 2024-03-09 003244.png
2026-08-07 19:25:19 [ERROR]  Erreur scan YARA sur C:\Users\DELL LATITUDE 5420\OneDrive\Images\A apprendre\Capture d’écran 2024-03-09 003323.png : could not open file "C:\Users\DELL LATITUDE 5420\OneDrive\Images\A apprendre\Capture d’écran 2024-03-09 003323.png"
2026-08-07 19:25:19 [WARNING] MENACE : None → Capture d’écran 2024-03-09 003323.png
2026-08-07 19:25:19 [ERROR]  Erreur scan YARA sur C:\Users\DELL LATITUDE 5420\OneDrive\Images\A apprendre\Capture d’écran 2024-04-02 073023.png : could not open file "C:\Users\DELL LATITUDE 5420\OneDrive\Images\A apprendre\Capture d’écran 2024-04-02 073023.png"
2026-08-07 19:25:19 [WARNING] MENACE : None → Capture d’écran 2024-04-02 073023.png
2026-08-07 19:25:19 [ERROR]  Erreur scan YARA sur C:\Users\DELL LATITUDE 5420\OneDrive\Images\A apprendre\Capture d’écran 2024-04-02 073552.png : could not open file "C:\Users\DELL LATITUDE 5420\OneDrive\Images\A apprendre\Capture d’écran 2024-04-02 073552.png"
2026-08-07 19:25:19 [WARNING] MENACE : None → Capture d’écran 2024-04-02 073552.png
2026-08-07 19:25:19 [ERROR]  Erreur scan YARA sur C:\Users\DELL LATITUDE 5420\OneDrive\Images\A apprendre\Capture d’écran 2024-04-03 065139.png : could not open file "C:\Users\DELL LATITUDE 5420\OneDrive\Images\A apprendre\Capture d’écran 2024-04-03 065139.png"
2026-08-07 19:25:19 [WARNING] MENACE : None → Capture d’écran 2024-04-03 065139.png
2026-08-07 19:25:19 [ERROR]  Erreur scan YARA sur C:\Users\DELL LATITUDE 5420\OneDrive\Images\A apprendre\Capture d’écran 2024-04-12 134110.png : could not open file "C:\Users\DELL LATITUDE 5420\OneDrive\Images\A apprendre\Capture d’écran 2024-04-12 134110.png"
2026-08-07 19:25:19 [WARNING] MENACE : None → Capture d’écran 2024-04-12 134110.png
2026-08-07 19:25:19 [ERROR]  Erreur scan YARA sur C:\Users\DELL LATITUDE 5420\OneDrive\Images\A apprendre\Capture d’écran 2024-04-12 134306.png : could not open file "C:\Users\DELL LATITUDE 5420\OneDrive\Images\A apprendre\Capture d’écran 2024-04-12 134306.png"
2026-08-07 19:25:19 [WARNING] MENACE : None → Capture d’écran 2024-04-12 134306.png
2026-08-07 19:25:19 [WARNING] MENACE : None → A faire 1.img.png
2026-08-07 19:25:19 [WARNING] MENACE : None → A faire.png
2026-08-07 19:25:20 [ERROR]  Erreur scan YARA sur C:\Users\DELL LATITUDE 5420\OneDrive\Images\Codes et email\Capture d’écran 2024-02-27 031534.png : could not open file "C:\Users\DELL LATITUDE 5420\OneDrive\Images\Codes et email\Capture d’écran 2024-02-27 031534.png"
2026-08-07 19:25:20 [WARNING] MENACE : None → Capture d’écran 2024-02-27 031534.png
2026-08-07 19:25:20 [ERROR]  Erreur scan YARA sur C:\Users\DELL LATITUDE 5420\OneDrive\Images\Codes et email\Capture d’écran 2024-02-27 031639.png : could not open file "C:\Users\DELL LATITUDE 5420\OneDrive\Images\Codes et email\Capture d’écran 2024-02-27 031639.png"
2026-08-07 19:25:20 [WARNING] MENACE : None → Capture d’écran 2024-02-27 031639.png
2026-08-07 19:25:20 [ERROR]  Erreur scan YARA sur C:\Users\DELL LATITUDE 5420\OneDrive\Images\Codes et email\Capture d’écran 2024-02-27 031747.png : could not open file "C:\Users\DELL LATITUDE 5420\OneDrive\Images\Codes et email\Capture d’écran 2024-02-27 031747.png"
2026-08-07 19:25:20 [WARNING] MENACE : None → Capture d’écran 2024-02-27 031747.png
2026-08-07 19:25:20 [ERROR]  Erreur scan YARA sur C:\Users\DELL LATITUDE 5420\OneDrive\Images\Codes et email\Capture d’écran 2024-02-27 031916.png : could not open file "C:\Users\DELL LATITUDE 5420\OneDrive\Images\Codes et email\Capture d’écran 2024-02-27 031916.png"
2026-08-07 19:25:20 [WARNING] MENACE : None → Capture d’écran 2024-02-27 031916.png
2026-08-07 19:25:20 [ERROR]  Erreur scan YARA sur C:\Users\DELL LATITUDE 5420\OneDrive\Images\Codes et email\Capture d’écran 2024-03-05 114935.png : could not open file "C:\Users\DELL LATITUDE 5420\OneDrive\Images\Codes et email\Capture d’écran 2024-03-05 114935.png"
2026-08-07 19:25:20 [WARNING] MENACE : None → Capture d’écran 2024-03-05 114935.png
2026-08-07 19:25:20 [ERROR]  Erreur scan YARA sur C:\Users\DELL LATITUDE 5420\OneDrive\Images\Codes et email\Capture d’écran 2024-03-05 115010.png : could not open file "C:\Users\DELL LATITUDE 5420\OneDrive\Images\Codes et email\Capture d’écran 2024-03-05 115010.png"
2026-08-07 19:25:20 [WARNING] MENACE : None → Capture d’écran 2024-03-05 115010.png
2026-08-07 19:25:20 [ERROR]  Erreur scan YARA sur C:\Users\DELL LATITUDE 5420\OneDrive\Images\Codes et email\Capture d’écran 2024-03-05 115028.png : could not open file "C:\Users\DELL LATITUDE 5420\OneDrive\Images\Codes et email\Capture d’écran 2024-03-05 115028.png"
2026-08-07 19:25:20 [WARNING] MENACE : None → Capture d’écran 2024-03-05 115028.png
2026-08-07 19:25:20 [ERROR]  Erreur scan YARA sur C:\Users\DELL LATITUDE 5420\OneDrive\Images\Codes et email\Capture d’écran 2024-03-05 211710.png : could not open file "C:\Users\DELL LATITUDE 5420\OneDrive\Images\Codes et email\Capture d’écran 2024-03-05 211710.png"
2026-08-07 19:25:20 [WARNING] MENACE : None → Capture d’écran 2024-03-05 211710.png
2026-08-07 19:25:20 [ERROR]  Erreur scan YARA sur C:\Users\DELL LATITUDE 5420\OneDrive\Images\Codes et email\Capture d’écran 2024-03-05 234054.png : could not open file "C:\Users\DELL LATITUDE 5420\OneDrive\Images\Codes et email\Capture d’écran 2024-03-05 234054.png"
2026-08-07 19:25:20 [WARNING] MENACE : None → Capture d’écran 2024-03-05 234054.png
2026-08-07 19:25:20 [ERROR]  Erreur scan YARA sur C:\Users\DELL LATITUDE 5420\OneDrive\Images\Codes et email\Capture d’écran 2024-04-11 155212.png : could not open file "C:\Users\DELL LATITUDE 5420\OneDrive\Images\Codes et email\Capture d’écran 2024-04-11 155212.png"
2026-08-07 19:25:20 [WARNING] MENACE : None → Capture d’écran 2024-04-11 155212.png
2026-08-07 19:25:20 [ERROR]  Erreur scan YARA sur C:\Users\DELL LATITUDE 5420\OneDrive\Images\Image PC\Capture d'écran 2024-05-28 102118.png : could not open file "C:\Users\DELL LATITUDE 5420\OneDrive\Images\Image PC\Capture d'écran 2024-05-28 102118.png"
2026-08-07 19:25:20 [WARNING] MENACE : None → Capture d'écran 2024-05-28 102118.png
2026-08-07 19:25:20 [ERROR]  Erreur scan YARA sur C:\Users\DELL LATITUDE 5420\OneDrive\Images\Image PC\Capture d'écran 2024-05-28 102245.png : could not open file "C:\Users\DELL LATITUDE 5420\OneDrive\Images\Image PC\Capture d'écran 2024-05-28 102245.png"
2026-08-07 19:25:20 [WARNING] MENACE : None → Capture d'écran 2024-05-28 102245.png
2026-08-07 19:25:20 [ERROR]  Erreur scan YARA sur C:\Users\DELL LATITUDE 5420\OneDrive\Images\Image PC\Capture d'écran 2024-05-28 102734.png : could not open file "C:\Users\DELL LATITUDE 5420\OneDrive\Images\Image PC\Capture d'écran 2024-05-28 102734.png"
2026-08-07 19:25:20 [WARNING] MENACE : None → Capture d'écran 2024-05-28 102734.png
2026-08-07 19:25:20 [ERROR]  Erreur scan YARA sur C:\Users\DELL LATITUDE 5420\OneDrive\Images\Image PC\Capture d'écran 2024-05-30 234122.png : could not open file "C:\Users\DELL LATITUDE 5420\OneDrive\Images\Image PC\Capture d'écran 2024-05-30 234122.png"
2026-08-07 19:25:20 [WARNING] MENACE : None → Capture d'écran 2024-05-30 234122.png
2026-08-07 19:25:20 [ERROR]  Erreur scan YARA sur C:\Users\DELL LATITUDE 5420\OneDrive\Images\Image PC\Capture d'écran 2024-05-30 235628.png : could not open file "C:\Users\DELL LATITUDE 5420\OneDrive\Images\Image PC\Capture d'écran 2024-05-30 235628.png"
2026-08-07 19:25:20 [WARNING] MENACE : None → Capture d'écran 2024-05-30 235628.png
2026-08-07 19:25:20 [ERROR]  Erreur scan YARA sur C:\Users\DELL LATITUDE 5420\OneDrive\Images\Image PC\Capture d'écran 2024-05-30 235645.png : could not open file "C:\Users\DELL LATITUDE 5420\OneDrive\Images\Image PC\Capture d'écran 2024-05-30 235645.png"
2026-08-07 19:25:20 [WARNING] MENACE : None → Capture d'écran 2024-05-30 235645.png
2026-08-07 19:25:20 [ERROR]  Erreur scan YARA sur C:\Users\DELL LATITUDE 5420\OneDrive\Images\Image PC\Capture d'écran 2024-05-30 235846.png : could not open file "C:\Users\DELL LATITUDE 5420\OneDrive\Images\Image PC\Capture d'écran 2024-05-30 235846.png"
2026-08-07 19:25:20 [WARNING] MENACE : None → Capture d'écran 2024-05-30 235846.png
2026-08-07 19:25:20 [ERROR]  Erreur scan YARA sur C:\Users\DELL LATITUDE 5420\OneDrive\Images\Image PC\Capture d'écran 2024-05-31 012624.png : could not open file "C:\Users\DELL LATITUDE 5420\OneDrive\Images\Image PC\Capture d'écran 2024-05-31 012624.png"
2026-08-07 19:25:20 [WARNING] MENACE : None → Capture d'écran 2024-05-31 012624.png
2026-08-07 19:25:20 [ERROR]  Erreur scan YARA sur C:\Users\DELL LATITUDE 5420\OneDrive\Images\Image PC\Capture d'écran 2024-05-31 020812.png : could not open file "C:\Users\DELL LATITUDE 5420\OneDrive\Images\Image PC\Capture d'écran 2024-05-31 020812.png"
2026-08-07 19:25:20 [WARNING] MENACE : None → Capture d'écran 2024-05-31 020812.png
2026-08-07 19:25:20 [WARNING] MENACE : None → Design sans titre.png
2026-08-07 19:25:21 [WARNING] MENACE : None → zzlogo.png
2026-08-07 19:25:21 [WARNING] MENACE : None → zzz.png
2026-08-07 19:25:21 [ERROR]  Erreur scan YARA sur C:\Users\DELL LATITUDE 5420\OneDrive\Images\Images\Capture d'écran 2026-07-18 161920.png : could not open file "C:\Users\DELL LATITUDE 5420\OneDrive\Images\Images\Capture d'écran 2026-07-18 161920.png"
2026-08-07 19:25:21 [WARNING] MENACE : None → Capture d'écran 2026-07-18 161920.png
2026-08-07 19:25:21 [ERROR]  Erreur scan YARA sur C:\Users\DELL LATITUDE 5420\OneDrive\Images\Images\Capture d'écran 2026-07-18 162003.png : could not open file "C:\Users\DELL LATITUDE 5420\OneDrive\Images\Images\Capture d'écran 2026-07-18 162003.png"
2026-08-07 19:25:21 [WARNING] MENACE : None → Capture d'écran 2026-07-18 162003.png
2026-08-07 19:25:21 [WARNING] MENACE : None → Design sans titre (1).png
2026-08-07 19:25:21 [WARNING] MENACE : None → Design sans titre.png
2026-08-07 19:25:21 [WARNING] MENACE : None → mademoiselle bah.png
2026-08-07 19:25:22 [WARNING] MENACE : None → Annotation 2024-02-09 220751.png
2026-08-07 19:25:22 [WARNING] MENACE : None → Annotation 2024-02-09 221007.png
2026-08-07 19:25:23 [WARNING] MENACE : None → Annotation 2024-02-09 221032.png
2026-08-07 19:25:23 [WARNING] MENACE : None → Annotation 2024-02-09 221118.png
2026-08-07 19:25:24 [WARNING] MENACE : None → Annotation 2024-02-09 221136.png
2026-08-07 19:25:24 [WARNING] MENACE : None → Annotation 2024-02-09 221212.png
2026-08-07 19:25:24 [WARNING] MENACE : None → Annotation 2024-02-09 221402.png
2026-08-07 19:25:25 [WARNING] MENACE : None → Annotation 2024-02-09 221444.png
2026-08-07 19:25:25 [WARNING] MENACE : None → Annotation 2024-02-09 221516.png
2026-08-07 19:25:25 [WARNING] MENACE : None → Annotation 2024-02-09 222200.png
2026-08-07 19:25:25 [WARNING] MENACE : None → Annotation 2024-02-09 222251.png
2026-08-07 19:25:26 [WARNING] MENACE : None → Annotation 2024-02-09 222337.png
2026-08-07 19:25:26 [WARNING] MENACE : None → Annotation 2024-02-09 222413.png
2026-08-07 19:25:26 [WARNING] MENACE : None → Annotation 2024-02-09 222804.png
2026-08-07 19:25:27 [WARNING] MENACE : None → Annotation 2024-02-09 223026.png
2026-08-07 19:25:27 [WARNING] MENACE : None → Annotation 2024-02-09 223131.png
2026-08-07 19:25:27 [WARNING] MENACE : None → Annotation 2024-02-09 223236.png
2026-08-07 19:25:28 [ERROR]  Erreur scan YARA sur C:\Users\DELL LATITUDE 5420\OneDrive\Images\Images fond d'ecr\Capture d'écran 2024-04-23 204314.png : could not open file "C:\Users\DELL LATITUDE 5420\OneDrive\Images\Images fond d'ecr\Capture d'écran 2024-04-23 204314.png"
2026-08-07 19:25:28 [WARNING] MENACE : None → Capture d'écran 2024-04-23 204314.png
2026-08-07 19:25:28 [ERROR]  Erreur scan YARA sur C:\Users\DELL LATITUDE 5420\OneDrive\Images\Images fond d'ecr\Capture d'écran 2024-04-23 204416.png : could not open file "C:\Users\DELL LATITUDE 5420\OneDrive\Images\Images fond d'ecr\Capture d'écran 2024-04-23 204416.png"
2026-08-07 19:25:28 [WARNING] MENACE : None → Capture d'écran 2024-04-23 204416.png
2026-08-07 19:25:28 [ERROR]  Erreur scan YARA sur C:\Users\DELL LATITUDE 5420\OneDrive\Images\Images fond d'ecr\capture d'écran 2024-04-23 204709.png : could not open file "C:\Users\DELL LATITUDE 5420\OneDrive\Images\Images fond d'ecr\capture d'écran 2024-04-23 204709.png"
2026-08-07 19:25:28 [WARNING] MENACE : None → capture d'écran 2024-04-23 204709.png
2026-08-07 19:25:28 [ERROR]  Erreur scan YARA sur C:\Users\DELL LATITUDE 5420\OneDrive\Images\Images fond d'ecr\Capture d'écran 2024-04-23 204738.png : could not open file "C:\Users\DELL LATITUDE 5420\OneDrive\Images\Images fond d'ecr\Capture d'écran 2024-04-23 204738.png"
2026-08-07 19:25:28 [WARNING] MENACE : None → Capture d'écran 2024-04-23 204738.png
2026-08-07 19:25:29 [ERROR]  Erreur scan YARA sur C:\Users\DELL LATITUDE 5420\OneDrive\Images\Images fond d'ecr\Capture d'écran 2024-05-04 195645.png : could not open file "C:\Users\DELL LATITUDE 5420\OneDrive\Images\Images fond d'ecr\Capture d'écran 2024-05-04 195645.png"
2026-08-07 19:25:29 [WARNING] MENACE : None → Capture d'écran 2024-05-04 195645.png
2026-08-07 19:25:29 [ERROR]  Erreur scan YARA sur C:\Users\DELL LATITUDE 5420\OneDrive\Images\Images fond d'ecr\Capture d'écran 2024-05-04 200041.png : could not open file "C:\Users\DELL LATITUDE 5420\OneDrive\Images\Images fond d'ecr\Capture d'écran 2024-05-04 200041.png"
2026-08-07 19:25:29 [WARNING] MENACE : None → Capture d'écran 2024-05-04 200041.png
2026-08-07 19:25:29 [ERROR]  Erreur scan YARA sur C:\Users\DELL LATITUDE 5420\OneDrive\Images\Images fond d'ecr\Capture d'écran 2024-05-04 200116.png : could not open file "C:\Users\DELL LATITUDE 5420\OneDrive\Images\Images fond d'ecr\Capture d'écran 2024-05-04 200116.png"
2026-08-07 19:25:29 [WARNING] MENACE : None → Capture d'écran 2024-05-04 200116.png
2026-08-07 19:25:30 [ERROR]  Erreur scan YARA sur C:\Users\DELL LATITUDE 5420\OneDrive\Images\Images fond d'ecr\Capture d'écran 2024-06-02 022950.png : could not open file "C:\Users\DELL LATITUDE 5420\OneDrive\Images\Images fond d'ecr\Capture d'écran 2024-06-02 022950.png"
2026-08-07 19:25:30 [WARNING] MENACE : None → Capture d'écran 2024-06-02 022950.png
2026-08-07 19:25:30 [ERROR]  Erreur scan YARA sur C:\Users\DELL LATITUDE 5420\OneDrive\Images\Images fond d'ecr\Capture d'écran 2024-06-29 030848.png : could not open file "C:\Users\DELL LATITUDE 5420\OneDrive\Images\Images fond d'ecr\Capture d'écran 2024-06-29 030848.png"
2026-08-07 19:25:30 [WARNING] MENACE : None → Capture d'écran 2024-06-29 030848.png
2026-08-07 19:25:30 [ERROR]  Erreur scan YARA sur C:\Users\DELL LATITUDE 5420\OneDrive\Images\Images fond d'ecr\Capture d’écran 2024-02-27 181413.png : could not open file "C:\Users\DELL LATITUDE 5420\OneDrive\Images\Images fond d'ecr\Capture d’écran 2024-02-27 181413.png"
2026-08-07 19:25:30 [WARNING] MENACE : None → Capture d’écran 2024-02-27 181413.png
2026-08-07 19:25:31 [ERROR]  Erreur scan YARA sur C:\Users\DELL LATITUDE 5420\OneDrive\Images\Images fond d'ecr\Capture d’écran 2024-02-27 181525.png : could not open file "C:\Users\DELL LATITUDE 5420\OneDrive\Images\Images fond d'ecr\Capture d’écran 2024-02-27 181525.png"
2026-08-07 19:25:31 [WARNING] MENACE : None → Capture d’écran 2024-02-27 181525.png
2026-08-07 19:25:31 [ERROR]  Erreur scan YARA sur C:\Users\DELL LATITUDE 5420\OneDrive\Images\Images fond d'ecr\Capture d’écran 2024-02-27 181714.png : could not open file "C:\Users\DELL LATITUDE 5420\OneDrive\Images\Images fond d'ecr\Capture d’écran 2024-02-27 181714.png"
2026-08-07 19:25:31 [WARNING] MENACE : None → Capture d’écran 2024-02-27 181714.png
2026-08-07 19:25:31 [ERROR]  Erreur scan YARA sur C:\Users\DELL LATITUDE 5420\OneDrive\Images\Images fond d'ecr\Capture d’écran 2024-02-27 181815.png : could not open file "C:\Users\DELL LATITUDE 5420\OneDrive\Images\Images fond d'ecr\Capture d’écran 2024-02-27 181815.png"
2026-08-07 19:25:31 [WARNING] MENACE : None → Capture d’écran 2024-02-27 181815.png
2026-08-07 19:25:31 [ERROR]  Erreur scan YARA sur C:\Users\DELL LATITUDE 5420\OneDrive\Images\Images fond d'ecr\Capture d’écran 2024-02-27 181919.png : could not open file "C:\Users\DELL LATITUDE 5420\OneDrive\Images\Images fond d'ecr\Capture d’écran 2024-02-27 181919.png"
2026-08-07 19:25:31 [WARNING] MENACE : None → Capture d’écran 2024-02-27 181919.png
2026-08-07 19:25:31 [ERROR]  Erreur scan YARA sur C:\Users\DELL LATITUDE 5420\OneDrive\Images\Images fond d'ecr\Capture d’écran 2024-02-27 182021.png : could not open file "C:\Users\DELL LATITUDE 5420\OneDrive\Images\Images fond d'ecr\Capture d’écran 2024-02-27 182021.png"
2026-08-07 19:25:31 [WARNING] MENACE : None → Capture d’écran 2024-02-27 182021.png
2026-08-07 19:25:32 [ERROR]  Erreur scan YARA sur C:\Users\DELL LATITUDE 5420\OneDrive\Images\Images fond d'ecr\Capture d’écran 2024-02-27 182108.png : could not open file "C:\Users\DELL LATITUDE 5420\OneDrive\Images\Images fond d'ecr\Capture d’écran 2024-02-27 182108.png"
2026-08-07 19:25:32 [WARNING] MENACE : None → Capture d’écran 2024-02-27 182108.png
2026-08-07 19:25:32 [ERROR]  Erreur scan YARA sur C:\Users\DELL LATITUDE 5420\OneDrive\Images\Images fond d'ecr\Capture d’écran 2024-02-27 182255.png : could not open file "C:\Users\DELL LATITUDE 5420\OneDrive\Images\Images fond d'ecr\Capture d’écran 2024-02-27 182255.png"
2026-08-07 19:25:32 [WARNING] MENACE : None → Capture d’écran 2024-02-27 182255.png
2026-08-07 19:25:32 [ERROR]  Erreur scan YARA sur C:\Users\DELL LATITUDE 5420\OneDrive\Images\Images fond d'ecr\Capture d’écran 2024-02-27 182342.png : could not open file "C:\Users\DELL LATITUDE 5420\OneDrive\Images\Images fond d'ecr\Capture d’écran 2024-02-27 182342.png"
2026-08-07 19:25:32 [WARNING] MENACE : None → Capture d’écran 2024-02-27 182342.png
2026-08-07 19:25:32 [ERROR]  Erreur scan YARA sur C:\Users\DELL LATITUDE 5420\OneDrive\Images\Images fond d'ecr\Capture d’écran 2024-02-27 182442.png : could not open file "C:\Users\DELL LATITUDE 5420\OneDrive\Images\Images fond d'ecr\Capture d’écran 2024-02-27 182442.png"
2026-08-07 19:25:32 [WARNING] MENACE : None → Capture d’écran 2024-02-27 182442.png
2026-08-07 19:25:33 [ERROR]  Erreur scan YARA sur C:\Users\DELL LATITUDE 5420\OneDrive\Images\Images fond d'ecr\Capture d’écran 2024-03-01 005424.png : could not open file "C:\Users\DELL LATITUDE 5420\OneDrive\Images\Images fond d'ecr\Capture d’écran 2024-03-01 005424.png"
2026-08-07 19:25:33 [WARNING] MENACE : None → Capture d’écran 2024-03-01 005424.png
2026-08-07 19:25:33 [ERROR]  Erreur scan YARA sur C:\Users\DELL LATITUDE 5420\OneDrive\Images\Images fond d'ecr\Capture d’écran 2024-03-05 011929.png : could not open file "C:\Users\DELL LATITUDE 5420\OneDrive\Images\Images fond d'ecr\Capture d’écran 2024-03-05 011929.png"
2026-08-07 19:25:33 [WARNING] MENACE : None → Capture d’écran 2024-03-05 011929.png
2026-08-07 19:25:34 [ERROR]  Erreur scan YARA sur C:\Users\DELL LATITUDE 5420\OneDrive\Images\Images fond d'ecr\Capture d’écran 2024-03-05 012124.png : could not open file "C:\Users\DELL LATITUDE 5420\OneDrive\Images\Images fond d'ecr\Capture d’écran 2024-03-05 012124.png"
2026-08-07 19:25:34 [WARNING] MENACE : None → Capture d’écran 2024-03-05 012124.png
2026-08-07 19:25:35 [ERROR]  Erreur scan YARA sur C:\Users\DELL LATITUDE 5420\OneDrive\Images\Images fond d'ecr\Capture d’écran 2024-03-05 012432.png : could not open file "C:\Users\DELL LATITUDE 5420\OneDrive\Images\Images fond d'ecr\Capture d’écran 2024-03-05 012432.png"
2026-08-07 19:25:35 [WARNING] MENACE : None → Capture d’écran 2024-03-05 012432.png
2026-08-07 19:25:35 [ERROR]  Erreur scan YARA sur C:\Users\DELL LATITUDE 5420\OneDrive\Images\Images fond d'ecr\Capture d’écran 2024-03-05 012523.png : could not open file "C:\Users\DELL LATITUDE 5420\OneDrive\Images\Images fond d'ecr\Capture d’écran 2024-03-05 012523.png"
2026-08-07 19:25:35 [WARNING] MENACE : None → Capture d’écran 2024-03-05 012523.png
2026-08-07 19:25:36 [ERROR]  Erreur scan YARA sur C:\Users\DELL LATITUDE 5420\OneDrive\Images\Images fond d'ecr\Capture d’écran 2024-03-05 012642.png : could not open file "C:\Users\DELL LATITUDE 5420\OneDrive\Images\Images fond d'ecr\Capture d’écran 2024-03-05 012642.png"
2026-08-07 19:25:36 [WARNING] MENACE : None → Capture d’écran 2024-03-05 012642.png
2026-08-07 19:25:38 [ERROR]  Erreur scan YARA sur C:\Users\DELL LATITUDE 5420\OneDrive\Images\Images fond d'ecr\Capture d’écran 2024-03-28 141550.png : could not open file "C:\Users\DELL LATITUDE 5420\OneDrive\Images\Images fond d'ecr\Capture d’écran 2024-03-28 141550.png"
2026-08-07 19:25:38 [WARNING] MENACE : None → Capture d’écran 2024-03-28 141550.png
2026-08-07 19:25:39 [WARNING] MENACE : None → fleur-albizia.png
2026-08-07 19:25:40 [WARNING] MENACE : None → fleur-violette.png
2026-08-07 19:25:40 [WARNING] MENACE : None → fleurs.png
2026-08-07 19:25:41 [WARNING] MENACE : None → ooooooo.png
2026-08-07 19:25:41 [ERROR]  Erreur scan YARA sur C:\Users\DELL LATITUDE 5420\OneDrive\Images\Screenshots\Capture d'écran 2026-04-07 223857.png : could not open file "C:\Users\DELL LATITUDE 5420\OneDrive\Images\Screenshots\Capture d'écran 2026-04-07 223857.png"
2026-08-07 19:25:41 [WARNING] MENACE : None → Capture d'écran 2026-04-07 223857.png
2026-08-07 19:25:41 [ERROR]  Erreur scan YARA sur C:\Users\DELL LATITUDE 5420\OneDrive\Images\Screenshots\Capture d'écran 2026-04-09 030132.png : could not open file "C:\Users\DELL LATITUDE 5420\OneDrive\Images\Screenshots\Capture d'écran 2026-04-09 030132.png"
2026-08-07 19:25:41 [WARNING] MENACE : None → Capture d'écran 2026-04-09 030132.png
2026-08-07 19:25:41 [ERROR]  Erreur scan YARA sur C:\Users\DELL LATITUDE 5420\OneDrive\Images\Screenshots\Capture d'écran 2026-04-09 044428.png : could not open file "C:\Users\DELL LATITUDE 5420\OneDrive\Images\Screenshots\Capture d'écran 2026-04-09 044428.png"
2026-08-07 19:25:41 [WARNING] MENACE : None → Capture d'écran 2026-04-09 044428.png
2026-08-07 19:25:41 [ERROR]  Erreur scan YARA sur C:\Users\DELL LATITUDE 5420\OneDrive\Images\Screenshots\Capture d'écran 2026-04-12 170159h.png : could not open file "C:\Users\DELL LATITUDE 5420\OneDrive\Images\Screenshots\Capture d'écran 2026-04-12 170159h.png"
2026-08-07 19:25:41 [ERROR]  Erreur scan YARA sur C:\Users\DELL LATITUDE 5420\OneDrive\Images\Screenshots\Capture d'écran 2026-04-12 190224.png : could not open file "C:\Users\DELL LATITUDE 5420\OneDrive\Images\Screenshots\Capture d'écran 2026-04-12 190224.png"
2026-08-07 19:25:41 [WARNING] MENACE : None → Capture d'écran 2026-04-12 190224.png
2026-08-07 19:25:41 [ERROR]  Erreur scan YARA sur C:\Users\DELL LATITUDE 5420\OneDrive\Images\Screenshots\Capture d'écran 2026-04-12 233323.png : could not open file "C:\Users\DELL LATITUDE 5420\OneDrive\Images\Screenshots\Capture d'écran 2026-04-12 233323.png"
2026-08-07 19:25:41 [WARNING] MENACE : None → Capture d'écran 2026-04-12 233323.png
2026-08-07 19:25:41 [ERROR]  Erreur scan YARA sur C:\Users\DELL LATITUDE 5420\OneDrive\Images\Screenshots\Capture d'écran 2026-04-13 133451.png : could not open file "C:\Users\DELL LATITUDE 5420\OneDrive\Images\Screenshots\Capture d'écran 2026-04-13 133451.png"
2026-08-07 19:25:41 [WARNING] MENACE : None → Capture d'écran 2026-04-13 133451.png
2026-08-07 19:25:41 [ERROR]  Erreur scan YARA sur C:\Users\DELL LATITUDE 5420\OneDrive\Images\Screenshots\Capture d'écran 2026-04-13 140625.png : could not open file "C:\Users\DELL LATITUDE 5420\OneDrive\Images\Screenshots\Capture d'écran 2026-04-13 140625.png"
2026-08-07 19:25:41 [WARNING] MENACE : None → Capture d'écran 2026-04-13 140625.png
2026-08-07 19:25:42 [ERROR]  Erreur scan YARA sur C:\Users\DELL LATITUDE 5420\OneDrive\Images\Screenshots\Capture d'écran 2026-04-13 140727.png : could not open file "C:\Users\DELL LATITUDE 5420\OneDrive\Images\Screenshots\Capture d'écran 2026-04-13 140727.png"
2026-08-07 19:25:42 [WARNING] MENACE : None → Capture d'écran 2026-04-13 140727.png
2026-08-07 19:25:42 [ERROR]  Erreur scan YARA sur C:\Users\DELL LATITUDE 5420\OneDrive\Images\Screenshots\Capture d'écran 2026-04-14 162010.png : could not open file "C:\Users\DELL LATITUDE 5420\OneDrive\Images\Screenshots\Capture d'écran 2026-04-14 162010.png"
2026-08-07 19:25:42 [WARNING] MENACE : None → Capture d'écran 2026-04-14 162010.png
2026-08-07 19:25:42 [ERROR]  Erreur scan YARA sur C:\Users\DELL LATITUDE 5420\OneDrive\Images\Screenshots\Capture d'écran 2026-04-15 123102.png : could not open file "C:\Users\DELL LATITUDE 5420\OneDrive\Images\Screenshots\Capture d'écran 2026-04-15 123102.png"
2026-08-07 19:25:42 [WARNING] MENACE : None → Capture d'écran 2026-04-15 123102.png
2026-08-07 19:25:42 [ERROR]  Erreur scan YARA sur C:\Users\DELL LATITUDE 5420\OneDrive\Images\Screenshots\Capture d'écran 2026-04-15 215915.png : could not open file "C:\Users\DELL LATITUDE 5420\OneDrive\Images\Screenshots\Capture d'écran 2026-04-15 215915.png"
2026-08-07 19:25:42 [WARNING] MENACE : None → Capture d'écran 2026-04-15 215915.png
2026-08-07 19:25:42 [ERROR]  Erreur scan YARA sur C:\Users\DELL LATITUDE 5420\OneDrive\Images\Screenshots\Capture d'écran 2026-04-19 180353.png : could not open file "C:\Users\DELL LATITUDE 5420\OneDrive\Images\Screenshots\Capture d'écran 2026-04-19 180353.png"
2026-08-07 19:25:42 [WARNING] MENACE : None → Capture d'écran 2026-04-19 180353.png
2026-08-07 19:25:42 [ERROR]  Erreur scan YARA sur C:\Users\DELL LATITUDE 5420\OneDrive\Images\Screenshots\Capture d'écran 2026-04-19 180839.png : could not open file "C:\Users\DELL LATITUDE 5420\OneDrive\Images\Screenshots\Capture d'écran 2026-04-19 180839.png"
2026-08-07 19:25:42 [WARNING] MENACE : None → Capture d'écran 2026-04-19 180839.png
2026-08-07 19:25:42 [ERROR]  Erreur scan YARA sur C:\Users\DELL LATITUDE 5420\OneDrive\Images\Screenshots\Capture d'écran 2026-04-21 002704.png : could not open file "C:\Users\DELL LATITUDE 5420\OneDrive\Images\Screenshots\Capture d'écran 2026-04-21 002704.png"
2026-08-07 19:25:42 [WARNING] MENACE : None → Capture d'écran 2026-04-21 002704.png
2026-08-07 19:25:42 [ERROR]  Erreur scan YARA sur C:\Users\DELL LATITUDE 5420\OneDrive\Images\Screenshots\Capture d'écran 2026-04-25 173447.png : could not open file "C:\Users\DELL LATITUDE 5420\OneDrive\Images\Screenshots\Capture d'écran 2026-04-25 173447.png"
2026-08-07 19:25:42 [WARNING] MENACE : None → Capture d'écran 2026-04-25 173447.png
2026-08-07 19:25:42 [ERROR]  Erreur scan YARA sur C:\Users\DELL LATITUDE 5420\OneDrive\Images\Screenshots\Capture d'écran 2026-04-25 201712.png : could not open file "C:\Users\DELL LATITUDE 5420\OneDrive\Images\Screenshots\Capture d'écran 2026-04-25 201712.png"
2026-08-07 19:25:42 [WARNING] MENACE : None → Capture d'écran 2026-04-25 201712.png
2026-08-07 19:25:42 [ERROR]  Erreur scan YARA sur C:\Users\DELL LATITUDE 5420\OneDrive\Images\Screenshots\Capture d'écran 2026-04-25 211032.png : could not open file "C:\Users\DELL LATITUDE 5420\OneDrive\Images\Screenshots\Capture d'écran 2026-04-25 211032.png"
2026-08-07 19:25:42 [WARNING] MENACE : None → Capture d'écran 2026-04-25 211032.png
2026-08-07 19:25:42 [ERROR]  Erreur scan YARA sur C:\Users\DELL LATITUDE 5420\OneDrive\Images\Screenshots\Capture d'écran 2026-04-26 130648.png : could not open file "C:\Users\DELL LATITUDE 5420\OneDrive\Images\Screenshots\Capture d'écran 2026-04-26 130648.png"
2026-08-07 19:25:42 [WARNING] MENACE : None → Capture d'écran 2026-04-26 130648.png
2026-08-07 19:25:42 [ERROR]  Erreur scan YARA sur C:\Users\DELL LATITUDE 5420\OneDrive\Images\Screenshots\Capture d'écran 2026-04-26 131152.png : could not open file "C:\Users\DELL LATITUDE 5420\OneDrive\Images\Screenshots\Capture d'écran 2026-04-26 131152.png"
2026-08-07 19:25:42 [WARNING] MENACE : None → Capture d'écran 2026-04-26 131152.png
2026-08-07 19:25:42 [ERROR]  Erreur scan YARA sur C:\Users\DELL LATITUDE 5420\OneDrive\Images\Screenshots\Capture d'écran 2026-04-26 145353.png : could not open file "C:\Users\DELL LATITUDE 5420\OneDrive\Images\Screenshots\Capture d'écran 2026-04-26 145353.png"
2026-08-07 19:25:42 [WARNING] MENACE : None → Capture d'écran 2026-04-26 145353.png
2026-08-07 19:25:42 [ERROR]  Erreur scan YARA sur C:\Users\DELL LATITUDE 5420\OneDrive\Images\Screenshots\Capture d'écran 2026-04-26 150406.png : could not open file "C:\Users\DELL LATITUDE 5420\OneDrive\Images\Screenshots\Capture d'écran 2026-04-26 150406.png"
2026-08-07 19:25:42 [WARNING] MENACE : None → Capture d'écran 2026-04-26 150406.png
2026-08-07 19:25:42 [ERROR]  Erreur scan YARA sur C:\Users\DELL LATITUDE 5420\OneDrive\Images\Screenshots\Capture d'écran 2026-04-26 152359.png : could not open file "C:\Users\DELL LATITUDE 5420\OneDrive\Images\Screenshots\Capture d'écran 2026-04-26 152359.png"
2026-08-07 19:25:42 [WARNING] MENACE : None → Capture d'écran 2026-04-26 152359.png
2026-08-07 19:25:42 [ERROR]  Erreur scan YARA sur C:\Users\DELL LATITUDE 5420\OneDrive\Images\Screenshots\Capture d'écran 2026-04-26 152514.png : could not open file "C:\Users\DELL LATITUDE 5420\OneDrive\Images\Screenshots\Capture d'écran 2026-04-26 152514.png"
2026-08-07 19:25:42 [WARNING] MENACE : None → Capture d'écran 2026-04-26 152514.png
2026-08-07 19:25:42 [ERROR]  Erreur scan YARA sur C:\Users\DELL LATITUDE 5420\OneDrive\Images\Screenshots\Capture d'écran 2026-04-27 214543.png : could not open file "C:\Users\DELL LATITUDE 5420\OneDrive\Images\Screenshots\Capture d'écran 2026-04-27 214543.png"
2026-08-07 19:25:42 [WARNING] MENACE : None → Capture d'écran 2026-04-27 214543.png
2026-08-07 19:25:42 [ERROR]  Erreur scan YARA sur C:\Users\DELL LATITUDE 5420\OneDrive\Images\Screenshots\Capture d'écran 2026-04-27 222507.png : could not open file "C:\Users\DELL LATITUDE 5420\OneDrive\Images\Screenshots\Capture d'écran 2026-04-27 222507.png"
2026-08-07 19:25:42 [WARNING] MENACE : None → Capture d'écran 2026-04-27 222507.png
2026-08-07 19:25:43 [ERROR]  Erreur scan YARA sur C:\Users\DELL LATITUDE 5420\OneDrive\Images\Screenshots\Capture d'écran 2026-04-28 140600.png : could not open file "C:\Users\DELL LATITUDE 5420\OneDrive\Images\Screenshots\Capture d'écran 2026-04-28 140600.png"
2026-08-07 19:25:43 [WARNING] MENACE : None → Capture d'écran 2026-04-28 140600.png
2026-08-07 19:25:43 [ERROR]  Erreur scan YARA sur C:\Users\DELL LATITUDE 5420\OneDrive\Images\Screenshots\Capture d'écran 2026-05-01 223837.png : could not open file "C:\Users\DELL LATITUDE 5420\OneDrive\Images\Screenshots\Capture d'écran 2026-05-01 223837.png"
2026-08-07 19:25:43 [WARNING] MENACE : None → Capture d'écran 2026-05-01 223837.png
2026-08-07 19:25:43 [ERROR]  Erreur scan YARA sur C:\Users\DELL LATITUDE 5420\OneDrive\Images\Screenshots\Capture d'écran 2026-05-01 224129.png : could not open file "C:\Users\DELL LATITUDE 5420\OneDrive\Images\Screenshots\Capture d'écran 2026-05-01 224129.png"
2026-08-07 19:25:43 [WARNING] MENACE : None → Capture d'écran 2026-05-01 224129.png
2026-08-07 19:25:43 [ERROR]  Erreur scan YARA sur C:\Users\DELL LATITUDE 5420\OneDrive\Images\Screenshots\Capture d'écran 2026-05-01 224319.png : could not open file "C:\Users\DELL LATITUDE 5420\OneDrive\Images\Screenshots\Capture d'écran 2026-05-01 224319.png"
2026-08-07 19:25:43 [WARNING] MENACE : None → Capture d'écran 2026-05-01 224319.png
2026-08-07 19:25:43 [ERROR]  Erreur scan YARA sur C:\Users\DELL LATITUDE 5420\OneDrive\Images\Screenshots\Capture d'écran 2026-05-03 170817.png : could not open file "C:\Users\DELL LATITUDE 5420\OneDrive\Images\Screenshots\Capture d'écran 2026-05-03 170817.png"
2026-08-07 19:25:43 [WARNING] MENACE : None → Capture d'écran 2026-05-03 170817.png
2026-08-07 19:25:43 [ERROR]  Erreur scan YARA sur C:\Users\DELL LATITUDE 5420\OneDrive\Images\Screenshots\Capture d'écran 2026-05-04 145921.png : could not open file "C:\Users\DELL LATITUDE 5420\OneDrive\Images\Screenshots\Capture d'écran 2026-05-04 145921.png"
2026-08-07 19:25:43 [WARNING] MENACE : None → Capture d'écran 2026-05-04 145921.png
2026-08-07 19:25:43 [ERROR]  Erreur scan YARA sur C:\Users\DELL LATITUDE 5420\OneDrive\Images\Screenshots\Capture d'écran 2026-05-06 223003.png : could not open file "C:\Users\DELL LATITUDE 5420\OneDrive\Images\Screenshots\Capture d'écran 2026-05-06 223003.png"
2026-08-07 19:25:43 [WARNING] MENACE : None → Capture d'écran 2026-05-06 223003.png
2026-08-07 19:25:43 [ERROR]  Erreur scan YARA sur C:\Users\DELL LATITUDE 5420\OneDrive\Images\Screenshots\Capture d'écran 2026-05-06 233001.png : could not open file "C:\Users\DELL LATITUDE 5420\OneDrive\Images\Screenshots\Capture d'écran 2026-05-06 233001.png"
2026-08-07 19:25:43 [WARNING] MENACE : None → Capture d'écran 2026-05-06 233001.png
2026-08-07 19:25:43 [ERROR]  Erreur scan YARA sur C:\Users\DELL LATITUDE 5420\OneDrive\Images\Screenshots\Capture d'écran 2026-05-08 215058.png : could not open file "C:\Users\DELL LATITUDE 5420\OneDrive\Images\Screenshots\Capture d'écran 2026-05-08 215058.png"
2026-08-07 19:25:43 [WARNING] MENACE : None → Capture d'écran 2026-05-08 215058.png
2026-08-07 19:25:43 [ERROR]  Erreur scan YARA sur C:\Users\DELL LATITUDE 5420\OneDrive\Images\Screenshots\Capture d'écran 2026-05-09 160757.png : could not open file "C:\Users\DELL LATITUDE 5420\OneDrive\Images\Screenshots\Capture d'écran 2026-05-09 160757.png"
2026-08-07 19:25:43 [WARNING] MENACE : None → Capture d'écran 2026-05-09 160757.png
2026-08-07 19:25:43 [ERROR]  Erreur scan YARA sur C:\Users\DELL LATITUDE 5420\OneDrive\Images\Screenshots\Capture d'écran 2026-05-09 160810.png : could not open file "C:\Users\DELL LATITUDE 5420\OneDrive\Images\Screenshots\Capture d'écran 2026-05-09 160810.png"
2026-08-07 19:25:43 [WARNING] MENACE : None → Capture d'écran 2026-05-09 160810.png
2026-08-07 19:25:43 [ERROR]  Erreur scan YARA sur C:\Users\DELL LATITUDE 5420\OneDrive\Images\Screenshots\Capture d'écran 2026-05-09 160833.png : could not open file "C:\Users\DELL LATITUDE 5420\OneDrive\Images\Screenshots\Capture d'écran 2026-05-09 160833.png"
2026-08-07 19:25:43 [WARNING] MENACE : None → Capture d'écran 2026-05-09 160833.png
2026-08-07 19:25:43 [ERROR]  Erreur scan YARA sur C:\Users\DELL LATITUDE 5420\OneDrive\Images\Screenshots\Capture d'écran 2026-05-11 114847.png : could not open file "C:\Users\DELL LATITUDE 5420\OneDrive\Images\Screenshots\Capture d'écran 2026-05-11 114847.png"
2026-08-07 19:25:43 [WARNING] MENACE : None → Capture d'écran 2026-05-11 114847.png
2026-08-07 19:25:43 [ERROR]  Erreur scan YARA sur C:\Users\DELL LATITUDE 5420\OneDrive\Images\Screenshots\Capture d'écran 2026-05-11 114903.png : could not open file "C:\Users\DELL LATITUDE 5420\OneDrive\Images\Screenshots\Capture d'écran 2026-05-11 114903.png"
2026-08-07 19:25:43 [WARNING] MENACE : None → Capture d'écran 2026-05-11 114903.png
2026-08-07 19:25:43 [ERROR]  Erreur scan YARA sur C:\Users\DELL LATITUDE 5420\OneDrive\Images\Screenshots\Capture d'écran 2026-05-11 114917.png : could not open file "C:\Users\DELL LATITUDE 5420\OneDrive\Images\Screenshots\Capture d'écran 2026-05-11 114917.png"
2026-08-07 19:25:43 [WARNING] MENACE : None → Capture d'écran 2026-05-11 114917.png
2026-08-07 19:25:43 [ERROR]  Erreur scan YARA sur C:\Users\DELL LATITUDE 5420\OneDrive\Images\Screenshots\Capture d'écran 2026-05-11 114936.png : could not open file "C:\Users\DELL LATITUDE 5420\OneDrive\Images\Screenshots\Capture d'écran 2026-05-11 114936.png"
2026-08-07 19:25:43 [WARNING] MENACE : None → Capture d'écran 2026-05-11 114936.png
2026-08-07 19:25:43 [ERROR]  Erreur scan YARA sur C:\Users\DELL LATITUDE 5420\OneDrive\Images\Screenshots\Capture d'écran 2026-05-11 114948.png : could not open file "C:\Users\DELL LATITUDE 5420\OneDrive\Images\Screenshots\Capture d'écran 2026-05-11 114948.png"
2026-08-07 19:25:43 [WARNING] MENACE : None → Capture d'écran 2026-05-11 114948.png
2026-08-07 19:25:43 [ERROR]  Erreur scan YARA sur C:\Users\DELL LATITUDE 5420\OneDrive\Images\Screenshots\Capture d'écran 2026-05-11 162246.png : could not open file "C:\Users\DELL LATITUDE 5420\OneDrive\Images\Screenshots\Capture d'écran 2026-05-11 162246.png"
2026-08-07 19:25:43 [ERROR]  Erreur scan YARA sur C:\Users\DELL LATITUDE 5420\OneDrive\Images\Screenshots\Capture d'écran 2026-05-11 170238.png : could not open file "C:\Users\DELL LATITUDE 5420\OneDrive\Images\Screenshots\Capture d'écran 2026-05-11 170238.png"
2026-08-07 19:25:43 [WARNING] MENACE : None → Capture d'écran 2026-05-11 170238.png
2026-08-07 19:25:43 [ERROR]  Erreur scan YARA sur C:\Users\DELL LATITUDE 5420\OneDrive\Images\Screenshots\Capture d'écran 2026-05-11 171501.png : could not open file "C:\Users\DELL LATITUDE 5420\OneDrive\Images\Screenshots\Capture d'écran 2026-05-11 171501.png"
2026-08-07 19:25:43 [WARNING] MENACE : None → Capture d'écran 2026-05-11 171501.png
2026-08-07 19:25:43 [ERROR]  Erreur scan YARA sur C:\Users\DELL LATITUDE 5420\OneDrive\Images\Screenshots\Capture d'écran 2026-05-11 173034.png : could not open file "C:\Users\DELL LATITUDE 5420\OneDrive\Images\Screenshots\Capture d'écran 2026-05-11 173034.png"
2026-08-07 19:25:43 [WARNING] MENACE : None → Capture d'écran 2026-05-11 173034.png
2026-08-07 19:25:43 [ERROR]  Erreur scan YARA sur C:\Users\DELL LATITUDE 5420\OneDrive\Images\Screenshots\Capture d'écran 2026-05-12 135121.png : could not open file "C:\Users\DELL LATITUDE 5420\OneDrive\Images\Screenshots\Capture d'écran 2026-05-12 135121.png"
2026-08-07 19:25:43 [WARNING] MENACE : None → Capture d'écran 2026-05-12 135121.png
2026-08-07 19:25:43 [ERROR]  Erreur scan YARA sur C:\Users\DELL LATITUDE 5420\OneDrive\Images\Screenshots\Capture d'écran 2026-05-13 084045.png : could not open file "C:\Users\DELL LATITUDE 5420\OneDrive\Images\Screenshots\Capture d'écran 2026-05-13 084045.png"
2026-08-07 19:25:43 [WARNING] MENACE : None → Capture d'écran 2026-05-13 084045.png
2026-08-07 19:25:43 [ERROR]  Erreur scan YARA sur C:\Users\DELL LATITUDE 5420\OneDrive\Images\Screenshots\Capture d'écran 2026-05-13 092140.png : could not open file "C:\Users\DELL LATITUDE 5420\OneDrive\Images\Screenshots\Capture d'écran 2026-05-13 092140.png"
2026-08-07 19:25:43 [WARNING] MENACE : None → Capture d'écran 2026-05-13 092140.png
2026-08-07 19:25:43 [ERROR]  Erreur scan YARA sur C:\Users\DELL LATITUDE 5420\OneDrive\Images\Screenshots\Capture d'écran 2026-05-13 170716.png : could not open file "C:\Users\DELL LATITUDE 5420\OneDrive\Images\Screenshots\Capture d'écran 2026-05-13 170716.png"
2026-08-07 19:25:43 [WARNING] MENACE : None → Capture d'écran 2026-05-13 170716.png
2026-08-07 19:25:43 [ERROR]  Erreur scan YARA sur C:\Users\DELL LATITUDE 5420\OneDrive\Images\Screenshots\Capture d'écran 2026-05-13 192832.png : could not open file "C:\Users\DELL LATITUDE 5420\OneDrive\Images\Screenshots\Capture d'écran 2026-05-13 192832.png"
2026-08-07 19:25:43 [WARNING] MENACE : None → Capture d'écran 2026-05-13 192832.png
2026-08-07 19:25:43 [ERROR]  Erreur scan YARA sur C:\Users\DELL LATITUDE 5420\OneDrive\Images\Screenshots\Capture d'écran 2026-05-13 205059.png : could not open file "C:\Users\DELL LATITUDE 5420\OneDrive\Images\Screenshots\Capture d'écran 2026-05-13 205059.png"
2026-08-07 19:25:43 [WARNING] MENACE : None → Capture d'écran 2026-05-13 205059.png
2026-08-07 19:25:44 [ERROR]  Erreur scan YARA sur C:\Users\DELL LATITUDE 5420\OneDrive\Images\Screenshots\Capture d'écran 2026-05-13 212106.png : could not open file "C:\Users\DELL LATITUDE 5420\OneDrive\Images\Screenshots\Capture d'écran 2026-05-13 212106.png"
2026-08-07 19:25:44 [WARNING] MENACE : None → Capture d'écran 2026-05-13 212106.png
2026-08-07 19:25:44 [ERROR]  Erreur scan YARA sur C:\Users\DELL LATITUDE 5420\OneDrive\Images\Screenshots\Capture d'écran 2026-05-13 212137.png : could not open file "C:\Users\DELL LATITUDE 5420\OneDrive\Images\Screenshots\Capture d'écran 2026-05-13 212137.png"
2026-08-07 19:25:44 [WARNING] MENACE : None → Capture d'écran 2026-05-13 212137.png
2026-08-07 19:25:44 [ERROR]  Erreur scan YARA sur C:\Users\DELL LATITUDE 5420\OneDrive\Images\Screenshots\Capture d'écran 2026-05-13 212412.png : could not open file "C:\Users\DELL LATITUDE 5420\OneDrive\Images\Screenshots\Capture d'écran 2026-05-13 212412.png"
2026-08-07 19:25:44 [WARNING] MENACE : None → Capture d'écran 2026-05-13 212412.png
2026-08-07 19:25:45 [ERROR]  Erreur scan YARA sur C:\Users\DELL LATITUDE 5420\OneDrive\Images\Screenshots\Capture d'écran 2026-05-14 004904.png : could not open file "C:\Users\DELL LATITUDE 5420\OneDrive\Images\Screenshots\Capture d'écran 2026-05-14 004904.png"
2026-08-07 19:25:45 [WARNING] MENACE : None → Capture d'écran 2026-05-14 004904.png
2026-08-07 19:25:45 [ERROR]  Erreur scan YARA sur C:\Users\DELL LATITUDE 5420\OneDrive\Images\Screenshots\Capture d'écran 2026-05-14 004937.png : could not open file "C:\Users\DELL LATITUDE 5420\OneDrive\Images\Screenshots\Capture d'écran 2026-05-14 004937.png"
2026-08-07 19:25:45 [WARNING] MENACE : None → Capture d'écran 2026-05-14 004937.png
2026-08-07 19:25:45 [ERROR]  Erreur scan YARA sur C:\Users\DELL LATITUDE 5420\OneDrive\Images\Screenshots\Capture d'écran 2026-05-14 005148.png : could not open file "C:\Users\DELL LATITUDE 5420\OneDrive\Images\Screenshots\Capture d'écran 2026-05-14 005148.png"
2026-08-07 19:25:45 [WARNING] MENACE : None → Capture d'écran 2026-05-14 005148.png
2026-08-07 19:25:45 [ERROR]  Erreur scan YARA sur C:\Users\DELL LATITUDE 5420\OneDrive\Images\Screenshots\Capture d'écran 2026-05-14 030236.png : could not open file "C:\Users\DELL LATITUDE 5420\OneDrive\Images\Screenshots\Capture d'écran 2026-05-14 030236.png"
2026-08-07 19:25:45 [WARNING] MENACE : None → Capture d'écran 2026-05-14 030236.png
2026-08-07 19:25:45 [ERROR]  Erreur scan YARA sur C:\Users\DELL LATITUDE 5420\OneDrive\Images\Screenshots\Capture d'écran 2026-05-14 154509.png : could not open file "C:\Users\DELL LATITUDE 5420\OneDrive\Images\Screenshots\Capture d'écran 2026-05-14 154509.png"
2026-08-07 19:25:45 [WARNING] MENACE : None → Capture d'écran 2026-05-14 154509.png
2026-08-07 19:25:45 [ERROR]  Erreur scan YARA sur C:\Users\DELL LATITUDE 5420\OneDrive\Images\Screenshots\Capture d'écran 2026-05-14 231535.png : could not open file "C:\Users\DELL LATITUDE 5420\OneDrive\Images\Screenshots\Capture d'écran 2026-05-14 231535.png"
2026-08-07 19:25:45 [WARNING] MENACE : None → Capture d'écran 2026-05-14 231535.png
2026-08-07 19:25:45 [ERROR]  Erreur scan YARA sur C:\Users\DELL LATITUDE 5420\OneDrive\Images\Screenshots\Capture d'écran 2026-05-14 232325.png : could not open file "C:\Users\DELL LATITUDE 5420\OneDrive\Images\Screenshots\Capture d'écran 2026-05-14 232325.png"
2026-08-07 19:25:45 [WARNING] MENACE : None → Capture d'écran 2026-05-14 232325.png
2026-08-07 19:25:45 [ERROR]  Erreur scan YARA sur C:\Users\DELL LATITUDE 5420\OneDrive\Images\Screenshots\Capture d'écran 2026-05-14 232436.png : could not open file "C:\Users\DELL LATITUDE 5420\OneDrive\Images\Screenshots\Capture d'écran 2026-05-14 232436.png"
2026-08-07 19:25:45 [WARNING] MENACE : None → Capture d'écran 2026-05-14 232436.png
2026-08-07 19:25:45 [ERROR]  Erreur scan YARA sur C:\Users\DELL LATITUDE 5420\OneDrive\Images\Screenshots\Capture d'écran 2026-05-15 000313.png : could not open file "C:\Users\DELL LATITUDE 5420\OneDrive\Images\Screenshots\Capture d'écran 2026-05-15 000313.png"
2026-08-07 19:25:45 [WARNING] MENACE : None → Capture d'écran 2026-05-15 000313.png
2026-08-07 19:25:45 [ERROR]  Erreur scan YARA sur C:\Users\DELL LATITUDE 5420\OneDrive\Images\Screenshots\Capture d'écran 2026-05-15 150749.png : could not open file "C:\Users\DELL LATITUDE 5420\OneDrive\Images\Screenshots\Capture d'écran 2026-05-15 150749.png"
2026-08-07 19:25:45 [WARNING] MENACE : None → Capture d'écran 2026-05-15 150749.png
2026-08-07 19:25:45 [ERROR]  Erreur scan YARA sur C:\Users\DELL LATITUDE 5420\OneDrive\Images\Screenshots\Capture d'écran 2026-05-15 150823.png : could not open file "C:\Users\DELL LATITUDE 5420\OneDrive\Images\Screenshots\Capture d'écran 2026-05-15 150823.png"
2026-08-07 19:25:45 [WARNING] MENACE : None → Capture d'écran 2026-05-15 150823.png
2026-08-07 19:25:45 [ERROR]  Erreur scan YARA sur C:\Users\DELL LATITUDE 5420\OneDrive\Images\Screenshots\Capture d'écran 2026-05-15 150844.png : could not open file "C:\Users\DELL LATITUDE 5420\OneDrive\Images\Screenshots\Capture d'écran 2026-05-15 150844.png"
2026-08-07 19:25:45 [WARNING] MENACE : None → Capture d'écran 2026-05-15 150844.png
2026-08-07 19:25:45 [ERROR]  Erreur scan YARA sur C:\Users\DELL LATITUDE 5420\OneDrive\Images\Screenshots\Capture d'écran 2026-05-15 150905.png : could not open file "C:\Users\DELL LATITUDE 5420\OneDrive\Images\Screenshots\Capture d'écran 2026-05-15 150905.png"
2026-08-07 19:25:45 [WARNING] MENACE : None → Capture d'écran 2026-05-15 150905.png
2026-08-07 19:25:45 [ERROR]  Erreur scan YARA sur C:\Users\DELL LATITUDE 5420\OneDrive\Images\Screenshots\Capture d'écran 2026-05-15 150922.png : could not open file "C:\Users\DELL LATITUDE 5420\OneDrive\Images\Screenshots\Capture d'écran 2026-05-15 150922.png"
2026-08-07 19:25:45 [WARNING] MENACE : None → Capture d'écran 2026-05-15 150922.png
2026-08-07 19:25:45 [ERROR]  Erreur scan YARA sur C:\Users\DELL LATITUDE 5420\OneDrive\Images\Screenshots\Capture d'écran 2026-05-15 151618.png : could not open file "C:\Users\DELL LATITUDE 5420\OneDrive\Images\Screenshots\Capture d'écran 2026-05-15 151618.png"
2026-08-07 19:25:45 [WARNING] MENACE : None → Capture d'écran 2026-05-15 151618.png
2026-08-07 19:25:45 [ERROR]  Erreur scan YARA sur C:\Users\DELL LATITUDE 5420\OneDrive\Images\Screenshots\Capture d'écran 2026-05-15 151941.png : could not open file "C:\Users\DELL LATITUDE 5420\OneDrive\Images\Screenshots\Capture d'écran 2026-05-15 151941.png"
2026-08-07 19:25:45 [WARNING] MENACE : None → Capture d'écran 2026-05-15 151941.png
2026-08-07 19:25:45 [ERROR]  Erreur scan YARA sur C:\Users\DELL LATITUDE 5420\OneDrive\Images\Screenshots\Capture d'écran 2026-05-15 152844.png : could not open file "C:\Users\DELL LATITUDE 5420\OneDrive\Images\Screenshots\Capture d'écran 2026-05-15 152844.png"
2026-08-07 19:25:45 [WARNING] MENACE : None → Capture d'écran 2026-05-15 152844.png
2026-08-07 19:25:45 [ERROR]  Erreur scan YARA sur C:\Users\DELL LATITUDE 5420\OneDrive\Images\Screenshots\Capture d'écran 2026-05-15 152926.png : could not open file "C:\Users\DELL LATITUDE 5420\OneDrive\Images\Screenshots\Capture d'écran 2026-05-15 152926.png"
2026-08-07 19:25:45 [WARNING] MENACE : None → Capture d'écran 2026-05-15 152926.png
2026-08-07 19:25:46 [ERROR]  Erreur scan YARA sur C:\Users\DELL LATITUDE 5420\OneDrive\Images\Screenshots\Capture d'écran 2026-05-15 153307.png : could not open file "C:\Users\DELL LATITUDE 5420\OneDrive\Images\Screenshots\Capture d'écran 2026-05-15 153307.png"
2026-08-07 19:25:46 [WARNING] MENACE : None → Capture d'écran 2026-05-15 153307.png
2026-08-07 19:25:46 [ERROR]  Erreur scan YARA sur C:\Users\DELL LATITUDE 5420\OneDrive\Images\Screenshots\Capture d'écran 2026-05-15 153612.png : could not open file "C:\Users\DELL LATITUDE 5420\OneDrive\Images\Screenshots\Capture d'écran 2026-05-15 153612.png"
2026-08-07 19:25:46 [WARNING] MENACE : None → Capture d'écran 2026-05-15 153612.png
2026-08-07 19:25:46 [ERROR]  Erreur scan YARA sur C:\Users\DELL LATITUDE 5420\OneDrive\Images\Screenshots\Capture d'écran 2026-05-15 154830.png : could not open file "C:\Users\DELL LATITUDE 5420\OneDrive\Images\Screenshots\Capture d'écran 2026-05-15 154830.png"
2026-08-07 19:25:46 [WARNING] MENACE : None → Capture d'écran 2026-05-15 154830.png
2026-08-07 19:25:46 [ERROR]  Erreur scan YARA sur C:\Users\DELL LATITUDE 5420\OneDrive\Images\Screenshots\Capture d'écran 2026-05-15 161642.png : could not open file "C:\Users\DELL LATITUDE 5420\OneDrive\Images\Screenshots\Capture d'écran 2026-05-15 161642.png"
2026-08-07 19:25:46 [WARNING] MENACE : None → Capture d'écran 2026-05-15 161642.png
2026-08-07 19:25:46 [ERROR]  Erreur scan YARA sur C:\Users\DELL LATITUDE 5420\OneDrive\Images\Screenshots\Capture d'écran 2026-05-15 161701.png : could not open file "C:\Users\DELL LATITUDE 5420\OneDrive\Images\Screenshots\Capture d'écran 2026-05-15 161701.png"
2026-08-07 19:25:46 [WARNING] MENACE : None → Capture d'écran 2026-05-15 161701.png
2026-08-07 19:25:46 [ERROR]  Erreur scan YARA sur C:\Users\DELL LATITUDE 5420\OneDrive\Images\Screenshots\Capture d'écran 2026-05-15 161720.png : could not open file "C:\Users\DELL LATITUDE 5420\OneDrive\Images\Screenshots\Capture d'écran 2026-05-15 161720.png"
2026-08-07 19:25:46 [WARNING] MENACE : None → Capture d'écran 2026-05-15 161720.png
2026-08-07 19:25:46 [ERROR]  Erreur scan YARA sur C:\Users\DELL LATITUDE 5420\OneDrive\Images\Screenshots\Capture d'écran 2026-05-15 161733.png : could not open file "C:\Users\DELL LATITUDE 5420\OneDrive\Images\Screenshots\Capture d'écran 2026-05-15 161733.png"
2026-08-07 19:25:46 [WARNING] MENACE : None → Capture d'écran 2026-05-15 161733.png
2026-08-07 19:25:46 [ERROR]  Erreur scan YARA sur C:\Users\DELL LATITUDE 5420\OneDrive\Images\Screenshots\Capture d'écran 2026-05-15 161750.png : could not open file "C:\Users\DELL LATITUDE 5420\OneDrive\Images\Screenshots\Capture d'écran 2026-05-15 161750.png"
2026-08-07 19:25:46 [WARNING] MENACE : None → Capture d'écran 2026-05-15 161750.png
2026-08-07 19:25:47 [ERROR]  Erreur scan YARA sur C:\Users\DELL LATITUDE 5420\OneDrive\Images\Screenshots\Capture d'écran 2026-05-15 163115.png : could not open file "C:\Users\DELL LATITUDE 5420\OneDrive\Images\Screenshots\Capture d'écran 2026-05-15 163115.png"
2026-08-07 19:25:47 [WARNING] MENACE : None → Capture d'écran 2026-05-15 163115.png
2026-08-07 19:25:47 [ERROR]  Erreur scan YARA sur C:\Users\DELL LATITUDE 5420\OneDrive\Images\Screenshots\Capture d'écran 2026-05-15 165123.png : could not open file "C:\Users\DELL LATITUDE 5420\OneDrive\Images\Screenshots\Capture d'écran 2026-05-15 165123.png"
2026-08-07 19:25:47 [WARNING] MENACE : None → Capture d'écran 2026-05-15 165123.png
2026-08-07 19:25:48 [ERROR]  Erreur scan YARA sur C:\Users\DELL LATITUDE 5420\OneDrive\Images\Screenshots\Capture d'écran 2026-05-17 003231.png : could not open file "C:\Users\DELL LATITUDE 5420\OneDrive\Images\Screenshots\Capture d'écran 2026-05-17 003231.png"
2026-08-07 19:25:48 [WARNING] MENACE : None → Capture d'écran 2026-05-17 003231.png
2026-08-07 19:25:48 [ERROR]  Erreur scan YARA sur C:\Users\DELL LATITUDE 5420\OneDrive\Images\Screenshots\Capture d'écran 2026-05-17 003322.png : could not open file "C:\Users\DELL LATITUDE 5420\OneDrive\Images\Screenshots\Capture d'écran 2026-05-17 003322.png"
2026-08-07 19:25:48 [WARNING] MENACE : None → Capture d'écran 2026-05-17 003322.png
2026-08-07 19:25:48 [ERROR]  Erreur scan YARA sur C:\Users\DELL LATITUDE 5420\OneDrive\Images\Screenshots\Capture d'écran 2026-05-17 003606.png : could not open file "C:\Users\DELL LATITUDE 5420\OneDrive\Images\Screenshots\Capture d'écran 2026-05-17 003606.png"
2026-08-07 19:25:48 [WARNING] MENACE : None → Capture d'écran 2026-05-17 003606.png
2026-08-07 19:25:48 [ERROR]  Erreur scan YARA sur C:\Users\DELL LATITUDE 5420\OneDrive\Images\Screenshots\Capture d'écran 2026-05-17 003615.png : could not open file "C:\Users\DELL LATITUDE 5420\OneDrive\Images\Screenshots\Capture d'écran 2026-05-17 003615.png"
2026-08-07 19:25:48 [WARNING] MENACE : None → Capture d'écran 2026-05-17 003615.png
2026-08-07 19:25:48 [ERROR]  Erreur scan YARA sur C:\Users\DELL LATITUDE 5420\OneDrive\Images\Screenshots\Capture d'écran 2026-05-17 003733.png : could not open file "C:\Users\DELL LATITUDE 5420\OneDrive\Images\Screenshots\Capture d'écran 2026-05-17 003733.png"
2026-08-07 19:25:48 [WARNING] MENACE : None → Capture d'écran 2026-05-17 003733.png
2026-08-07 19:25:49 [ERROR]  Erreur scan YARA sur C:\Users\DELL LATITUDE 5420\OneDrive\Images\Screenshots\Capture d'écran 2026-05-17 003804.png : could not open file "C:\Users\DELL LATITUDE 5420\OneDrive\Images\Screenshots\Capture d'écran 2026-05-17 003804.png"
2026-08-07 19:25:49 [WARNING] MENACE : None → Capture d'écran 2026-05-17 003804.png
2026-08-07 19:25:49 [ERROR]  Erreur scan YARA sur C:\Users\DELL LATITUDE 5420\OneDrive\Images\Screenshots\Capture d'écran 2026-05-17 143935.png : could not open file "C:\Users\DELL LATITUDE 5420\OneDrive\Images\Screenshots\Capture d'écran 2026-05-17 143935.png"
2026-08-07 19:25:49 [WARNING] MENACE : None → Capture d'écran 2026-05-17 143935.png
2026-08-07 19:25:49 [ERROR]  Erreur scan YARA sur C:\Users\DELL LATITUDE 5420\OneDrive\Images\Screenshots\Capture d'écran 2026-05-17 225711.png : could not open file "C:\Users\DELL LATITUDE 5420\OneDrive\Images\Screenshots\Capture d'écran 2026-05-17 225711.png"
2026-08-07 19:25:49 [WARNING] MENACE : None → Capture d'écran 2026-05-17 225711.png
2026-08-07 19:25:49 [ERROR]  Erreur scan YARA sur C:\Users\DELL LATITUDE 5420\OneDrive\Images\Screenshots\Capture d'écran 2026-05-17 230601.png : could not open file "C:\Users\DELL LATITUDE 5420\OneDrive\Images\Screenshots\Capture d'écran 2026-05-17 230601.png"
2026-08-07 19:25:49 [WARNING] MENACE : None → Capture d'écran 2026-05-17 230601.png
2026-08-07 19:25:49 [ERROR]  Erreur scan YARA sur C:\Users\DELL LATITUDE 5420\OneDrive\Images\Screenshots\Capture d'écran 2026-05-17 230611.png : could not open file "C:\Users\DELL LATITUDE 5420\OneDrive\Images\Screenshots\Capture d'écran 2026-05-17 230611.png"
2026-08-07 19:25:49 [WARNING] MENACE : None → Capture d'écran 2026-05-17 230611.png
2026-08-07 19:25:49 [ERROR]  Erreur scan YARA sur C:\Users\DELL LATITUDE 5420\OneDrive\Images\Screenshots\Capture d'écran 2026-05-17 233117.png : could not open file "C:\Users\DELL LATITUDE 5420\OneDrive\Images\Screenshots\Capture d'écran 2026-05-17 233117.png"
2026-08-07 19:25:49 [WARNING] MENACE : None → Capture d'écran 2026-05-17 233117.png
2026-08-07 19:25:49 [ERROR]  Erreur scan YARA sur C:\Users\DELL LATITUDE 5420\OneDrive\Images\Screenshots\Capture d'écran 2026-05-17 233618.png : could not open file "C:\Users\DELL LATITUDE 5420\OneDrive\Images\Screenshots\Capture d'écran 2026-05-17 233618.png"
2026-08-07 19:25:49 [WARNING] MENACE : None → Capture d'écran 2026-05-17 233618.png
2026-08-07 19:25:49 [ERROR]  Erreur scan YARA sur C:\Users\DELL LATITUDE 5420\OneDrive\Images\Screenshots\Capture d'écran 2026-05-17 233749.png : could not open file "C:\Users\DELL LATITUDE 5420\OneDrive\Images\Screenshots\Capture d'écran 2026-05-17 233749.png"
2026-08-07 19:25:49 [WARNING] MENACE : None → Capture d'écran 2026-05-17 233749.png
2026-08-07 19:25:49 [ERROR]  Erreur scan YARA sur C:\Users\DELL LATITUDE 5420\OneDrive\Images\Screenshots\Capture d'écran 2026-05-18 203327.png : could not open file "C:\Users\DELL LATITUDE 5420\OneDrive\Images\Screenshots\Capture d'écran 2026-05-18 203327.png"
2026-08-07 19:25:49 [WARNING] MENACE : None → Capture d'écran 2026-05-18 203327.png
2026-08-07 19:25:49 [ERROR]  Erreur scan YARA sur C:\Users\DELL LATITUDE 5420\OneDrive\Images\Screenshots\Capture d'écran 2026-05-18 213111.png : could not open file "C:\Users\DELL LATITUDE 5420\OneDrive\Images\Screenshots\Capture d'écran 2026-05-18 213111.png"
2026-08-07 19:25:49 [WARNING] MENACE : None → Capture d'écran 2026-05-18 213111.png
2026-08-07 19:25:49 [ERROR]  Erreur scan YARA sur C:\Users\DELL LATITUDE 5420\OneDrive\Images\Screenshots\Capture d'écran 2026-05-18 213618.png : could not open file "C:\Users\DELL LATITUDE 5420\OneDrive\Images\Screenshots\Capture d'écran 2026-05-18 213618.png"
2026-08-07 19:25:49 [WARNING] MENACE : None → Capture d'écran 2026-05-18 213618.png
2026-08-07 19:25:49 [ERROR]  Erreur scan YARA sur C:\Users\DELL LATITUDE 5420\OneDrive\Images\Screenshots\Capture d'écran 2026-05-18 213638.png : could not open file "C:\Users\DELL LATITUDE 5420\OneDrive\Images\Screenshots\Capture d'écran 2026-05-18 213638.png"
2026-08-07 19:25:49 [WARNING] MENACE : None → Capture d'écran 2026-05-18 213638.png
2026-08-07 19:25:49 [ERROR]  Erreur scan YARA sur C:\Users\DELL LATITUDE 5420\OneDrive\Images\Screenshots\Capture d'écran 2026-05-18 224206.png : could not open file "C:\Users\DELL LATITUDE 5420\OneDrive\Images\Screenshots\Capture d'écran 2026-05-18 224206.png"
2026-08-07 19:25:49 [WARNING] MENACE : None → Capture d'écran 2026-05-18 224206.png
2026-08-07 19:25:49 [ERROR]  Erreur scan YARA sur C:\Users\DELL LATITUDE 5420\OneDrive\Images\Screenshots\Capture d'écran 2026-05-21 130947.png : could not open file "C:\Users\DELL LATITUDE 5420\OneDrive\Images\Screenshots\Capture d'écran 2026-05-21 130947.png"
2026-08-07 19:25:49 [WARNING] MENACE : None → Capture d'écran 2026-05-21 130947.png
2026-08-07 19:25:49 [ERROR]  Erreur scan YARA sur C:\Users\DELL LATITUDE 5420\OneDrive\Images\Screenshots\Capture d'écran 2026-05-21 152105.png : could not open file "C:\Users\DELL LATITUDE 5420\OneDrive\Images\Screenshots\Capture d'écran 2026-05-21 152105.png"
2026-08-07 19:25:49 [WARNING] MENACE : None → Capture d'écran 2026-05-21 152105.png
2026-08-07 19:25:49 [ERROR]  Erreur scan YARA sur C:\Users\DELL LATITUDE 5420\OneDrive\Images\Screenshots\Capture d'écran 2026-05-21 162524.png : could not open file "C:\Users\DELL LATITUDE 5420\OneDrive\Images\Screenshots\Capture d'écran 2026-05-21 162524.png"
2026-08-07 19:25:49 [WARNING] MENACE : None → Capture d'écran 2026-05-21 162524.png
2026-08-07 19:25:49 [ERROR]  Erreur scan YARA sur C:\Users\DELL LATITUDE 5420\OneDrive\Images\Screenshots\Capture d'écran 2026-05-21 214005.png : could not open file "C:\Users\DELL LATITUDE 5420\OneDrive\Images\Screenshots\Capture d'écran 2026-05-21 214005.png"
2026-08-07 19:25:49 [WARNING] MENACE : None → Capture d'écran 2026-05-21 214005.png
2026-08-07 19:25:49 [ERROR]  Erreur scan YARA sur C:\Users\DELL LATITUDE 5420\OneDrive\Images\Screenshots\Capture d'écran 2026-05-22 232725.png : could not open file "C:\Users\DELL LATITUDE 5420\OneDrive\Images\Screenshots\Capture d'écran 2026-05-22 232725.png"
2026-08-07 19:25:49 [WARNING] MENACE : None → Capture d'écran 2026-05-22 232725.png
2026-08-07 19:25:50 [ERROR]  Erreur scan YARA sur C:\Users\DELL LATITUDE 5420\OneDrive\Images\Screenshots\Capture d'écran 2026-05-22 233310.png : could not open file "C:\Users\DELL LATITUDE 5420\OneDrive\Images\Screenshots\Capture d'écran 2026-05-22 233310.png"
2026-08-07 19:25:50 [WARNING] MENACE : None → Capture d'écran 2026-05-22 233310.png
2026-08-07 19:25:50 [ERROR]  Erreur scan YARA sur C:\Users\DELL LATITUDE 5420\OneDrive\Images\Screenshots\Capture d'écran 2026-05-23 002401.png : could not open file "C:\Users\DELL LATITUDE 5420\OneDrive\Images\Screenshots\Capture d'écran 2026-05-23 002401.png"
2026-08-07 19:25:50 [WARNING] MENACE : None → Capture d'écran 2026-05-23 002401.png
2026-08-07 19:25:50 [ERROR]  Erreur scan YARA sur C:\Users\DELL LATITUDE 5420\OneDrive\Images\Screenshots\Capture d'écran 2026-05-23 002839.png : could not open file "C:\Users\DELL LATITUDE 5420\OneDrive\Images\Screenshots\Capture d'écran 2026-05-23 002839.png"
2026-08-07 19:25:50 [WARNING] MENACE : None → Capture d'écran 2026-05-23 002839.png
2026-08-07 19:25:50 [ERROR]  Erreur scan YARA sur C:\Users\DELL LATITUDE 5420\OneDrive\Images\Screenshots\Capture d'écran 2026-05-23 202917.png : could not open file "C:\Users\DELL LATITUDE 5420\OneDrive\Images\Screenshots\Capture d'écran 2026-05-23 202917.png"
2026-08-07 19:25:50 [WARNING] MENACE : None → Capture d'écran 2026-05-23 202917.png
2026-08-07 19:25:50 [ERROR]  Erreur scan YARA sur C:\Users\DELL LATITUDE 5420\OneDrive\Images\Screenshots\Capture d'écran 2026-05-24 005948.png : could not open file "C:\Users\DELL LATITUDE 5420\OneDrive\Images\Screenshots\Capture d'écran 2026-05-24 005948.png"
2026-08-07 19:25:50 [WARNING] MENACE : None → Capture d'écran 2026-05-24 005948.png
2026-08-07 19:25:50 [ERROR]  Erreur scan YARA sur C:\Users\DELL LATITUDE 5420\OneDrive\Images\Screenshots\Capture d'écran 2026-05-24 014824.png : could not open file "C:\Users\DELL LATITUDE 5420\OneDrive\Images\Screenshots\Capture d'écran 2026-05-24 014824.png"
2026-08-07 19:25:50 [WARNING] MENACE : None → Capture d'écran 2026-05-24 014824.png
2026-08-07 19:25:50 [ERROR]  Erreur scan YARA sur C:\Users\DELL LATITUDE 5420\OneDrive\Images\Screenshots\Capture d'écran 2026-05-24 222611.png : could not open file "C:\Users\DELL LATITUDE 5420\OneDrive\Images\Screenshots\Capture d'écran 2026-05-24 222611.png"
2026-08-07 19:25:50 [WARNING] MENACE : None → Capture d'écran 2026-05-24 222611.png
2026-08-07 19:25:50 [ERROR]  Erreur scan YARA sur C:\Users\DELL LATITUDE 5420\OneDrive\Images\Screenshots\Capture d'écran 2026-05-24 222736.png : could not open file "C:\Users\DELL LATITUDE 5420\OneDrive\Images\Screenshots\Capture d'écran 2026-05-24 222736.png"
2026-08-07 19:25:50 [WARNING] MENACE : None → Capture d'écran 2026-05-24 222736.png
2026-08-07 19:25:50 [ERROR]  Erreur scan YARA sur C:\Users\DELL LATITUDE 5420\OneDrive\Images\Screenshots\Capture d'écran 2026-05-24 222746.png : could not open file "C:\Users\DELL LATITUDE 5420\OneDrive\Images\Screenshots\Capture d'écran 2026-05-24 222746.png"
2026-08-07 19:25:50 [WARNING] MENACE : None → Capture d'écran 2026-05-24 222746.png
2026-08-07 19:25:50 [ERROR]  Erreur scan YARA sur C:\Users\DELL LATITUDE 5420\OneDrive\Images\Screenshots\Capture d'écran 2026-05-24 222801.png : could not open file "C:\Users\DELL LATITUDE 5420\OneDrive\Images\Screenshots\Capture d'écran 2026-05-24 222801.png"
2026-08-07 19:25:50 [WARNING] MENACE : None → Capture d'écran 2026-05-24 222801.png
2026-08-07 19:25:51 [ERROR]  Erreur scan YARA sur C:\Users\DELL LATITUDE 5420\OneDrive\Images\Screenshots\Capture d'écran 2026-05-24 223256.png : could not open file "C:\Users\DELL LATITUDE 5420\OneDrive\Images\Screenshots\Capture d'écran 2026-05-24 223256.png"
2026-08-07 19:25:51 [WARNING] MENACE : None → Capture d'écran 2026-05-24 223256.png
2026-08-07 19:25:51 [ERROR]  Erreur scan YARA sur C:\Users\DELL LATITUDE 5420\OneDrive\Images\Screenshots\Capture d'écran 2026-05-24 223344.png : could not open file "C:\Users\DELL LATITUDE 5420\OneDrive\Images\Screenshots\Capture d'écran 2026-05-24 223344.png"
2026-08-07 19:25:51 [WARNING] MENACE : None → Capture d'écran 2026-05-24 223344.png
2026-08-07 19:25:51 [ERROR]  Erreur scan YARA sur C:\Users\DELL LATITUDE 5420\OneDrive\Images\Screenshots\Capture d'écran 2026-05-24 223426.png : could not open file "C:\Users\DELL LATITUDE 5420\OneDrive\Images\Screenshots\Capture d'écran 2026-05-24 223426.png"
2026-08-07 19:25:51 [WARNING] MENACE : None → Capture d'écran 2026-05-24 223426.png
2026-08-07 19:25:51 [ERROR]  Erreur scan YARA sur C:\Users\DELL LATITUDE 5420\OneDrive\Images\Screenshots\Capture d'écran 2026-05-24 223640.png : could not open file "C:\Users\DELL LATITUDE 5420\OneDrive\Images\Screenshots\Capture d'écran 2026-05-24 223640.png"
2026-08-07 19:25:51 [WARNING] MENACE : None → Capture d'écran 2026-05-24 223640.png
2026-08-07 19:25:51 [ERROR]  Erreur scan YARA sur C:\Users\DELL LATITUDE 5420\OneDrive\Images\Screenshots\Capture d'écran 2026-05-24 223929.png : could not open file "C:\Users\DELL LATITUDE 5420\OneDrive\Images\Screenshots\Capture d'écran 2026-05-24 223929.png"
2026-08-07 19:25:51 [WARNING] MENACE : None → Capture d'écran 2026-05-24 223929.png
2026-08-07 19:25:51 [ERROR]  Erreur scan YARA sur C:\Users\DELL LATITUDE 5420\OneDrive\Images\Screenshots\Capture d'écran 2026-05-24 231805.png : could not open file "C:\Users\DELL LATITUDE 5420\OneDrive\Images\Screenshots\Capture d'écran 2026-05-24 231805.png"
2026-08-07 19:25:51 [WARNING] MENACE : None → Capture d'écran 2026-05-24 231805.png
2026-08-07 19:25:52 [ERROR]  Erreur scan YARA sur C:\Users\DELL LATITUDE 5420\OneDrive\Images\Screenshots\Capture d'écran 2026-05-24 232002.png : could not open file "C:\Users\DELL LATITUDE 5420\OneDrive\Images\Screenshots\Capture d'écran 2026-05-24 232002.png"
2026-08-07 19:25:52 [WARNING] MENACE : None → Capture d'écran 2026-05-24 232002.png
2026-08-07 19:25:52 [ERROR]  Erreur scan YARA sur C:\Users\DELL LATITUDE 5420\OneDrive\Images\Screenshots\Capture d'écran 2026-05-24 232433.png : could not open file "C:\Users\DELL LATITUDE 5420\OneDrive\Images\Screenshots\Capture d'écran 2026-05-24 232433.png"
2026-08-07 19:25:52 [WARNING] MENACE : None → Capture d'écran 2026-05-24 232433.png
2026-08-07 19:25:52 [ERROR]  Erreur scan YARA sur C:\Users\DELL LATITUDE 5420\OneDrive\Images\Screenshots\Capture d'écran 2026-05-24 232528.png : could not open file "C:\Users\DELL LATITUDE 5420\OneDrive\Images\Screenshots\Capture d'écran 2026-05-24 232528.png"
2026-08-07 19:25:52 [WARNING] MENACE : None → Capture d'écran 2026-05-24 232528.png
2026-08-07 19:25:52 [ERROR]  Erreur scan YARA sur C:\Users\DELL LATITUDE 5420\OneDrive\Images\Screenshots\Capture d'écran 2026-05-24 232547.png : could not open file "C:\Users\DELL LATITUDE 5420\OneDrive\Images\Screenshots\Capture d'écran 2026-05-24 232547.png"
2026-08-07 19:25:52 [WARNING] MENACE : None → Capture d'écran 2026-05-24 232547.png
2026-08-07 19:25:52 [ERROR]  Erreur scan YARA sur C:\Users\DELL LATITUDE 5420\OneDrive\Images\Screenshots\Capture d'écran 2026-05-25 003830.png : could not open file "C:\Users\DELL LATITUDE 5420\OneDrive\Images\Screenshots\Capture d'écran 2026-05-25 003830.png"
2026-08-07 19:25:52 [WARNING] MENACE : None → Capture d'écran 2026-05-25 003830.png
2026-08-07 19:25:52 [ERROR]  Erreur scan YARA sur C:\Users\DELL LATITUDE 5420\OneDrive\Images\Screenshots\Capture d'écran 2026-05-25 021701.png : could not open file "C:\Users\DELL LATITUDE 5420\OneDrive\Images\Screenshots\Capture d'écran 2026-05-25 021701.png"
2026-08-07 19:25:52 [WARNING] MENACE : None → Capture d'écran 2026-05-25 021701.png
2026-08-07 19:25:52 [ERROR]  Erreur scan YARA sur C:\Users\DELL LATITUDE 5420\OneDrive\Images\Screenshots\Capture d'écran 2026-05-25 042404.png : could not open file "C:\Users\DELL LATITUDE 5420\OneDrive\Images\Screenshots\Capture d'écran 2026-05-25 042404.png"
2026-08-07 19:25:52 [WARNING] MENACE : None → Capture d'écran 2026-05-25 042404.png
2026-08-07 19:25:52 [ERROR]  Erreur scan YARA sur C:\Users\DELL LATITUDE 5420\OneDrive\Images\Screenshots\Capture d'écran 2026-05-25 042453.png : could not open file "C:\Users\DELL LATITUDE 5420\OneDrive\Images\Screenshots\Capture d'écran 2026-05-25 042453.png"
2026-08-07 19:25:52 [WARNING] MENACE : None → Capture d'écran 2026-05-25 042453.png
2026-08-07 19:25:53 [ERROR]  Erreur scan YARA sur C:\Users\DELL LATITUDE 5420\OneDrive\Images\Screenshots\Capture d'écran 2026-05-25 235259.png : could not open file "C:\Users\DELL LATITUDE 5420\OneDrive\Images\Screenshots\Capture d'écran 2026-05-25 235259.png"
2026-08-07 19:25:53 [WARNING] MENACE : None → Capture d'écran 2026-05-25 235259.png
2026-08-07 19:25:53 [ERROR]  Erreur scan YARA sur C:\Users\DELL LATITUDE 5420\OneDrive\Images\Screenshots\Capture d'écran 2026-05-25 235317.png : could not open file "C:\Users\DELL LATITUDE 5420\OneDrive\Images\Screenshots\Capture d'écran 2026-05-25 235317.png"
2026-08-07 19:25:53 [WARNING] MENACE : None → Capture d'écran 2026-05-25 235317.png
2026-08-07 19:25:53 [ERROR]  Erreur scan YARA sur C:\Users\DELL LATITUDE 5420\OneDrive\Images\Screenshots\Capture d'écran 2026-05-26 121242.png : could not open file "C:\Users\DELL LATITUDE 5420\OneDrive\Images\Screenshots\Capture d'écran 2026-05-26 121242.png"
2026-08-07 19:25:53 [WARNING] MENACE : None → Capture d'écran 2026-05-26 121242.png
2026-08-07 19:25:53 [ERROR]  Erreur scan YARA sur C:\Users\DELL LATITUDE 5420\OneDrive\Images\Screenshots\Capture d'écran 2026-05-26 122103.png : could not open file "C:\Users\DELL LATITUDE 5420\OneDrive\Images\Screenshots\Capture d'écran 2026-05-26 122103.png"
2026-08-07 19:25:53 [WARNING] MENACE : None → Capture d'écran 2026-05-26 122103.png
2026-08-07 19:25:53 [ERROR]  Erreur scan YARA sur C:\Users\DELL LATITUDE 5420\OneDrive\Images\Screenshots\Capture d'écran 2026-05-26 132349.png : could not open file "C:\Users\DELL LATITUDE 5420\OneDrive\Images\Screenshots\Capture d'écran 2026-05-26 132349.png"
2026-08-07 19:25:53 [WARNING] MENACE : None → Capture d'écran 2026-05-26 132349.png
2026-08-07 19:25:53 [ERROR]  Erreur scan YARA sur C:\Users\DELL LATITUDE 5420\OneDrive\Images\Screenshots\Capture d'écran 2026-05-26 132435.png : could not open file "C:\Users\DELL LATITUDE 5420\OneDrive\Images\Screenshots\Capture d'écran 2026-05-26 132435.png"
2026-08-07 19:25:53 [WARNING] MENACE : None → Capture d'écran 2026-05-26 132435.png
2026-08-07 19:25:53 [ERROR]  Erreur scan YARA sur C:\Users\DELL LATITUDE 5420\OneDrive\Images\Screenshots\Capture d'écran 2026-05-26 132553.png : could not open file "C:\Users\DELL LATITUDE 5420\OneDrive\Images\Screenshots\Capture d'écran 2026-05-26 132553.png"
2026-08-07 19:25:53 [WARNING] MENACE : None → Capture d'écran 2026-05-26 132553.png
2026-08-07 19:25:53 [ERROR]  Erreur scan YARA sur C:\Users\DELL LATITUDE 5420\OneDrive\Images\Screenshots\Capture d'écran 2026-05-26 183941.png : could not open file "C:\Users\DELL LATITUDE 5420\OneDrive\Images\Screenshots\Capture d'écran 2026-05-26 183941.png"
2026-08-07 19:25:53 [WARNING] MENACE : None → Capture d'écran 2026-05-26 183941.png
2026-08-07 19:25:53 [ERROR]  Erreur scan YARA sur C:\Users\DELL LATITUDE 5420\OneDrive\Images\Screenshots\Capture d'écran 2026-05-26 194221.png : could not open file "C:\Users\DELL LATITUDE 5420\OneDrive\Images\Screenshots\Capture d'écran 2026-05-26 194221.png"
2026-08-07 19:25:53 [WARNING] MENACE : None → Capture d'écran 2026-05-26 194221.png
2026-08-07 19:25:53 [ERROR]  Erreur scan YARA sur C:\Users\DELL LATITUDE 5420\OneDrive\Images\Screenshots\Capture d'écran 2026-05-26 194246.png : could not open file "C:\Users\DELL LATITUDE 5420\OneDrive\Images\Screenshots\Capture d'écran 2026-05-26 194246.png"
2026-08-07 19:25:53 [WARNING] MENACE : None → Capture d'écran 2026-05-26 194246.png
2026-08-07 19:25:53 [ERROR]  Erreur scan YARA sur C:\Users\DELL LATITUDE 5420\OneDrive\Images\Screenshots\Capture d'écran 2026-05-26 194301.png : could not open file "C:\Users\DELL LATITUDE 5420\OneDrive\Images\Screenshots\Capture d'écran 2026-05-26 194301.png"
2026-08-07 19:25:53 [WARNING] MENACE : None → Capture d'écran 2026-05-26 194301.png
2026-08-07 19:25:53 [ERROR]  Erreur scan YARA sur C:\Users\DELL LATITUDE 5420\OneDrive\Images\Screenshots\Capture d'écran 2026-05-26 194320.png : could not open file "C:\Users\DELL LATITUDE 5420\OneDrive\Images\Screenshots\Capture d'écran 2026-05-26 194320.png"
2026-08-07 19:25:53 [WARNING] MENACE : None → Capture d'écran 2026-05-26 194320.png
2026-08-07 19:25:53 [ERROR]  Erreur scan YARA sur C:\Users\DELL LATITUDE 5420\OneDrive\Images\Screenshots\Capture d'écran 2026-05-26 194336.png : could not open file "C:\Users\DELL LATITUDE 5420\OneDrive\Images\Screenshots\Capture d'écran 2026-05-26 194336.png"
2026-08-07 19:25:53 [WARNING] MENACE : None → Capture d'écran 2026-05-26 194336.png
2026-08-07 19:25:53 [ERROR]  Erreur scan YARA sur C:\Users\DELL LATITUDE 5420\OneDrive\Images\Screenshots\Capture d'écran 2026-05-26 194348.png : could not open file "C:\Users\DELL LATITUDE 5420\OneDrive\Images\Screenshots\Capture d'écran 2026-05-26 194348.png"
2026-08-07 19:25:53 [WARNING] MENACE : None → Capture d'écran 2026-05-26 194348.png
2026-08-07 19:25:53 [ERROR]  Erreur scan YARA sur C:\Users\DELL LATITUDE 5420\OneDrive\Images\Screenshots\Capture d'écran 2026-05-26 203542.png : could not open file "C:\Users\DELL LATITUDE 5420\OneDrive\Images\Screenshots\Capture d'écran 2026-05-26 203542.png"
2026-08-07 19:25:53 [WARNING] MENACE : None → Capture d'écran 2026-05-26 203542.png
2026-08-07 19:25:53 [ERROR]  Erreur scan YARA sur C:\Users\DELL LATITUDE 5420\OneDrive\Images\Screenshots\Capture d'écran 2026-05-26 213231.png : could not open file "C:\Users\DELL LATITUDE 5420\OneDrive\Images\Screenshots\Capture d'écran 2026-05-26 213231.png"
2026-08-07 19:25:53 [WARNING] MENACE : None → Capture d'écran 2026-05-26 213231.png
2026-08-07 19:25:53 [ERROR]  Erreur scan YARA sur C:\Users\DELL LATITUDE 5420\OneDrive\Images\Screenshots\Capture d'écran 2026-05-26 213314.png : could not open file "C:\Users\DELL LATITUDE 5420\OneDrive\Images\Screenshots\Capture d'écran 2026-05-26 213314.png"
2026-08-07 19:25:53 [WARNING] MENACE : None → Capture d'écran 2026-05-26 213314.png
2026-08-07 19:25:53 [ERROR]  Erreur scan YARA sur C:\Users\DELL LATITUDE 5420\OneDrive\Images\Screenshots\Capture d'écran 2026-05-26 214414.png : could not open file "C:\Users\DELL LATITUDE 5420\OneDrive\Images\Screenshots\Capture d'écran 2026-05-26 214414.png"
2026-08-07 19:25:53 [WARNING] MENACE : None → Capture d'écran 2026-05-26 214414.png
2026-08-07 19:25:53 [ERROR]  Erreur scan YARA sur C:\Users\DELL LATITUDE 5420\OneDrive\Images\Screenshots\Capture d'écran 2026-05-28 174450.png : could not open file "C:\Users\DELL LATITUDE 5420\OneDrive\Images\Screenshots\Capture d'écran 2026-05-28 174450.png"
2026-08-07 19:25:53 [WARNING] MENACE : None → Capture d'écran 2026-05-28 174450.png
2026-08-07 19:25:53 [ERROR]  Erreur scan YARA sur C:\Users\DELL LATITUDE 5420\OneDrive\Images\Screenshots\Capture d'écran 2026-05-28 185759.png : could not open file "C:\Users\DELL LATITUDE 5420\OneDrive\Images\Screenshots\Capture d'écran 2026-05-28 185759.png"
2026-08-07 19:25:53 [WARNING] MENACE : None → Capture d'écran 2026-05-28 185759.png
2026-08-07 19:25:53 [ERROR]  Erreur scan YARA sur C:\Users\DELL LATITUDE 5420\OneDrive\Images\Screenshots\Capture d'écran 2026-05-29 143903.png : could not open file "C:\Users\DELL LATITUDE 5420\OneDrive\Images\Screenshots\Capture d'écran 2026-05-29 143903.png"
2026-08-07 19:25:53 [WARNING] MENACE : None → Capture d'écran 2026-05-29 143903.png
2026-08-07 19:25:53 [ERROR]  Erreur scan YARA sur C:\Users\DELL LATITUDE 5420\OneDrive\Images\Screenshots\Capture d'écran 2026-05-29 144125.png : could not open file "C:\Users\DELL LATITUDE 5420\OneDrive\Images\Screenshots\Capture d'écran 2026-05-29 144125.png"
2026-08-07 19:25:53 [WARNING] MENACE : None → Capture d'écran 2026-05-29 144125.png
2026-08-07 19:25:53 [ERROR]  Erreur scan YARA sur C:\Users\DELL LATITUDE 5420\OneDrive\Images\Screenshots\Capture d'écran 2026-05-29 145514.png : could not open file "C:\Users\DELL LATITUDE 5420\OneDrive\Images\Screenshots\Capture d'écran 2026-05-29 145514.png"
2026-08-07 19:25:53 [WARNING] MENACE : None → Capture d'écran 2026-05-29 145514.png
2026-08-07 19:25:53 [ERROR]  Erreur scan YARA sur C:\Users\DELL LATITUDE 5420\OneDrive\Images\Screenshots\Capture d'écran 2026-05-29 202237.png : could not open file "C:\Users\DELL LATITUDE 5420\OneDrive\Images\Screenshots\Capture d'écran 2026-05-29 202237.png"
2026-08-07 19:25:53 [WARNING] MENACE : None → Capture d'écran 2026-05-29 202237.png
2026-08-07 19:25:53 [ERROR]  Erreur scan YARA sur C:\Users\DELL LATITUDE 5420\OneDrive\Images\Screenshots\Capture d'écran 2026-05-29 202346.png : could not open file "C:\Users\DELL LATITUDE 5420\OneDrive\Images\Screenshots\Capture d'écran 2026-05-29 202346.png"
2026-08-07 19:25:53 [WARNING] MENACE : None → Capture d'écran 2026-05-29 202346.png
2026-08-07 19:25:53 [ERROR]  Erreur scan YARA sur C:\Users\DELL LATITUDE 5420\OneDrive\Images\Screenshots\Capture d'écran 2026-05-29 202538.png : could not open file "C:\Users\DELL LATITUDE 5420\OneDrive\Images\Screenshots\Capture d'écran 2026-05-29 202538.png"
2026-08-07 19:25:53 [WARNING] MENACE : None → Capture d'écran 2026-05-29 202538.png
2026-08-07 19:25:53 [ERROR]  Erreur scan YARA sur C:\Users\DELL LATITUDE 5420\OneDrive\Images\Screenshots\Capture d'écran 2026-05-29 205624.png : could not open file "C:\Users\DELL LATITUDE 5420\OneDrive\Images\Screenshots\Capture d'écran 2026-05-29 205624.png"
2026-08-07 19:25:53 [WARNING] MENACE : None → Capture d'écran 2026-05-29 205624.png
2026-08-07 19:25:53 [ERROR]  Erreur scan YARA sur C:\Users\DELL LATITUDE 5420\OneDrive\Images\Screenshots\Capture d'écran 2026-05-29 211246.png : could not open file "C:\Users\DELL LATITUDE 5420\OneDrive\Images\Screenshots\Capture d'écran 2026-05-29 211246.png"
2026-08-07 19:25:53 [WARNING] MENACE : None → Capture d'écran 2026-05-29 211246.png
2026-08-07 19:25:53 [ERROR]  Erreur scan YARA sur C:\Users\DELL LATITUDE 5420\OneDrive\Images\Screenshots\Capture d'écran 2026-05-29 211606.png : could not open file "C:\Users\DELL LATITUDE 5420\OneDrive\Images\Screenshots\Capture d'écran 2026-05-29 211606.png"
2026-08-07 19:25:53 [WARNING] MENACE : None → Capture d'écran 2026-05-29 211606.png
2026-08-07 19:25:53 [ERROR]  Erreur scan YARA sur C:\Users\DELL LATITUDE 5420\OneDrive\Images\Screenshots\Capture d'écran 2026-05-29 225005.png : could not open file "C:\Users\DELL LATITUDE 5420\OneDrive\Images\Screenshots\Capture d'écran 2026-05-29 225005.png"
2026-08-07 19:25:53 [WARNING] MENACE : None → Capture d'écran 2026-05-29 225005.png
2026-08-07 19:25:54 [ERROR]  Erreur scan YARA sur C:\Users\DELL LATITUDE 5420\OneDrive\Images\Screenshots\Capture d'écran 2026-05-29 231232.png : could not open file "C:\Users\DELL LATITUDE 5420\OneDrive\Images\Screenshots\Capture d'écran 2026-05-29 231232.png"
2026-08-07 19:25:54 [WARNING] MENACE : None → Capture d'écran 2026-05-29 231232.png
2026-08-07 19:25:54 [ERROR]  Erreur scan YARA sur C:\Users\DELL LATITUDE 5420\OneDrive\Images\Screenshots\Capture d'écran 2026-05-29 232434.png : could not open file "C:\Users\DELL LATITUDE 5420\OneDrive\Images\Screenshots\Capture d'écran 2026-05-29 232434.png"
2026-08-07 19:25:54 [WARNING] MENACE : None → Capture d'écran 2026-05-29 232434.png
2026-08-07 19:25:54 [ERROR]  Erreur scan YARA sur C:\Users\DELL LATITUDE 5420\OneDrive\Images\Screenshots\Capture d'écran 2026-05-29 232609.png : could not open file "C:\Users\DELL LATITUDE 5420\OneDrive\Images\Screenshots\Capture d'écran 2026-05-29 232609.png"
2026-08-07 19:25:54 [WARNING] MENACE : None → Capture d'écran 2026-05-29 232609.png
2026-08-07 19:25:54 [ERROR]  Erreur scan YARA sur C:\Users\DELL LATITUDE 5420\OneDrive\Images\Screenshots\Capture d'écran 2026-05-29 234453.png : could not open file "C:\Users\DELL LATITUDE 5420\OneDrive\Images\Screenshots\Capture d'écran 2026-05-29 234453.png"
2026-08-07 19:25:54 [WARNING] MENACE : None → Capture d'écran 2026-05-29 234453.png
2026-08-07 19:25:54 [ERROR]  Erreur scan YARA sur C:\Users\DELL LATITUDE 5420\OneDrive\Images\Screenshots\Capture d'écran 2026-05-30 153108.png : could not open file "C:\Users\DELL LATITUDE 5420\OneDrive\Images\Screenshots\Capture d'écran 2026-05-30 153108.png"
2026-08-07 19:25:54 [WARNING] MENACE : None → Capture d'écran 2026-05-30 153108.png
2026-08-07 19:25:54 [ERROR]  Erreur scan YARA sur C:\Users\DELL LATITUDE 5420\OneDrive\Images\Screenshots\Capture d'écran 2026-05-30 160911.png : could not open file "C:\Users\DELL LATITUDE 5420\OneDrive\Images\Screenshots\Capture d'écran 2026-05-30 160911.png"
2026-08-07 19:25:54 [WARNING] MENACE : None → Capture d'écran 2026-05-30 160911.png
2026-08-07 19:25:54 [ERROR]  Erreur scan YARA sur C:\Users\DELL LATITUDE 5420\OneDrive\Images\Screenshots\Capture d'écran 2026-05-30 204515.png : could not open file "C:\Users\DELL LATITUDE 5420\OneDrive\Images\Screenshots\Capture d'écran 2026-05-30 204515.png"
2026-08-07 19:25:54 [WARNING] MENACE : None → Capture d'écran 2026-05-30 204515.png
2026-08-07 19:25:54 [ERROR]  Erreur scan YARA sur C:\Users\DELL LATITUDE 5420\OneDrive\Images\Screenshots\Capture d'écran 2026-05-30 211839.png : could not open file "C:\Users\DELL LATITUDE 5420\OneDrive\Images\Screenshots\Capture d'écran 2026-05-30 211839.png"
2026-08-07 19:25:54 [WARNING] MENACE : None → Capture d'écran 2026-05-30 211839.png
2026-08-07 19:25:54 [ERROR]  Erreur scan YARA sur C:\Users\DELL LATITUDE 5420\OneDrive\Images\Screenshots\Capture d'écran 2026-05-30 214839.png : could not open file "C:\Users\DELL LATITUDE 5420\OneDrive\Images\Screenshots\Capture d'écran 2026-05-30 214839.png"
2026-08-07 19:25:54 [WARNING] MENACE : None → Capture d'écran 2026-05-30 214839.png
2026-08-07 19:25:54 [ERROR]  Erreur scan YARA sur C:\Users\DELL LATITUDE 5420\OneDrive\Images\Screenshots\Capture d'écran 2026-05-30 214928.png : could not open file "C:\Users\DELL LATITUDE 5420\OneDrive\Images\Screenshots\Capture d'écran 2026-05-30 214928.png"
2026-08-07 19:25:54 [WARNING] MENACE : None → Capture d'écran 2026-05-30 214928.png
2026-08-07 19:25:54 [ERROR]  Erreur scan YARA sur C:\Users\DELL LATITUDE 5420\OneDrive\Images\Screenshots\Capture d'écran 2026-05-30 220218.png : could not open file "C:\Users\DELL LATITUDE 5420\OneDrive\Images\Screenshots\Capture d'écran 2026-05-30 220218.png"
2026-08-07 19:25:54 [WARNING] MENACE : None → Capture d'écran 2026-05-30 220218.png
2026-08-07 19:25:54 [ERROR]  Erreur scan YARA sur C:\Users\DELL LATITUDE 5420\OneDrive\Images\Screenshots\Capture d'écran 2026-05-30 232632.png : could not open file "C:\Users\DELL LATITUDE 5420\OneDrive\Images\Screenshots\Capture d'écran 2026-05-30 232632.png"
2026-08-07 19:25:54 [WARNING] MENACE : None → Capture d'écran 2026-05-30 232632.png
2026-08-07 19:25:54 [ERROR]  Erreur scan YARA sur C:\Users\DELL LATITUDE 5420\OneDrive\Images\Screenshots\Capture d'écran 2026-05-30 232710.png : could not open file "C:\Users\DELL LATITUDE 5420\OneDrive\Images\Screenshots\Capture d'écran 2026-05-30 232710.png"
2026-08-07 19:25:54 [WARNING] MENACE : None → Capture d'écran 2026-05-30 232710.png
2026-08-07 19:25:54 [ERROR]  Erreur scan YARA sur C:\Users\DELL LATITUDE 5420\OneDrive\Images\Screenshots\Capture d'écran 2026-05-30 232729.png : could not open file "C:\Users\DELL LATITUDE 5420\OneDrive\Images\Screenshots\Capture d'écran 2026-05-30 232729.png"
2026-08-07 19:25:54 [WARNING] MENACE : None → Capture d'écran 2026-05-30 232729.png
2026-08-07 19:25:54 [ERROR]  Erreur scan YARA sur C:\Users\DELL LATITUDE 5420\OneDrive\Images\Screenshots\Capture d'écran 2026-05-31 190927.png : could not open file "C:\Users\DELL LATITUDE 5420\OneDrive\Images\Screenshots\Capture d'écran 2026-05-31 190927.png"
2026-08-07 19:25:54 [WARNING] MENACE : None → Capture d'écran 2026-05-31 190927.png
2026-08-07 19:25:54 [ERROR]  Erreur scan YARA sur C:\Users\DELL LATITUDE 5420\OneDrive\Images\Screenshots\Capture d'écran 2026-05-31 193332.png : could not open file "C:\Users\DELL LATITUDE 5420\OneDrive\Images\Screenshots\Capture d'écran 2026-05-31 193332.png"
2026-08-07 19:25:54 [WARNING] MENACE : None → Capture d'écran 2026-05-31 193332.png
2026-08-07 19:25:54 [ERROR]  Erreur scan YARA sur C:\Users\DELL LATITUDE 5420\OneDrive\Images\Screenshots\Capture d'écran 2026-06-01 112504.png : could not open file "C:\Users\DELL LATITUDE 5420\OneDrive\Images\Screenshots\Capture d'écran 2026-06-01 112504.png"
2026-08-07 19:25:54 [WARNING] MENACE : None → Capture d'écran 2026-06-01 112504.png
2026-08-07 19:25:54 [ERROR]  Erreur scan YARA sur C:\Users\DELL LATITUDE 5420\OneDrive\Images\Screenshots\Capture d'écran 2026-06-01 115614.png : could not open file "C:\Users\DELL LATITUDE 5420\OneDrive\Images\Screenshots\Capture d'écran 2026-06-01 115614.png"
2026-08-07 19:25:54 [ERROR]  Erreur scan YARA sur C:\Users\DELL LATITUDE 5420\OneDrive\Images\Screenshots\Capture d'écran 2026-06-01 121448.png : could not open file "C:\Users\DELL LATITUDE 5420\OneDrive\Images\Screenshots\Capture d'écran 2026-06-01 121448.png"
2026-08-07 19:25:54 [WARNING] MENACE : None → Capture d'écran 2026-06-01 121448.png
2026-08-07 19:25:54 [ERROR]  Erreur scan YARA sur C:\Users\DELL LATITUDE 5420\OneDrive\Images\Screenshots\Capture d'écran 2026-06-01 121503.png : could not open file "C:\Users\DELL LATITUDE 5420\OneDrive\Images\Screenshots\Capture d'écran 2026-06-01 121503.png"
2026-08-07 19:25:54 [WARNING] MENACE : None → Capture d'écran 2026-06-01 121503.png
2026-08-07 19:25:54 [ERROR]  Erreur scan YARA sur C:\Users\DELL LATITUDE 5420\OneDrive\Images\Screenshots\Capture d'écran 2026-06-01 121513.png : could not open file "C:\Users\DELL LATITUDE 5420\OneDrive\Images\Screenshots\Capture d'écran 2026-06-01 121513.png"
2026-08-07 19:25:54 [WARNING] MENACE : None → Capture d'écran 2026-06-01 121513.png
2026-08-07 19:25:54 [ERROR]  Erreur scan YARA sur C:\Users\DELL LATITUDE 5420\OneDrive\Images\Screenshots\Capture d'écran 2026-06-01 121523.png : could not open file "C:\Users\DELL LATITUDE 5420\OneDrive\Images\Screenshots\Capture d'écran 2026-06-01 121523.png"
2026-08-07 19:25:54 [WARNING] MENACE : None → Capture d'écran 2026-06-01 121523.png
2026-08-07 19:25:54 [ERROR]  Erreur scan YARA sur C:\Users\DELL LATITUDE 5420\OneDrive\Images\Screenshots\Capture d'écran 2026-06-01 140759.png : could not open file "C:\Users\DELL LATITUDE 5420\OneDrive\Images\Screenshots\Capture d'écran 2026-06-01 140759.png"
2026-08-07 19:25:54 [WARNING] MENACE : None → Capture d'écran 2026-06-01 140759.png
2026-08-07 19:25:54 [ERROR]  Erreur scan YARA sur C:\Users\DELL LATITUDE 5420\OneDrive\Images\Screenshots\Capture d'écran 2026-06-01 141735.png : could not open file "C:\Users\DELL LATITUDE 5420\OneDrive\Images\Screenshots\Capture d'écran 2026-06-01 141735.png"
2026-08-07 19:25:54 [WARNING] MENACE : None → Capture d'écran 2026-06-01 141735.png
2026-08-07 19:25:54 [ERROR]  Erreur scan YARA sur C:\Users\DELL LATITUDE 5420\OneDrive\Images\Screenshots\Capture d'écran 2026-06-01 141854.png : could not open file "C:\Users\DELL LATITUDE 5420\OneDrive\Images\Screenshots\Capture d'écran 2026-06-01 141854.png"
2026-08-07 19:25:54 [WARNING] MENACE : None → Capture d'écran 2026-06-01 141854.png
2026-08-07 19:25:54 [ERROR]  Erreur scan YARA sur C:\Users\DELL LATITUDE 5420\OneDrive\Images\Screenshots\Capture d'écran 2026-06-01 142440.png : could not open file "C:\Users\DELL LATITUDE 5420\OneDrive\Images\Screenshots\Capture d'écran 2026-06-01 142440.png"
2026-08-07 19:25:54 [WARNING] MENACE : None → Capture d'écran 2026-06-01 142440.png
2026-08-07 19:25:54 [ERROR]  Erreur scan YARA sur C:\Users\DELL LATITUDE 5420\OneDrive\Images\Screenshots\Capture d'écran 2026-06-01 142507.png : could not open file "C:\Users\DELL LATITUDE 5420\OneDrive\Images\Screenshots\Capture d'écran 2026-06-01 142507.png"
2026-08-07 19:25:54 [WARNING] MENACE : None → Capture d'écran 2026-06-01 142507.png
2026-08-07 19:25:55 [ERROR]  Erreur scan YARA sur C:\Users\DELL LATITUDE 5420\OneDrive\Images\Screenshots\Capture d'écran 2026-06-01 144626.png : could not open file "C:\Users\DELL LATITUDE 5420\OneDrive\Images\Screenshots\Capture d'écran 2026-06-01 144626.png"
2026-08-07 19:25:55 [WARNING] MENACE : None → Capture d'écran 2026-06-01 144626.png
2026-08-07 19:25:55 [ERROR]  Erreur scan YARA sur C:\Users\DELL LATITUDE 5420\OneDrive\Images\Screenshots\Capture d'écran 2026-06-01 145417.png : could not open file "C:\Users\DELL LATITUDE 5420\OneDrive\Images\Screenshots\Capture d'écran 2026-06-01 145417.png"
2026-08-07 19:25:55 [WARNING] MENACE : None → Capture d'écran 2026-06-01 145417.png
2026-08-07 19:25:55 [ERROR]  Erreur scan YARA sur C:\Users\DELL LATITUDE 5420\OneDrive\Images\Screenshots\Capture d'écran 2026-06-01 145555.png : could not open file "C:\Users\DELL LATITUDE 5420\OneDrive\Images\Screenshots\Capture d'écran 2026-06-01 145555.png"
2026-08-07 19:25:55 [WARNING] MENACE : None → Capture d'écran 2026-06-01 145555.png
2026-08-07 19:25:55 [ERROR]  Erreur scan YARA sur C:\Users\DELL LATITUDE 5420\OneDrive\Images\Screenshots\Capture d'écran 2026-06-01 145612.png : could not open file "C:\Users\DELL LATITUDE 5420\OneDrive\Images\Screenshots\Capture d'écran 2026-06-01 145612.png"
2026-08-07 19:25:55 [WARNING] MENACE : None → Capture d'écran 2026-06-01 145612.png
2026-08-07 19:25:55 [ERROR]  Erreur scan YARA sur C:\Users\DELL LATITUDE 5420\OneDrive\Images\Screenshots\Capture d'écran 2026-06-01 145645.png : could not open file "C:\Users\DELL LATITUDE 5420\OneDrive\Images\Screenshots\Capture d'écran 2026-06-01 145645.png"
2026-08-07 19:25:55 [WARNING] MENACE : None → Capture d'écran 2026-06-01 145645.png
2026-08-07 19:25:55 [ERROR]  Erreur scan YARA sur C:\Users\DELL LATITUDE 5420\OneDrive\Images\Screenshots\Capture d'écran 2026-06-01 222236.png : could not open file "C:\Users\DELL LATITUDE 5420\OneDrive\Images\Screenshots\Capture d'écran 2026-06-01 222236.png"
2026-08-07 19:25:55 [WARNING] MENACE : None → Capture d'écran 2026-06-01 222236.png
2026-08-07 19:25:55 [ERROR]  Erreur scan YARA sur C:\Users\DELL LATITUDE 5420\OneDrive\Images\Screenshots\Capture d'écran 2026-06-02 002405.png : could not open file "C:\Users\DELL LATITUDE 5420\OneDrive\Images\Screenshots\Capture d'écran 2026-06-02 002405.png"
2026-08-07 19:25:55 [ERROR]  Erreur scan YARA sur C:\Users\DELL LATITUDE 5420\OneDrive\Images\Screenshots\Capture d'écran 2026-06-02 002528.png : could not open file "C:\Users\DELL LATITUDE 5420\OneDrive\Images\Screenshots\Capture d'écran 2026-06-02 002528.png"
2026-08-07 19:25:55 [ERROR]  Erreur scan YARA sur C:\Users\DELL LATITUDE 5420\OneDrive\Images\Screenshots\Capture d'écran 2026-06-02 002705.png : could not open file "C:\Users\DELL LATITUDE 5420\OneDrive\Images\Screenshots\Capture d'écran 2026-06-02 002705.png"
2026-08-07 19:25:55 [ERROR]  Erreur scan YARA sur C:\Users\DELL LATITUDE 5420\OneDrive\Images\Screenshots\Capture d'écran 2026-06-02 002748.png : could not open file "C:\Users\DELL LATITUDE 5420\OneDrive\Images\Screenshots\Capture d'écran 2026-06-02 002748.png"
2026-08-07 19:25:55 [ERROR]  Erreur scan YARA sur C:\Users\DELL LATITUDE 5420\OneDrive\Images\Screenshots\Capture d'écran 2026-06-02 002955.png : could not open file "C:\Users\DELL LATITUDE 5420\OneDrive\Images\Screenshots\Capture d'écran 2026-06-02 002955.png"
2026-08-07 19:25:55 [WARNING] MENACE : None → Capture d'écran 2026-06-02 002955.png
2026-08-07 19:25:55 [ERROR]  Erreur scan YARA sur C:\Users\DELL LATITUDE 5420\OneDrive\Images\Screenshots\Capture d'écran 2026-06-02 085425.png : could not open file "C:\Users\DELL LATITUDE 5420\OneDrive\Images\Screenshots\Capture d'écran 2026-06-02 085425.png"
2026-08-07 19:25:55 [ERROR]  Erreur scan YARA sur C:\Users\DELL LATITUDE 5420\OneDrive\Images\Screenshots\Capture d'écran 2026-06-02 101743.png : could not open file "C:\Users\DELL LATITUDE 5420\OneDrive\Images\Screenshots\Capture d'écran 2026-06-02 101743.png"
2026-08-07 19:25:55 [WARNING] MENACE : None → Capture d'écran 2026-06-02 101743.png
2026-08-07 19:25:55 [ERROR]  Erreur scan YARA sur C:\Users\DELL LATITUDE 5420\OneDrive\Images\Screenshots\Capture d'écran 2026-06-02 101753.png : could not open file "C:\Users\DELL LATITUDE 5420\OneDrive\Images\Screenshots\Capture d'écran 2026-06-02 101753.png"
2026-08-07 19:25:55 [WARNING] MENACE : None → Capture d'écran 2026-06-02 101753.png
2026-08-07 19:25:55 [ERROR]  Erreur scan YARA sur C:\Users\DELL LATITUDE 5420\OneDrive\Images\Screenshots\Capture d'écran 2026-06-02 124158.png : could not open file "C:\Users\DELL LATITUDE 5420\OneDrive\Images\Screenshots\Capture d'écran 2026-06-02 124158.png"
2026-08-07 19:25:55 [WARNING] MENACE : None → Capture d'écran 2026-06-02 124158.png
2026-08-07 19:25:55 [ERROR]  Erreur scan YARA sur C:\Users\DELL LATITUDE 5420\OneDrive\Images\Screenshots\Capture d'écran 2026-06-02 124624.png : could not open file "C:\Users\DELL LATITUDE 5420\OneDrive\Images\Screenshots\Capture d'écran 2026-06-02 124624.png"
2026-08-07 19:25:55 [WARNING] MENACE : None → Capture d'écran 2026-06-02 124624.png
2026-08-07 19:25:55 [ERROR]  Erreur scan YARA sur C:\Users\DELL LATITUDE 5420\OneDrive\Images\Screenshots\Capture d'écran 2026-06-03 150026.png : could not open file "C:\Users\DELL LATITUDE 5420\OneDrive\Images\Screenshots\Capture d'écran 2026-06-03 150026.png"
2026-08-07 19:25:55 [WARNING] MENACE : None → Capture d'écran 2026-06-03 150026.png
2026-08-07 19:25:55 [ERROR]  Erreur scan YARA sur C:\Users\DELL LATITUDE 5420\OneDrive\Images\Screenshots\Capture d'écran 2026-06-03 153206.png : could not open file "C:\Users\DELL LATITUDE 5420\OneDrive\Images\Screenshots\Capture d'écran 2026-06-03 153206.png"
2026-08-07 19:25:55 [WARNING] MENACE : None → Capture d'écran 2026-06-03 153206.png
2026-08-07 19:25:56 [ERROR]  Erreur scan YARA sur C:\Users\DELL LATITUDE 5420\OneDrive\Images\Screenshots\Capture d'écran 2026-06-03 153235.png : could not open file "C:\Users\DELL LATITUDE 5420\OneDrive\Images\Screenshots\Capture d'écran 2026-06-03 153235.png"
2026-08-07 19:25:56 [WARNING] MENACE : None → Capture d'écran 2026-06-03 153235.png
2026-08-07 19:25:56 [ERROR]  Erreur scan YARA sur C:\Users\DELL LATITUDE 5420\OneDrive\Images\Screenshots\Capture d'écran 2026-06-03 153345.png : could not open file "C:\Users\DELL LATITUDE 5420\OneDrive\Images\Screenshots\Capture d'écran 2026-06-03 153345.png"
2026-08-07 19:25:56 [WARNING] MENACE : None → Capture d'écran 2026-06-03 153345.png
2026-08-07 19:25:56 [ERROR]  Erreur scan YARA sur C:\Users\DELL LATITUDE 5420\OneDrive\Images\Screenshots\Capture d'écran 2026-06-03 153425.png : could not open file "C:\Users\DELL LATITUDE 5420\OneDrive\Images\Screenshots\Capture d'écran 2026-06-03 153425.png"
2026-08-07 19:25:56 [WARNING] MENACE : None → Capture d'écran 2026-06-03 153425.png
2026-08-07 19:25:56 [ERROR]  Erreur scan YARA sur C:\Users\DELL LATITUDE 5420\OneDrive\Images\Screenshots\Capture d'écran 2026-06-03 223248.png : could not open file "C:\Users\DELL LATITUDE 5420\OneDrive\Images\Screenshots\Capture d'écran 2026-06-03 223248.png"
2026-08-07 19:25:56 [WARNING] MENACE : None → Capture d'écran 2026-06-03 223248.png
2026-08-07 19:25:56 [ERROR]  Erreur scan YARA sur C:\Users\DELL LATITUDE 5420\OneDrive\Images\Screenshots\Capture d'écran 2026-06-04 112005.png : could not open file "C:\Users\DELL LATITUDE 5420\OneDrive\Images\Screenshots\Capture d'écran 2026-06-04 112005.png"
2026-08-07 19:25:56 [WARNING] MENACE : None → Capture d'écran 2026-06-04 112005.png
2026-08-07 19:25:56 [ERROR]  Erreur scan YARA sur C:\Users\DELL LATITUDE 5420\OneDrive\Images\Screenshots\Capture d'écran 2026-06-05 183535.png : could not open file "C:\Users\DELL LATITUDE 5420\OneDrive\Images\Screenshots\Capture d'écran 2026-06-05 183535.png"
2026-08-07 19:25:56 [WARNING] MENACE : None → Capture d'écran 2026-06-05 183535.png
2026-08-07 19:25:56 [ERROR]  Erreur scan YARA sur C:\Users\DELL LATITUDE 5420\OneDrive\Images\Screenshots\Capture d'écran 2026-06-05 185810.png : could not open file "C:\Users\DELL LATITUDE 5420\OneDrive\Images\Screenshots\Capture d'écran 2026-06-05 185810.png"
2026-08-07 19:25:56 [WARNING] MENACE : None → Capture d'écran 2026-06-05 185810.png
2026-08-07 19:25:56 [ERROR]  Erreur scan YARA sur C:\Users\DELL LATITUDE 5420\OneDrive\Images\Screenshots\Capture d'écran 2026-06-05 190757.png : could not open file "C:\Users\DELL LATITUDE 5420\OneDrive\Images\Screenshots\Capture d'écran 2026-06-05 190757.png"
2026-08-07 19:25:56 [WARNING] MENACE : None → Capture d'écran 2026-06-05 190757.png
2026-08-07 19:25:56 [ERROR]  Erreur scan YARA sur C:\Users\DELL LATITUDE 5420\OneDrive\Images\Screenshots\Capture d'écran 2026-06-05 190842.png : could not open file "C:\Users\DELL LATITUDE 5420\OneDrive\Images\Screenshots\Capture d'écran 2026-06-05 190842.png"
2026-08-07 19:25:56 [WARNING] MENACE : None → Capture d'écran 2026-06-05 190842.png
2026-08-07 19:25:56 [ERROR]  Erreur scan YARA sur C:\Users\DELL LATITUDE 5420\OneDrive\Images\Screenshots\Capture d'écran 2026-06-05 190905.png : could not open file "C:\Users\DELL LATITUDE 5420\OneDrive\Images\Screenshots\Capture d'écran 2026-06-05 190905.png"
2026-08-07 19:25:56 [WARNING] MENACE : None → Capture d'écran 2026-06-05 190905.png
2026-08-07 19:25:56 [ERROR]  Erreur scan YARA sur C:\Users\DELL LATITUDE 5420\OneDrive\Images\Screenshots\Capture d'écran 2026-06-05 191014.png : could not open file "C:\Users\DELL LATITUDE 5420\OneDrive\Images\Screenshots\Capture d'écran 2026-06-05 191014.png"
2026-08-07 19:25:56 [WARNING] MENACE : None → Capture d'écran 2026-06-05 191014.png
2026-08-07 19:25:56 [ERROR]  Erreur scan YARA sur C:\Users\DELL LATITUDE 5420\OneDrive\Images\Screenshots\Capture d'écran 2026-06-05 191031.png : could not open file "C:\Users\DELL LATITUDE 5420\OneDrive\Images\Screenshots\Capture d'écran 2026-06-05 191031.png"
2026-08-07 19:25:56 [WARNING] MENACE : None → Capture d'écran 2026-06-05 191031.png
2026-08-07 19:25:56 [ERROR]  Erreur scan YARA sur C:\Users\DELL LATITUDE 5420\OneDrive\Images\Screenshots\Capture d'écran 2026-06-05 191926.png : could not open file "C:\Users\DELL LATITUDE 5420\OneDrive\Images\Screenshots\Capture d'écran 2026-06-05 191926.png"
2026-08-07 19:25:56 [WARNING] MENACE : None → Capture d'écran 2026-06-05 191926.png
2026-08-07 19:25:56 [ERROR]  Erreur scan YARA sur C:\Users\DELL LATITUDE 5420\OneDrive\Images\Screenshots\Capture d'écran 2026-06-05 192118.png : could not open file "C:\Users\DELL LATITUDE 5420\OneDrive\Images\Screenshots\Capture d'écran 2026-06-05 192118.png"
2026-08-07 19:25:56 [WARNING] MENACE : None → Capture d'écran 2026-06-05 192118.png
2026-08-07 19:25:56 [ERROR]  Erreur scan YARA sur C:\Users\DELL LATITUDE 5420\OneDrive\Images\Screenshots\Capture d'écran 2026-06-08 105107.png : could not open file "C:\Users\DELL LATITUDE 5420\OneDrive\Images\Screenshots\Capture d'écran 2026-06-08 105107.png"
2026-08-07 19:25:56 [WARNING] MENACE : None → Capture d'écran 2026-06-08 105107.png
2026-08-07 19:25:56 [ERROR]  Erreur scan YARA sur C:\Users\DELL LATITUDE 5420\OneDrive\Images\Screenshots\Capture d'écran 2026-06-08 110057.png : could not open file "C:\Users\DELL LATITUDE 5420\OneDrive\Images\Screenshots\Capture d'écran 2026-06-08 110057.png"
2026-08-07 19:25:56 [WARNING] MENACE : None → Capture d'écran 2026-06-08 110057.png
2026-08-07 19:25:56 [ERROR]  Erreur scan YARA sur C:\Users\DELL LATITUDE 5420\OneDrive\Images\Screenshots\Capture d'écran 2026-06-08 211910.png : could not open file "C:\Users\DELL LATITUDE 5420\OneDrive\Images\Screenshots\Capture d'écran 2026-06-08 211910.png"
2026-08-07 19:25:56 [WARNING] MENACE : None → Capture d'écran 2026-06-08 211910.png
2026-08-07 19:25:56 [ERROR]  Erreur scan YARA sur C:\Users\DELL LATITUDE 5420\OneDrive\Images\Screenshots\Capture d'écran 2026-06-08 213958.png : could not open file "C:\Users\DELL LATITUDE 5420\OneDrive\Images\Screenshots\Capture d'écran 2026-06-08 213958.png"
2026-08-07 19:25:56 [WARNING] MENACE : None → Capture d'écran 2026-06-08 213958.png
2026-08-07 19:25:56 [ERROR]  Erreur scan YARA sur C:\Users\DELL LATITUDE 5420\OneDrive\Images\Screenshots\Capture d'écran 2026-06-08 215957.png : could not open file "C:\Users\DELL LATITUDE 5420\OneDrive\Images\Screenshots\Capture d'écran 2026-06-08 215957.png"
2026-08-07 19:25:56 [WARNING] MENACE : None → Capture d'écran 2026-06-08 215957.png
2026-08-07 19:25:56 [ERROR]  Erreur scan YARA sur C:\Users\DELL LATITUDE 5420\OneDrive\Images\Screenshots\Capture d'écran 2026-06-08 224217.png : could not open file "C:\Users\DELL LATITUDE 5420\OneDrive\Images\Screenshots\Capture d'écran 2026-06-08 224217.png"
2026-08-07 19:25:56 [WARNING] MENACE : None → Capture d'écran 2026-06-08 224217.png
2026-08-07 19:25:56 [ERROR]  Erreur scan YARA sur C:\Users\DELL LATITUDE 5420\OneDrive\Images\Screenshots\Capture d'écran 2026-06-09 130917.png : could not open file "C:\Users\DELL LATITUDE 5420\OneDrive\Images\Screenshots\Capture d'écran 2026-06-09 130917.png"
2026-08-07 19:25:56 [WARNING] MENACE : None → Capture d'écran 2026-06-09 130917.png
2026-08-07 19:25:56 [ERROR]  Erreur scan YARA sur C:\Users\DELL LATITUDE 5420\OneDrive\Images\Screenshots\Capture d'écran 2026-06-09 131010.png : could not open file "C:\Users\DELL LATITUDE 5420\OneDrive\Images\Screenshots\Capture d'écran 2026-06-09 131010.png"
2026-08-07 19:25:56 [WARNING] MENACE : None → Capture d'écran 2026-06-09 131010.png
2026-08-07 19:25:56 [ERROR]  Erreur scan YARA sur C:\Users\DELL LATITUDE 5420\OneDrive\Images\Screenshots\Capture d'écran 2026-06-09 201839.png : could not open file "C:\Users\DELL LATITUDE 5420\OneDrive\Images\Screenshots\Capture d'écran 2026-06-09 201839.png"
2026-08-07 19:25:56 [WARNING] MENACE : None → Capture d'écran 2026-06-09 201839.png
2026-08-07 19:25:57 [ERROR]  Erreur scan YARA sur C:\Users\DELL LATITUDE 5420\OneDrive\Images\Screenshots\Capture d'écran 2026-06-15 162031.png : could not open file "C:\Users\DELL LATITUDE 5420\OneDrive\Images\Screenshots\Capture d'écran 2026-06-15 162031.png"
2026-08-07 19:25:57 [WARNING] MENACE : None → Capture d'écran 2026-06-15 162031.png
2026-08-07 19:25:57 [ERROR]  Erreur scan YARA sur C:\Users\DELL LATITUDE 5420\OneDrive\Images\Screenshots\Capture d'écran 2026-06-15 162547.png : could not open file "C:\Users\DELL LATITUDE 5420\OneDrive\Images\Screenshots\Capture d'écran 2026-06-15 162547.png"
2026-08-07 19:25:57 [WARNING] MENACE : None → Capture d'écran 2026-06-15 162547.png
2026-08-07 19:25:57 [ERROR]  Erreur scan YARA sur C:\Users\DELL LATITUDE 5420\OneDrive\Images\Screenshots\Capture d'écran 2026-06-15 162559.png : could not open file "C:\Users\DELL LATITUDE 5420\OneDrive\Images\Screenshots\Capture d'écran 2026-06-15 162559.png"
2026-08-07 19:25:57 [WARNING] MENACE : None → Capture d'écran 2026-06-15 162559.png
2026-08-07 19:25:57 [ERROR]  Erreur scan YARA sur C:\Users\DELL LATITUDE 5420\OneDrive\Images\Screenshots\Capture d'écran 2026-06-16 003554.png : could not open file "C:\Users\DELL LATITUDE 5420\OneDrive\Images\Screenshots\Capture d'écran 2026-06-16 003554.png"
2026-08-07 19:25:57 [WARNING] MENACE : None → Capture d'écran 2026-06-16 003554.png
2026-08-07 19:25:57 [ERROR]  Erreur scan YARA sur C:\Users\DELL LATITUDE 5420\OneDrive\Images\Screenshots\Capture d'écran 2026-06-16 003832.png : could not open file "C:\Users\DELL LATITUDE 5420\OneDrive\Images\Screenshots\Capture d'écran 2026-06-16 003832.png"
2026-08-07 19:25:57 [WARNING] MENACE : None → Capture d'écran 2026-06-16 003832.png
2026-08-07 19:25:57 [ERROR]  Erreur scan YARA sur C:\Users\DELL LATITUDE 5420\OneDrive\Images\Screenshots\Capture d'écran 2026-06-16 003917.png : could not open file "C:\Users\DELL LATITUDE 5420\OneDrive\Images\Screenshots\Capture d'écran 2026-06-16 003917.png"
2026-08-07 19:25:57 [WARNING] MENACE : None → Capture d'écran 2026-06-16 003917.png
2026-08-07 19:25:57 [ERROR]  Erreur scan YARA sur C:\Users\DELL LATITUDE 5420\OneDrive\Images\Screenshots\Capture d'écran 2026-06-16 003944.png : could not open file "C:\Users\DELL LATITUDE 5420\OneDrive\Images\Screenshots\Capture d'écran 2026-06-16 003944.png"
2026-08-07 19:25:57 [WARNING] MENACE : None → Capture d'écran 2026-06-16 003944.png
2026-08-07 19:25:57 [ERROR]  Erreur scan YARA sur C:\Users\DELL LATITUDE 5420\OneDrive\Images\Screenshots\Capture d'écran 2026-06-17 214904.png : could not open file "C:\Users\DELL LATITUDE 5420\OneDrive\Images\Screenshots\Capture d'écran 2026-06-17 214904.png"
2026-08-07 19:25:57 [WARNING] MENACE : None → Capture d'écran 2026-06-17 214904.png
2026-08-07 19:25:57 [ERROR]  Erreur scan YARA sur C:\Users\DELL LATITUDE 5420\OneDrive\Images\Screenshots\Capture d'écran 2026-06-19 105645.png : could not open file "C:\Users\DELL LATITUDE 5420\OneDrive\Images\Screenshots\Capture d'écran 2026-06-19 105645.png"
2026-08-07 19:25:57 [WARNING] MENACE : None → Capture d'écran 2026-06-19 105645.png
2026-08-07 19:25:57 [ERROR]  Erreur scan YARA sur C:\Users\DELL LATITUDE 5420\OneDrive\Images\Screenshots\Capture d'écran 2026-06-19 153630.png : could not open file "C:\Users\DELL LATITUDE 5420\OneDrive\Images\Screenshots\Capture d'écran 2026-06-19 153630.png"
2026-08-07 19:25:57 [WARNING] MENACE : None → Capture d'écran 2026-06-19 153630.png
2026-08-07 19:25:57 [ERROR]  Erreur scan YARA sur C:\Users\DELL LATITUDE 5420\OneDrive\Images\Screenshots\Capture d'écran 2026-06-20 132758.png : could not open file "C:\Users\DELL LATITUDE 5420\OneDrive\Images\Screenshots\Capture d'écran 2026-06-20 132758.png"
2026-08-07 19:25:57 [WARNING] MENACE : None → Capture d'écran 2026-06-20 132758.png
2026-08-07 19:25:57 [ERROR]  Erreur scan YARA sur C:\Users\DELL LATITUDE 5420\OneDrive\Images\Screenshots\Capture d'écran 2026-06-20 141141.png : could not open file "C:\Users\DELL LATITUDE 5420\OneDrive\Images\Screenshots\Capture d'écran 2026-06-20 141141.png"
2026-08-07 19:25:57 [WARNING] MENACE : None → Capture d'écran 2026-06-20 141141.png
2026-08-07 19:25:57 [ERROR]  Erreur scan YARA sur C:\Users\DELL LATITUDE 5420\OneDrive\Images\Screenshots\Capture d'écran 2026-06-20 141803.png : could not open file "C:\Users\DELL LATITUDE 5420\OneDrive\Images\Screenshots\Capture d'écran 2026-06-20 141803.png"
2026-08-07 19:25:57 [WARNING] MENACE : None → Capture d'écran 2026-06-20 141803.png
2026-08-07 19:25:58 [ERROR]  Erreur scan YARA sur C:\Users\DELL LATITUDE 5420\OneDrive\Images\Screenshots\Capture d'écran 2026-06-20 150942.png : could not open file "C:\Users\DELL LATITUDE 5420\OneDrive\Images\Screenshots\Capture d'écran 2026-06-20 150942.png"
2026-08-07 19:25:58 [WARNING] MENACE : None → Capture d'écran 2026-06-20 150942.png
2026-08-07 19:25:58 [ERROR]  Erreur scan YARA sur C:\Users\DELL LATITUDE 5420\OneDrive\Images\Screenshots\Capture d'écran 2026-06-20 152603.png : could not open file "C:\Users\DELL LATITUDE 5420\OneDrive\Images\Screenshots\Capture d'écran 2026-06-20 152603.png"
2026-08-07 19:25:58 [WARNING] MENACE : None → Capture d'écran 2026-06-20 152603.png
2026-08-07 19:25:58 [ERROR]  Erreur scan YARA sur C:\Users\DELL LATITUDE 5420\OneDrive\Images\Screenshots\Capture d'écran 2026-06-20 165534.png : could not open file "C:\Users\DELL LATITUDE 5420\OneDrive\Images\Screenshots\Capture d'écran 2026-06-20 165534.png"
2026-08-07 19:25:58 [WARNING] MENACE : None → Capture d'écran 2026-06-20 165534.png
2026-08-07 19:25:58 [ERROR]  Erreur scan YARA sur C:\Users\DELL LATITUDE 5420\OneDrive\Images\Screenshots\Capture d'écran 2026-06-20 181208.png : could not open file "C:\Users\DELL LATITUDE 5420\OneDrive\Images\Screenshots\Capture d'écran 2026-06-20 181208.png"
2026-08-07 19:25:58 [WARNING] MENACE : None → Capture d'écran 2026-06-20 181208.png
2026-08-07 19:25:58 [ERROR]  Erreur scan YARA sur C:\Users\DELL LATITUDE 5420\OneDrive\Images\Screenshots\Capture d'écran 2026-06-21 154349.png : could not open file "C:\Users\DELL LATITUDE 5420\OneDrive\Images\Screenshots\Capture d'écran 2026-06-21 154349.png"
2026-08-07 19:25:58 [WARNING] MENACE : None → Capture d'écran 2026-06-21 154349.png
2026-08-07 19:25:59 [ERROR]  Erreur scan YARA sur C:\Users\DELL LATITUDE 5420\OneDrive\Images\Screenshots\Capture d'écran 2026-06-22 112843.png : could not open file "C:\Users\DELL LATITUDE 5420\OneDrive\Images\Screenshots\Capture d'écran 2026-06-22 112843.png"
2026-08-07 19:25:59 [WARNING] MENACE : None → Capture d'écran 2026-06-22 112843.png
2026-08-07 19:25:59 [ERROR]  Erreur scan YARA sur C:\Users\DELL LATITUDE 5420\OneDrive\Images\Screenshots\Capture d'écran 2026-06-22 112852.png : could not open file "C:\Users\DELL LATITUDE 5420\OneDrive\Images\Screenshots\Capture d'écran 2026-06-22 112852.png"
2026-08-07 19:25:59 [WARNING] MENACE : None → Capture d'écran 2026-06-22 112852.png
2026-08-07 19:25:59 [ERROR]  Erreur scan YARA sur C:\Users\DELL LATITUDE 5420\OneDrive\Images\Screenshots\Capture d'écran 2026-06-22 113030.png : could not open file "C:\Users\DELL LATITUDE 5420\OneDrive\Images\Screenshots\Capture d'écran 2026-06-22 113030.png"
2026-08-07 19:25:59 [WARNING] MENACE : None → Capture d'écran 2026-06-22 113030.png
2026-08-07 19:25:59 [ERROR]  Erreur scan YARA sur C:\Users\DELL LATITUDE 5420\OneDrive\Images\Screenshots\Capture d'écran 2026-06-22 113331.png : could not open file "C:\Users\DELL LATITUDE 5420\OneDrive\Images\Screenshots\Capture d'écran 2026-06-22 113331.png"
2026-08-07 19:25:59 [WARNING] MENACE : None → Capture d'écran 2026-06-22 113331.png
2026-08-07 19:25:59 [ERROR]  Erreur scan YARA sur C:\Users\DELL LATITUDE 5420\OneDrive\Images\Screenshots\Capture d'écran 2026-06-22 125155.png : could not open file "C:\Users\DELL LATITUDE 5420\OneDrive\Images\Screenshots\Capture d'écran 2026-06-22 125155.png"
2026-08-07 19:25:59 [WARNING] MENACE : None → Capture d'écran 2026-06-22 125155.png
2026-08-07 19:25:59 [ERROR]  Erreur scan YARA sur C:\Users\DELL LATITUDE 5420\OneDrive\Images\Screenshots\Capture d'écran 2026-06-22 125808.png : could not open file "C:\Users\DELL LATITUDE 5420\OneDrive\Images\Screenshots\Capture d'écran 2026-06-22 125808.png"
2026-08-07 19:25:59 [WARNING] MENACE : None → Capture d'écran 2026-06-22 125808.png
2026-08-07 19:26:00 [ERROR]  Erreur scan YARA sur C:\Users\DELL LATITUDE 5420\OneDrive\Images\Screenshots\Capture d'écran 2026-06-22 125905.png : could not open file "C:\Users\DELL LATITUDE 5420\OneDrive\Images\Screenshots\Capture d'écran 2026-06-22 125905.png"
2026-08-07 19:26:00 [WARNING] MENACE : None → Capture d'écran 2026-06-22 125905.png
2026-08-07 19:26:00 [ERROR]  Erreur scan YARA sur C:\Users\DELL LATITUDE 5420\OneDrive\Images\Screenshots\Capture d'écran 2026-06-22 155308.png : could not open file "C:\Users\DELL LATITUDE 5420\OneDrive\Images\Screenshots\Capture d'écran 2026-06-22 155308.png"
2026-08-07 19:26:00 [WARNING] MENACE : None → Capture d'écran 2026-06-22 155308.png
2026-08-07 19:26:00 [ERROR]  Erreur scan YARA sur C:\Users\DELL LATITUDE 5420\OneDrive\Images\Screenshots\Capture d'écran 2026-06-22 161210.png : could not open file "C:\Users\DELL LATITUDE 5420\OneDrive\Images\Screenshots\Capture d'écran 2026-06-22 161210.png"
2026-08-07 19:26:00 [WARNING] MENACE : None → Capture d'écran 2026-06-22 161210.png
2026-08-07 19:26:00 [ERROR]  Erreur scan YARA sur C:\Users\DELL LATITUDE 5420\OneDrive\Images\Screenshots\Capture d'écran 2026-06-22 181453.png : could not open file "C:\Users\DELL LATITUDE 5420\OneDrive\Images\Screenshots\Capture d'écran 2026-06-22 181453.png"
2026-08-07 19:26:00 [WARNING] MENACE : None → Capture d'écran 2026-06-22 181453.png
2026-08-07 19:26:00 [ERROR]  Erreur scan YARA sur C:\Users\DELL LATITUDE 5420\OneDrive\Images\Screenshots\Capture d'écran 2026-06-22 212108.png : could not open file "C:\Users\DELL LATITUDE 5420\OneDrive\Images\Screenshots\Capture d'écran 2026-06-22 212108.png"
2026-08-07 19:26:00 [WARNING] MENACE : None → Capture d'écran 2026-06-22 212108.png
2026-08-07 19:26:00 [ERROR]  Erreur scan YARA sur C:\Users\DELL LATITUDE 5420\OneDrive\Images\Screenshots\Capture d'écran 2026-06-23 104009.png : could not open file "C:\Users\DELL LATITUDE 5420\OneDrive\Images\Screenshots\Capture d'écran 2026-06-23 104009.png"
2026-08-07 19:26:00 [WARNING] MENACE : None → Capture d'écran 2026-06-23 104009.png
2026-08-07 19:26:00 [ERROR]  Erreur scan YARA sur C:\Users\DELL LATITUDE 5420\OneDrive\Images\Screenshots\Capture d'écran 2026-06-23 104326.png : could not open file "C:\Users\DELL LATITUDE 5420\OneDrive\Images\Screenshots\Capture d'écran 2026-06-23 104326.png"
2026-08-07 19:26:00 [WARNING] MENACE : None → Capture d'écran 2026-06-23 104326.png
2026-08-07 19:26:00 [ERROR]  Erreur scan YARA sur C:\Users\DELL LATITUDE 5420\OneDrive\Images\Screenshots\Capture d'écran 2026-06-23 105534.png : could not open file "C:\Users\DELL LATITUDE 5420\OneDrive\Images\Screenshots\Capture d'écran 2026-06-23 105534.png"
2026-08-07 19:26:00 [WARNING] MENACE : None → Capture d'écran 2026-06-23 105534.png
2026-08-07 19:26:00 [ERROR]  Erreur scan YARA sur C:\Users\DELL LATITUDE 5420\OneDrive\Images\Screenshots\Capture d'écran 2026-06-23 175342.png : could not open file "C:\Users\DELL LATITUDE 5420\OneDrive\Images\Screenshots\Capture d'écran 2026-06-23 175342.png"
2026-08-07 19:26:00 [WARNING] MENACE : None → Capture d'écran 2026-06-23 175342.png
2026-08-07 19:26:00 [ERROR]  Erreur scan YARA sur C:\Users\DELL LATITUDE 5420\OneDrive\Images\Screenshots\Capture d'écran 2026-06-23 180258.png : could not open file "C:\Users\DELL LATITUDE 5420\OneDrive\Images\Screenshots\Capture d'écran 2026-06-23 180258.png"
2026-08-07 19:26:00 [WARNING] MENACE : None → Capture d'écran 2026-06-23 180258.png
2026-08-07 19:26:00 [ERROR]  Erreur scan YARA sur C:\Users\DELL LATITUDE 5420\OneDrive\Images\Screenshots\Capture d'écran 2026-06-24 032633.png : could not open file "C:\Users\DELL LATITUDE 5420\OneDrive\Images\Screenshots\Capture d'écran 2026-06-24 032633.png"
2026-08-07 19:26:00 [WARNING] MENACE : None → Capture d'écran 2026-06-24 032633.png
2026-08-07 19:26:00 [ERROR]  Erreur scan YARA sur C:\Users\DELL LATITUDE 5420\OneDrive\Images\Screenshots\Capture d'écran 2026-06-24 043807.png : could not open file "C:\Users\DELL LATITUDE 5420\OneDrive\Images\Screenshots\Capture d'écran 2026-06-24 043807.png"
2026-08-07 19:26:00 [WARNING] MENACE : None → Capture d'écran 2026-06-24 043807.png
2026-08-07 19:26:00 [ERROR]  Erreur scan YARA sur C:\Users\DELL LATITUDE 5420\OneDrive\Images\Screenshots\Capture d'écran 2026-06-24 051347.png : could not open file "C:\Users\DELL LATITUDE 5420\OneDrive\Images\Screenshots\Capture d'écran 2026-06-24 051347.png"
2026-08-07 19:26:00 [WARNING] MENACE : None → Capture d'écran 2026-06-24 051347.png
2026-08-07 19:26:01 [ERROR]  Erreur scan YARA sur C:\Users\DELL LATITUDE 5420\OneDrive\Images\Screenshots\Capture d'écran 2026-06-25 233239.png : could not open file "C:\Users\DELL LATITUDE 5420\OneDrive\Images\Screenshots\Capture d'écran 2026-06-25 233239.png"
2026-08-07 19:26:01 [WARNING] MENACE : None → Capture d'écran 2026-06-25 233239.png
2026-08-07 19:26:01 [ERROR]  Erreur scan YARA sur C:\Users\DELL LATITUDE 5420\OneDrive\Images\Screenshots\Capture d'écran 2026-06-25 233301.png : could not open file "C:\Users\DELL LATITUDE 5420\OneDrive\Images\Screenshots\Capture d'écran 2026-06-25 233301.png"
2026-08-07 19:26:01 [WARNING] MENACE : None → Capture d'écran 2026-06-25 233301.png
2026-08-07 19:26:01 [ERROR]  Erreur scan YARA sur C:\Users\DELL LATITUDE 5420\OneDrive\Images\Screenshots\Capture d'écran 2026-06-25 233634.png : could not open file "C:\Users\DELL LATITUDE 5420\OneDrive\Images\Screenshots\Capture d'écran 2026-06-25 233634.png"
2026-08-07 19:26:01 [WARNING] MENACE : None → Capture d'écran 2026-06-25 233634.png
2026-08-07 19:26:02 [ERROR]  Erreur scan YARA sur C:\Users\DELL LATITUDE 5420\OneDrive\Images\Screenshots\Capture d'écran 2026-06-25 233753.png : could not open file "C:\Users\DELL LATITUDE 5420\OneDrive\Images\Screenshots\Capture d'écran 2026-06-25 233753.png"
2026-08-07 19:26:02 [WARNING] MENACE : None → Capture d'écran 2026-06-25 233753.png
2026-08-07 19:26:02 [ERROR]  Erreur scan YARA sur C:\Users\DELL LATITUDE 5420\OneDrive\Images\Screenshots\Capture d'écran 2026-06-25 234142.png : could not open file "C:\Users\DELL LATITUDE 5420\OneDrive\Images\Screenshots\Capture d'écran 2026-06-25 234142.png"
2026-08-07 19:26:02 [WARNING] MENACE : None → Capture d'écran 2026-06-25 234142.png
2026-08-07 19:26:02 [ERROR]  Erreur scan YARA sur C:\Users\DELL LATITUDE 5420\OneDrive\Images\Screenshots\Capture d'écran 2026-06-25 234439.png : could not open file "C:\Users\DELL LATITUDE 5420\OneDrive\Images\Screenshots\Capture d'écran 2026-06-25 234439.png"
2026-08-07 19:26:02 [WARNING] MENACE : None → Capture d'écran 2026-06-25 234439.png
2026-08-07 19:26:02 [ERROR]  Erreur scan YARA sur C:\Users\DELL LATITUDE 5420\OneDrive\Images\Screenshots\Capture d'écran 2026-06-25 234628.png : could not open file "C:\Users\DELL LATITUDE 5420\OneDrive\Images\Screenshots\Capture d'écran 2026-06-25 234628.png"
2026-08-07 19:26:02 [WARNING] MENACE : None → Capture d'écran 2026-06-25 234628.png
2026-08-07 19:26:03 [ERROR]  Erreur scan YARA sur C:\Users\DELL LATITUDE 5420\OneDrive\Images\Screenshots\Capture d'écran 2026-06-25 234651.png : could not open file "C:\Users\DELL LATITUDE 5420\OneDrive\Images\Screenshots\Capture d'écran 2026-06-25 234651.png"
2026-08-07 19:26:03 [WARNING] MENACE : None → Capture d'écran 2026-06-25 234651.png
2026-08-07 19:26:03 [ERROR]  Erreur scan YARA sur C:\Users\DELL LATITUDE 5420\OneDrive\Images\Screenshots\Capture d'écran 2026-06-25 235424.png : could not open file "C:\Users\DELL LATITUDE 5420\OneDrive\Images\Screenshots\Capture d'écran 2026-06-25 235424.png"
2026-08-07 19:26:03 [WARNING] MENACE : None → Capture d'écran 2026-06-25 235424.png
2026-08-07 19:26:03 [ERROR]  Erreur scan YARA sur C:\Users\DELL LATITUDE 5420\OneDrive\Images\Screenshots\Capture d'écran 2026-06-25 235452.png : could not open file "C:\Users\DELL LATITUDE 5420\OneDrive\Images\Screenshots\Capture d'écran 2026-06-25 235452.png"
2026-08-07 19:26:03 [WARNING] MENACE : None → Capture d'écran 2026-06-25 235452.png
2026-08-07 19:26:03 [ERROR]  Erreur scan YARA sur C:\Users\DELL LATITUDE 5420\OneDrive\Images\Screenshots\Capture d'écran 2026-06-26 000710.png : could not open file "C:\Users\DELL LATITUDE 5420\OneDrive\Images\Screenshots\Capture d'écran 2026-06-26 000710.png"
2026-08-07 19:26:03 [WARNING] MENACE : None → Capture d'écran 2026-06-26 000710.png
2026-08-07 19:26:03 [ERROR]  Erreur scan YARA sur C:\Users\DELL LATITUDE 5420\OneDrive\Images\Screenshots\Capture d'écran 2026-06-26 003219.png : could not open file "C:\Users\DELL LATITUDE 5420\OneDrive\Images\Screenshots\Capture d'écran 2026-06-26 003219.png"
2026-08-07 19:26:03 [WARNING] MENACE : None → Capture d'écran 2026-06-26 003219.png
2026-08-07 19:26:04 [ERROR]  Erreur scan YARA sur C:\Users\DELL LATITUDE 5420\OneDrive\Images\Screenshots\Capture d'écran 2026-06-26 110845.png : could not open file "C:\Users\DELL LATITUDE 5420\OneDrive\Images\Screenshots\Capture d'écran 2026-06-26 110845.png"
2026-08-07 19:26:04 [WARNING] MENACE : None → Capture d'écran 2026-06-26 110845.png
2026-08-07 19:26:04 [ERROR]  Erreur scan YARA sur C:\Users\DELL LATITUDE 5420\OneDrive\Images\Screenshots\Capture d'écran 2026-06-26 114514.png : could not open file "C:\Users\DELL LATITUDE 5420\OneDrive\Images\Screenshots\Capture d'écran 2026-06-26 114514.png"
2026-08-07 19:26:04 [WARNING] MENACE : None → Capture d'écran 2026-06-26 114514.png
2026-08-07 19:26:04 [ERROR]  Erreur scan YARA sur C:\Users\DELL LATITUDE 5420\OneDrive\Images\Screenshots\Capture d'écran 2026-06-26 120110.png : could not open file "C:\Users\DELL LATITUDE 5420\OneDrive\Images\Screenshots\Capture d'écran 2026-06-26 120110.png"
2026-08-07 19:26:04 [WARNING] MENACE : None → Capture d'écran 2026-06-26 120110.png
2026-08-07 19:26:04 [ERROR]  Erreur scan YARA sur C:\Users\DELL LATITUDE 5420\OneDrive\Images\Screenshots\Capture d'écran 2026-06-26 124015.png : could not open file "C:\Users\DELL LATITUDE 5420\OneDrive\Images\Screenshots\Capture d'écran 2026-06-26 124015.png"
2026-08-07 19:26:04 [WARNING] MENACE : None → Capture d'écran 2026-06-26 124015.png
2026-08-07 19:26:04 [ERROR]  Erreur scan YARA sur C:\Users\DELL LATITUDE 5420\OneDrive\Images\Screenshots\Capture d'écran 2026-06-26 124032.png : could not open file "C:\Users\DELL LATITUDE 5420\OneDrive\Images\Screenshots\Capture d'écran 2026-06-26 124032.png"
2026-08-07 19:26:04 [WARNING] MENACE : None → Capture d'écran 2026-06-26 124032.png
2026-08-07 19:26:04 [ERROR]  Erreur scan YARA sur C:\Users\DELL LATITUDE 5420\OneDrive\Images\Screenshots\Capture d'écran 2026-06-26 130031.png : could not open file "C:\Users\DELL LATITUDE 5420\OneDrive\Images\Screenshots\Capture d'écran 2026-06-26 130031.png"
2026-08-07 19:26:04 [WARNING] MENACE : None → Capture d'écran 2026-06-26 130031.png
2026-08-07 19:26:04 [ERROR]  Erreur scan YARA sur C:\Users\DELL LATITUDE 5420\OneDrive\Images\Screenshots\Capture d'écran 2026-06-26 152434.png : could not open file "C:\Users\DELL LATITUDE 5420\OneDrive\Images\Screenshots\Capture d'écran 2026-06-26 152434.png"
2026-08-07 19:26:04 [WARNING] MENACE : None → Capture d'écran 2026-06-26 152434.png
2026-08-07 19:26:04 [ERROR]  Erreur scan YARA sur C:\Users\DELL LATITUDE 5420\OneDrive\Images\Screenshots\Capture d'écran 2026-06-26 152833.png : could not open file "C:\Users\DELL LATITUDE 5420\OneDrive\Images\Screenshots\Capture d'écran 2026-06-26 152833.png"
2026-08-07 19:26:04 [WARNING] MENACE : None → Capture d'écran 2026-06-26 152833.png
2026-08-07 19:26:04 [ERROR]  Erreur scan YARA sur C:\Users\DELL LATITUDE 5420\OneDrive\Images\Screenshots\Capture d'écran 2026-06-26 155019.png : could not open file "C:\Users\DELL LATITUDE 5420\OneDrive\Images\Screenshots\Capture d'écran 2026-06-26 155019.png"
2026-08-07 19:26:04 [WARNING] MENACE : None → Capture d'écran 2026-06-26 155019.png
2026-08-07 19:26:04 [ERROR]  Erreur scan YARA sur C:\Users\DELL LATITUDE 5420\OneDrive\Images\Screenshots\Capture d'écran 2026-06-26 160303.png : could not open file "C:\Users\DELL LATITUDE 5420\OneDrive\Images\Screenshots\Capture d'écran 2026-06-26 160303.png"
2026-08-07 19:26:04 [WARNING] MENACE : None → Capture d'écran 2026-06-26 160303.png
2026-08-07 19:26:04 [ERROR]  Erreur scan YARA sur C:\Users\DELL LATITUDE 5420\OneDrive\Images\Screenshots\Capture d'écran 2026-06-26 173136.png : could not open file "C:\Users\DELL LATITUDE 5420\OneDrive\Images\Screenshots\Capture d'écran 2026-06-26 173136.png"
2026-08-07 19:26:04 [WARNING] MENACE : None → Capture d'écran 2026-06-26 173136.png
2026-08-07 19:26:04 [ERROR]  Erreur scan YARA sur C:\Users\DELL LATITUDE 5420\OneDrive\Images\Screenshots\Capture d'écran 2026-06-26 173935.png : could not open file "C:\Users\DELL LATITUDE 5420\OneDrive\Images\Screenshots\Capture d'écran 2026-06-26 173935.png"
2026-08-07 19:26:04 [WARNING] MENACE : None → Capture d'écran 2026-06-26 173935.png
2026-08-07 19:26:04 [ERROR]  Erreur scan YARA sur C:\Users\DELL LATITUDE 5420\OneDrive\Images\Screenshots\Capture d'écran 2026-06-26 174149.png : could not open file "C:\Users\DELL LATITUDE 5420\OneDrive\Images\Screenshots\Capture d'écran 2026-06-26 174149.png"
2026-08-07 19:26:04 [WARNING] MENACE : None → Capture d'écran 2026-06-26 174149.png
2026-08-07 19:26:04 [ERROR]  Erreur scan YARA sur C:\Users\DELL LATITUDE 5420\OneDrive\Images\Screenshots\Capture d'écran 2026-06-26 174804.png : could not open file "C:\Users\DELL LATITUDE 5420\OneDrive\Images\Screenshots\Capture d'écran 2026-06-26 174804.png"
2026-08-07 19:26:04 [WARNING] MENACE : None → Capture d'écran 2026-06-26 174804.png
2026-08-07 19:26:04 [ERROR]  Erreur scan YARA sur C:\Users\DELL LATITUDE 5420\OneDrive\Images\Screenshots\Capture d'écran 2026-06-26 193121.png : could not open file "C:\Users\DELL LATITUDE 5420\OneDrive\Images\Screenshots\Capture d'écran 2026-06-26 193121.png"
2026-08-07 19:26:04 [WARNING] MENACE : None → Capture d'écran 2026-06-26 193121.png
2026-08-07 19:26:04 [ERROR]  Erreur scan YARA sur C:\Users\DELL LATITUDE 5420\OneDrive\Images\Screenshots\Capture d'écran 2026-06-27 003143.png : could not open file "C:\Users\DELL LATITUDE 5420\OneDrive\Images\Screenshots\Capture d'écran 2026-06-27 003143.png"
2026-08-07 19:26:04 [WARNING] MENACE : None → Capture d'écran 2026-06-27 003143.png
2026-08-07 19:26:04 [ERROR]  Erreur scan YARA sur C:\Users\DELL LATITUDE 5420\OneDrive\Images\Screenshots\Capture d'écran 2026-06-27 010411.png : could not open file "C:\Users\DELL LATITUDE 5420\OneDrive\Images\Screenshots\Capture d'écran 2026-06-27 010411.png"
2026-08-07 19:26:04 [WARNING] MENACE : None → Capture d'écran 2026-06-27 010411.png
2026-08-07 19:26:05 [ERROR]  Erreur scan YARA sur C:\Users\DELL LATITUDE 5420\OneDrive\Images\Screenshots\Capture d'écran 2026-06-27 010520.png : could not open file "C:\Users\DELL LATITUDE 5420\OneDrive\Images\Screenshots\Capture d'écran 2026-06-27 010520.png"
2026-08-07 19:26:05 [WARNING] MENACE : None → Capture d'écran 2026-06-27 010520.png
2026-08-07 19:26:05 [ERROR]  Erreur scan YARA sur C:\Users\DELL LATITUDE 5420\OneDrive\Images\Screenshots\Capture d'écran 2026-06-27 011203.png : could not open file "C:\Users\DELL LATITUDE 5420\OneDrive\Images\Screenshots\Capture d'écran 2026-06-27 011203.png"
2026-08-07 19:26:05 [WARNING] MENACE : None → Capture d'écran 2026-06-27 011203.png
2026-08-07 19:26:05 [ERROR]  Erreur scan YARA sur C:\Users\DELL LATITUDE 5420\OneDrive\Images\Screenshots\Capture d'écran 2026-06-27 011940.png : could not open file "C:\Users\DELL LATITUDE 5420\OneDrive\Images\Screenshots\Capture d'écran 2026-06-27 011940.png"
2026-08-07 19:26:05 [WARNING] MENACE : None → Capture d'écran 2026-06-27 011940.png
2026-08-07 19:26:05 [ERROR]  Erreur scan YARA sur C:\Users\DELL LATITUDE 5420\OneDrive\Images\Screenshots\Capture d'écran 2026-06-27 012615.png : could not open file "C:\Users\DELL LATITUDE 5420\OneDrive\Images\Screenshots\Capture d'écran 2026-06-27 012615.png"
2026-08-07 19:26:05 [WARNING] MENACE : None → Capture d'écran 2026-06-27 012615.png
2026-08-07 19:26:05 [ERROR]  Erreur scan YARA sur C:\Users\DELL LATITUDE 5420\OneDrive\Images\Screenshots\Capture d'écran 2026-06-27 102533.png : could not open file "C:\Users\DELL LATITUDE 5420\OneDrive\Images\Screenshots\Capture d'écran 2026-06-27 102533.png"
2026-08-07 19:26:05 [WARNING] MENACE : None → Capture d'écran 2026-06-27 102533.png
2026-08-07 19:26:05 [ERROR]  Erreur scan YARA sur C:\Users\DELL LATITUDE 5420\OneDrive\Images\Screenshots\Capture d'écran 2026-06-27 102613.png : could not open file "C:\Users\DELL LATITUDE 5420\OneDrive\Images\Screenshots\Capture d'écran 2026-06-27 102613.png"
2026-08-07 19:26:05 [WARNING] MENACE : None → Capture d'écran 2026-06-27 102613.png
2026-08-07 19:26:05 [ERROR]  Erreur scan YARA sur C:\Users\DELL LATITUDE 5420\OneDrive\Images\Screenshots\Capture d'écran 2026-06-29 153735.png : could not open file "C:\Users\DELL LATITUDE 5420\OneDrive\Images\Screenshots\Capture d'écran 2026-06-29 153735.png"
2026-08-07 19:26:05 [WARNING] MENACE : None → Capture d'écran 2026-06-29 153735.png
2026-08-07 19:26:06 [ERROR]  Erreur scan YARA sur C:\Users\DELL LATITUDE 5420\OneDrive\Images\Screenshots\Capture d'écran 2026-06-29 192922.png : could not open file "C:\Users\DELL LATITUDE 5420\OneDrive\Images\Screenshots\Capture d'écran 2026-06-29 192922.png"
2026-08-07 19:26:06 [WARNING] MENACE : None → Capture d'écran 2026-06-29 192922.png
2026-08-07 19:26:06 [ERROR]  Erreur scan YARA sur C:\Users\DELL LATITUDE 5420\OneDrive\Images\Screenshots\Capture d'écran 2026-06-29 205739.png : could not open file "C:\Users\DELL LATITUDE 5420\OneDrive\Images\Screenshots\Capture d'écran 2026-06-29 205739.png"
2026-08-07 19:26:06 [WARNING] MENACE : None → Capture d'écran 2026-06-29 205739.png
2026-08-07 19:26:06 [ERROR]  Erreur scan YARA sur C:\Users\DELL LATITUDE 5420\OneDrive\Images\Screenshots\Capture d'écran 2026-06-30 140229.png : could not open file "C:\Users\DELL LATITUDE 5420\OneDrive\Images\Screenshots\Capture d'écran 2026-06-30 140229.png"
2026-08-07 19:26:06 [WARNING] MENACE : None → Capture d'écran 2026-06-30 140229.png
2026-08-07 19:26:06 [ERROR]  Erreur scan YARA sur C:\Users\DELL LATITUDE 5420\OneDrive\Images\Screenshots\Capture d'écran 2026-06-30 150652.png : could not open file "C:\Users\DELL LATITUDE 5420\OneDrive\Images\Screenshots\Capture d'écran 2026-06-30 150652.png"
2026-08-07 19:26:06 [WARNING] MENACE : None → Capture d'écran 2026-06-30 150652.png
2026-08-07 19:26:06 [ERROR]  Erreur scan YARA sur C:\Users\DELL LATITUDE 5420\OneDrive\Images\Screenshots\Capture d'écran 2026-06-30 161825.png : could not open file "C:\Users\DELL LATITUDE 5420\OneDrive\Images\Screenshots\Capture d'écran 2026-06-30 161825.png"
2026-08-07 19:26:06 [WARNING] MENACE : None → Capture d'écran 2026-06-30 161825.png
2026-08-07 19:26:06 [ERROR]  Erreur scan YARA sur C:\Users\DELL LATITUDE 5420\OneDrive\Images\Screenshots\Capture d'écran 2026-06-30 161836.png : could not open file "C:\Users\DELL LATITUDE 5420\OneDrive\Images\Screenshots\Capture d'écran 2026-06-30 161836.png"
2026-08-07 19:26:06 [WARNING] MENACE : None → Capture d'écran 2026-06-30 161836.png
2026-08-07 19:26:06 [ERROR]  Erreur scan YARA sur C:\Users\DELL LATITUDE 5420\OneDrive\Images\Screenshots\Capture d'écran 2026-06-30 171135.png : could not open file "C:\Users\DELL LATITUDE 5420\OneDrive\Images\Screenshots\Capture d'écran 2026-06-30 171135.png"
2026-08-07 19:26:06 [WARNING] MENACE : None → Capture d'écran 2026-06-30 171135.png
2026-08-07 19:26:06 [ERROR]  Erreur scan YARA sur C:\Users\DELL LATITUDE 5420\OneDrive\Images\Screenshots\Capture d'écran 2026-06-30 201233.png : could not open file "C:\Users\DELL LATITUDE 5420\OneDrive\Images\Screenshots\Capture d'écran 2026-06-30 201233.png"
2026-08-07 19:26:06 [WARNING] MENACE : None → Capture d'écran 2026-06-30 201233.png
2026-08-07 19:26:06 [ERROR]  Erreur scan YARA sur C:\Users\DELL LATITUDE 5420\OneDrive\Images\Screenshots\Capture d'écran 2026-06-30 201245.png : could not open file "C:\Users\DELL LATITUDE 5420\OneDrive\Images\Screenshots\Capture d'écran 2026-06-30 201245.png"
2026-08-07 19:26:06 [WARNING] MENACE : None → Capture d'écran 2026-06-30 201245.png
2026-08-07 19:26:06 [ERROR]  Erreur scan YARA sur C:\Users\DELL LATITUDE 5420\OneDrive\Images\Screenshots\Capture d'écran 2026-06-30 201617.png : could not open file "C:\Users\DELL LATITUDE 5420\OneDrive\Images\Screenshots\Capture d'écran 2026-06-30 201617.png"
2026-08-07 19:26:06 [WARNING] MENACE : None → Capture d'écran 2026-06-30 201617.png
2026-08-07 19:26:06 [ERROR]  Erreur scan YARA sur C:\Users\DELL LATITUDE 5420\OneDrive\Images\Screenshots\Capture d'écran 2026-06-30 213224.png : could not open file "C:\Users\DELL LATITUDE 5420\OneDrive\Images\Screenshots\Capture d'écran 2026-06-30 213224.png"
2026-08-07 19:26:06 [WARNING] MENACE : None → Capture d'écran 2026-06-30 213224.png
2026-08-07 19:26:06 [ERROR]  Erreur scan YARA sur C:\Users\DELL LATITUDE 5420\OneDrive\Images\Screenshots\Capture d'écran 2026-06hgfc-24 032633.png : could not open file "C:\Users\DELL LATITUDE 5420\OneDrive\Images\Screenshots\Capture d'écran 2026-06hgfc-24 032633.png"
2026-08-07 19:26:06 [WARNING] MENACE : None → Capture d'écran 2026-06hgfc-24 032633.png
2026-08-07 19:26:06 [ERROR]  Erreur scan YARA sur C:\Users\DELL LATITUDE 5420\OneDrive\Images\Screenshots\Capture d'écran 2026-07-01 185017.png : could not open file "C:\Users\DELL LATITUDE 5420\OneDrive\Images\Screenshots\Capture d'écran 2026-07-01 185017.png"
2026-08-07 19:26:06 [ERROR]  Erreur scan YARA sur C:\Users\DELL LATITUDE 5420\OneDrive\Images\Screenshots\Capture d'écran 2026-07-01 185024.png : could not open file "C:\Users\DELL LATITUDE 5420\OneDrive\Images\Screenshots\Capture d'écran 2026-07-01 185024.png"
2026-08-07 19:26:06 [ERROR]  Erreur scan YARA sur C:\Users\DELL LATITUDE 5420\OneDrive\Images\Screenshots\Capture d'écran 2026-07-01 192043.png : could not open file "C:\Users\DELL LATITUDE 5420\OneDrive\Images\Screenshots\Capture d'écran 2026-07-01 192043.png"
2026-08-07 19:26:06 [WARNING] MENACE : None → Capture d'écran 2026-07-01 192043.png
2026-08-07 19:26:06 [ERROR]  Erreur scan YARA sur C:\Users\DELL LATITUDE 5420\OneDrive\Images\Screenshots\Capture d'écran 2026-07-06 021233.png : could not open file "C:\Users\DELL LATITUDE 5420\OneDrive\Images\Screenshots\Capture d'écran 2026-07-06 021233.png"
2026-08-07 19:26:06 [WARNING] MENACE : None → Capture d'écran 2026-07-06 021233.png
2026-08-07 19:26:06 [ERROR]  Erreur scan YARA sur C:\Users\DELL LATITUDE 5420\OneDrive\Images\Screenshots\Capture d'écran 2026-07-06 123442.png : could not open file "C:\Users\DELL LATITUDE 5420\OneDrive\Images\Screenshots\Capture d'écran 2026-07-06 123442.png"
2026-08-07 19:26:06 [WARNING] MENACE : None → Capture d'écran 2026-07-06 123442.png
2026-08-07 19:26:06 [ERROR]  Erreur scan YARA sur C:\Users\DELL LATITUDE 5420\OneDrive\Images\Screenshots\Capture d'écran 2026-07-06 123510.png : could not open file "C:\Users\DELL LATITUDE 5420\OneDrive\Images\Screenshots\Capture d'écran 2026-07-06 123510.png"
2026-08-07 19:26:06 [WARNING] MENACE : None → Capture d'écran 2026-07-06 123510.png
2026-08-07 19:26:06 [ERROR]  Erreur scan YARA sur C:\Users\DELL LATITUDE 5420\OneDrive\Images\Screenshots\Capture d'écran 2026-07-09 082223.png : could not open file "C:\Users\DELL LATITUDE 5420\OneDrive\Images\Screenshots\Capture d'écran 2026-07-09 082223.png"
2026-08-07 19:26:06 [WARNING] MENACE : None → Capture d'écran 2026-07-09 082223.png
2026-08-07 19:26:06 [ERROR]  Erreur scan YARA sur C:\Users\DELL LATITUDE 5420\OneDrive\Images\Screenshots\Capture d'écran 2026-07-09 150400.png : could not open file "C:\Users\DELL LATITUDE 5420\OneDrive\Images\Screenshots\Capture d'écran 2026-07-09 150400.png"
2026-08-07 19:26:06 [WARNING] MENACE : None → Capture d'écran 2026-07-09 150400.png
2026-08-07 19:26:06 [ERROR]  Erreur scan YARA sur C:\Users\DELL LATITUDE 5420\OneDrive\Images\Screenshots\Capture d'écran 2026-07-09 150420.png : could not open file "C:\Users\DELL LATITUDE 5420\OneDrive\Images\Screenshots\Capture d'écran 2026-07-09 150420.png"
2026-08-07 19:26:06 [WARNING] MENACE : None → Capture d'écran 2026-07-09 150420.png
2026-08-07 19:26:06 [ERROR]  Erreur scan YARA sur C:\Users\DELL LATITUDE 5420\OneDrive\Images\Screenshots\Capture d'écran 2026-07-09 161904.png : could not open file "C:\Users\DELL LATITUDE 5420\OneDrive\Images\Screenshots\Capture d'écran 2026-07-09 161904.png"
2026-08-07 19:26:06 [WARNING] MENACE : None → Capture d'écran 2026-07-09 161904.png
2026-08-07 19:26:06 [ERROR]  Erreur scan YARA sur C:\Users\DELL LATITUDE 5420\OneDrive\Images\Screenshots\Capture d'écran 2026-07-10 080008.png : could not open file "C:\Users\DELL LATITUDE 5420\OneDrive\Images\Screenshots\Capture d'écran 2026-07-10 080008.png"
2026-08-07 19:26:06 [WARNING] MENACE : None → Capture d'écran 2026-07-10 080008.png
2026-08-07 19:26:06 [ERROR]  Erreur scan YARA sur C:\Users\DELL LATITUDE 5420\OneDrive\Images\Screenshots\Capture d'écran 2026-07-10 081443.png : could not open file "C:\Users\DELL LATITUDE 5420\OneDrive\Images\Screenshots\Capture d'écran 2026-07-10 081443.png"
2026-08-07 19:26:06 [WARNING] MENACE : None → Capture d'écran 2026-07-10 081443.png
2026-08-07 19:26:06 [ERROR]  Erreur scan YARA sur C:\Users\DELL LATITUDE 5420\OneDrive\Images\Screenshots\Capture d'écran 2026-07-10 082922.png : could not open file "C:\Users\DELL LATITUDE 5420\OneDrive\Images\Screenshots\Capture d'écran 2026-07-10 082922.png"
2026-08-07 19:26:06 [WARNING] MENACE : None → Capture d'écran 2026-07-10 082922.png
2026-08-07 19:26:06 [ERROR]  Erreur scan YARA sur C:\Users\DELL LATITUDE 5420\OneDrive\Images\Screenshots\Capture d'écran 2026-07-10 210958.png : could not open file "C:\Users\DELL LATITUDE 5420\OneDrive\Images\Screenshots\Capture d'écran 2026-07-10 210958.png"
2026-08-07 19:26:06 [WARNING] MENACE : None → Capture d'écran 2026-07-10 210958.png
2026-08-07 19:26:06 [ERROR]  Erreur scan YARA sur C:\Users\DELL LATITUDE 5420\OneDrive\Images\Screenshots\Capture d'écran 2026-07-10 213154.png : could not open file "C:\Users\DELL LATITUDE 5420\OneDrive\Images\Screenshots\Capture d'écran 2026-07-10 213154.png"
2026-08-07 19:26:06 [WARNING] MENACE : None → Capture d'écran 2026-07-10 213154.png
2026-08-07 19:26:06 [ERROR]  Erreur scan YARA sur C:\Users\DELL LATITUDE 5420\OneDrive\Images\Screenshots\Capture d'écran 2026-07-10 214437.png : could not open file "C:\Users\DELL LATITUDE 5420\OneDrive\Images\Screenshots\Capture d'écran 2026-07-10 214437.png"
2026-08-07 19:26:06 [WARNING] MENACE : None → Capture d'écran 2026-07-10 214437.png
2026-08-07 19:26:06 [ERROR]  Erreur scan YARA sur C:\Users\DELL LATITUDE 5420\OneDrive\Images\Screenshots\Capture d'écran 2026-07-10 214954.png : could not open file "C:\Users\DELL LATITUDE 5420\OneDrive\Images\Screenshots\Capture d'écran 2026-07-10 214954.png"
2026-08-07 19:26:06 [WARNING] MENACE : None → Capture d'écran 2026-07-10 214954.png
2026-08-07 19:26:06 [ERROR]  Erreur scan YARA sur C:\Users\DELL LATITUDE 5420\OneDrive\Images\Screenshots\Capture d'écran 2026-07-10 215002.png : could not open file "C:\Users\DELL LATITUDE 5420\OneDrive\Images\Screenshots\Capture d'écran 2026-07-10 215002.png"
2026-08-07 19:26:06 [WARNING] MENACE : None → Capture d'écran 2026-07-10 215002.png
2026-08-07 19:26:06 [ERROR]  Erreur scan YARA sur C:\Users\DELL LATITUDE 5420\OneDrive\Images\Screenshots\Capture d'écran 2026-07-12 204703.png : could not open file "C:\Users\DELL LATITUDE 5420\OneDrive\Images\Screenshots\Capture d'écran 2026-07-12 204703.png"
2026-08-07 19:26:06 [WARNING] MENACE : None → Capture d'écran 2026-07-12 204703.png
2026-08-07 19:26:06 [ERROR]  Erreur scan YARA sur C:\Users\DELL LATITUDE 5420\OneDrive\Images\Screenshots\Capture d'écran 2026-07-12 211735.png : could not open file "C:\Users\DELL LATITUDE 5420\OneDrive\Images\Screenshots\Capture d'écran 2026-07-12 211735.png"
2026-08-07 19:26:06 [WARNING] MENACE : None → Capture d'écran 2026-07-12 211735.png
2026-08-07 19:26:06 [ERROR]  Erreur scan YARA sur C:\Users\DELL LATITUDE 5420\OneDrive\Images\Screenshots\Capture d'écran 2026-07-12 212121.png : could not open file "C:\Users\DELL LATITUDE 5420\OneDrive\Images\Screenshots\Capture d'écran 2026-07-12 212121.png"
2026-08-07 19:26:06 [WARNING] MENACE : None → Capture d'écran 2026-07-12 212121.png
2026-08-07 19:26:06 [ERROR]  Erreur scan YARA sur C:\Users\DELL LATITUDE 5420\OneDrive\Images\Screenshots\Capture d'écran 2026-07-13 133432.png : could not open file "C:\Users\DELL LATITUDE 5420\OneDrive\Images\Screenshots\Capture d'écran 2026-07-13 133432.png"
2026-08-07 19:26:06 [WARNING] MENACE : None → Capture d'écran 2026-07-13 133432.png
2026-08-07 19:26:06 [ERROR]  Erreur scan YARA sur C:\Users\DELL LATITUDE 5420\OneDrive\Images\Screenshots\Capture d'écran 2026-07-13 200105.png : could not open file "C:\Users\DELL LATITUDE 5420\OneDrive\Images\Screenshots\Capture d'écran 2026-07-13 200105.png"
2026-08-07 19:26:06 [WARNING] MENACE : None → Capture d'écran 2026-07-13 200105.png
2026-08-07 19:26:06 [ERROR]  Erreur scan YARA sur C:\Users\DELL LATITUDE 5420\OneDrive\Images\Screenshots\Capture d'écran 2026-07-13 212532.png : could not open file "C:\Users\DELL LATITUDE 5420\OneDrive\Images\Screenshots\Capture d'écran 2026-07-13 212532.png"
2026-08-07 19:26:06 [WARNING] MENACE : None → Capture d'écran 2026-07-13 212532.png
2026-08-07 19:26:06 [ERROR]  Erreur scan YARA sur C:\Users\DELL LATITUDE 5420\OneDrive\Images\Screenshots\Capture d'écran 2026-07-13 212811.png : could not open file "C:\Users\DELL LATITUDE 5420\OneDrive\Images\Screenshots\Capture d'écran 2026-07-13 212811.png"
2026-08-07 19:26:06 [WARNING] MENACE : None → Capture d'écran 2026-07-13 212811.png
2026-08-07 19:26:06 [ERROR]  Erreur scan YARA sur C:\Users\DELL LATITUDE 5420\OneDrive\Images\Screenshots\Capture d'écran 2026-07-13 212822.png : could not open file "C:\Users\DELL LATITUDE 5420\OneDrive\Images\Screenshots\Capture d'écran 2026-07-13 212822.png"
2026-08-07 19:26:06 [WARNING] MENACE : None → Capture d'écran 2026-07-13 212822.png
2026-08-07 19:26:06 [ERROR]  Erreur scan YARA sur C:\Users\DELL LATITUDE 5420\OneDrive\Images\Screenshots\Capture d'écran 2026-07-13 212830.png : could not open file "C:\Users\DELL LATITUDE 5420\OneDrive\Images\Screenshots\Capture d'écran 2026-07-13 212830.png"
2026-08-07 19:26:06 [WARNING] MENACE : None → Capture d'écran 2026-07-13 212830.png
2026-08-07 19:26:07 [ERROR]  Erreur scan YARA sur C:\Users\DELL LATITUDE 5420\OneDrive\Images\Screenshots\Capture d'écran 2026-07-15 201710.png : could not open file "C:\Users\DELL LATITUDE 5420\OneDrive\Images\Screenshots\Capture d'écran 2026-07-15 201710.png"
2026-08-07 19:26:07 [WARNING] MENACE : None → Capture d'écran 2026-07-15 201710.png
2026-08-07 19:26:07 [ERROR]  Erreur scan YARA sur C:\Users\DELL LATITUDE 5420\OneDrive\Images\Screenshots\Capture d'écran 2026-07-15 202245.png : could not open file "C:\Users\DELL LATITUDE 5420\OneDrive\Images\Screenshots\Capture d'écran 2026-07-15 202245.png"
2026-08-07 19:26:07 [WARNING] MENACE : None → Capture d'écran 2026-07-15 202245.png
2026-08-07 19:26:07 [ERROR]  Erreur scan YARA sur C:\Users\DELL LATITUDE 5420\OneDrive\Images\Screenshots\Capture d'écran 2026-07-15 213433.png : could not open file "C:\Users\DELL LATITUDE 5420\OneDrive\Images\Screenshots\Capture d'écran 2026-07-15 213433.png"
2026-08-07 19:26:07 [WARNING] MENACE : None → Capture d'écran 2026-07-15 213433.png
2026-08-07 19:26:07 [ERROR]  Erreur scan YARA sur C:\Users\DELL LATITUDE 5420\OneDrive\Images\Screenshots\Capture d'écran 2026-07-15 214358.png : could not open file "C:\Users\DELL LATITUDE 5420\OneDrive\Images\Screenshots\Capture d'écran 2026-07-15 214358.png"
2026-08-07 19:26:07 [WARNING] MENACE : None → Capture d'écran 2026-07-15 214358.png
2026-08-07 19:26:07 [ERROR]  Erreur scan YARA sur C:\Users\DELL LATITUDE 5420\OneDrive\Images\Screenshots\Capture d'écran 2026-07-15 214412.png : could not open file "C:\Users\DELL LATITUDE 5420\OneDrive\Images\Screenshots\Capture d'écran 2026-07-15 214412.png"
2026-08-07 19:26:07 [WARNING] MENACE : None → Capture d'écran 2026-07-15 214412.png
2026-08-07 19:26:07 [ERROR]  Erreur scan YARA sur C:\Users\DELL LATITUDE 5420\OneDrive\Images\Screenshots\Capture d'écran 2026-07-15 231437.png : could not open file "C:\Users\DELL LATITUDE 5420\OneDrive\Images\Screenshots\Capture d'écran 2026-07-15 231437.png"
2026-08-07 19:26:07 [WARNING] MENACE : None → Capture d'écran 2026-07-15 231437.png
2026-08-07 19:26:07 [ERROR]  Erreur scan YARA sur C:\Users\DELL LATITUDE 5420\OneDrive\Images\Screenshots\Capture d'écran 2026-07-15 231832.png : could not open file "C:\Users\DELL LATITUDE 5420\OneDrive\Images\Screenshots\Capture d'écran 2026-07-15 231832.png"
2026-08-07 19:26:07 [WARNING] MENACE : None → Capture d'écran 2026-07-15 231832.png
2026-08-07 19:26:07 [ERROR]  Erreur scan YARA sur C:\Users\DELL LATITUDE 5420\OneDrive\Images\Screenshots\Capture d'écran 2026-07-16 000236.png : could not open file "C:\Users\DELL LATITUDE 5420\OneDrive\Images\Screenshots\Capture d'écran 2026-07-16 000236.png"
2026-08-07 19:26:07 [WARNING] MENACE : None → Capture d'écran 2026-07-16 000236.png
2026-08-07 19:26:07 [ERROR]  Erreur scan YARA sur C:\Users\DELL LATITUDE 5420\OneDrive\Images\Screenshots\Capture d'écran 2026-07-16 001948.png : could not open file "C:\Users\DELL LATITUDE 5420\OneDrive\Images\Screenshots\Capture d'écran 2026-07-16 001948.png"
2026-08-07 19:26:07 [WARNING] MENACE : None → Capture d'écran 2026-07-16 001948.png
2026-08-07 19:26:07 [ERROR]  Erreur scan YARA sur C:\Users\DELL LATITUDE 5420\OneDrive\Images\Screenshots\Capture d'écran 2026-07-16 002007.png : could not open file "C:\Users\DELL LATITUDE 5420\OneDrive\Images\Screenshots\Capture d'écran 2026-07-16 002007.png"
2026-08-07 19:26:07 [WARNING] MENACE : None → Capture d'écran 2026-07-16 002007.png
2026-08-07 19:26:07 [ERROR]  Erreur scan YARA sur C:\Users\DELL LATITUDE 5420\OneDrive\Images\Screenshots\Capture d'écran 2026-07-16 002020.png : could not open file "C:\Users\DELL LATITUDE 5420\OneDrive\Images\Screenshots\Capture d'écran 2026-07-16 002020.png"
2026-08-07 19:26:07 [WARNING] MENACE : None → Capture d'écran 2026-07-16 002020.png
2026-08-07 19:26:07 [ERROR]  Erreur scan YARA sur C:\Users\DELL LATITUDE 5420\OneDrive\Images\Screenshots\Capture d'écran 2026-07-16 003835.png : could not open file "C:\Users\DELL LATITUDE 5420\OneDrive\Images\Screenshots\Capture d'écran 2026-07-16 003835.png"
2026-08-07 19:26:07 [WARNING] MENACE : None → Capture d'écran 2026-07-16 003835.png
2026-08-07 19:26:07 [ERROR]  Erreur scan YARA sur C:\Users\DELL LATITUDE 5420\OneDrive\Images\Screenshots\Capture d'écran 2026-07-19 152900.png : could not open file "C:\Users\DELL LATITUDE 5420\OneDrive\Images\Screenshots\Capture d'écran 2026-07-19 152900.png"
2026-08-07 19:26:07 [WARNING] MENACE : None → Capture d'écran 2026-07-19 152900.png
2026-08-07 19:26:07 [ERROR]  Erreur scan YARA sur C:\Users\DELL LATITUDE 5420\OneDrive\Images\Screenshots\Capture d'écran 2026-07-19 152927.png : could not open file "C:\Users\DELL LATITUDE 5420\OneDrive\Images\Screenshots\Capture d'écran 2026-07-19 152927.png"
2026-08-07 19:26:07 [WARNING] MENACE : None → Capture d'écran 2026-07-19 152927.png
2026-08-07 19:26:07 [ERROR]  Erreur scan YARA sur C:\Users\DELL LATITUDE 5420\OneDrive\Images\Screenshots\Capture d'écran 2026-07-19 153356.png : could not open file "C:\Users\DELL LATITUDE 5420\OneDrive\Images\Screenshots\Capture d'écran 2026-07-19 153356.png"
2026-08-07 19:26:07 [WARNING] MENACE : None → Capture d'écran 2026-07-19 153356.png
2026-08-07 19:26:07 [ERROR]  Erreur scan YARA sur C:\Users\DELL LATITUDE 5420\OneDrive\Images\Screenshots\Capture d'écran 2026-07-19 231832.png : could not open file "C:\Users\DELL LATITUDE 5420\OneDrive\Images\Screenshots\Capture d'écran 2026-07-19 231832.png"
2026-08-07 19:26:07 [WARNING] MENACE : None → Capture d'écran 2026-07-19 231832.png
2026-08-07 19:26:07 [ERROR]  Erreur scan YARA sur C:\Users\DELL LATITUDE 5420\OneDrive\Images\Screenshots\Capture d'écran 2026-07-19 232948.png : could not open file "C:\Users\DELL LATITUDE 5420\OneDrive\Images\Screenshots\Capture d'écran 2026-07-19 232948.png"
2026-08-07 19:26:07 [WARNING] MENACE : None → Capture d'écran 2026-07-19 232948.png
2026-08-07 19:26:07 [ERROR]  Erreur scan YARA sur C:\Users\DELL LATITUDE 5420\OneDrive\Images\Screenshots\Capture d'écran 2026-07-19 233028.png : could not open file "C:\Users\DELL LATITUDE 5420\OneDrive\Images\Screenshots\Capture d'écran 2026-07-19 233028.png"
2026-08-07 19:26:07 [WARNING] MENACE : None → Capture d'écran 2026-07-19 233028.png
2026-08-07 19:26:07 [ERROR]  Erreur scan YARA sur C:\Users\DELL LATITUDE 5420\OneDrive\Images\Screenshots\Capture d'écran 2026-07-19 233706.png : could not open file "C:\Users\DELL LATITUDE 5420\OneDrive\Images\Screenshots\Capture d'écran 2026-07-19 233706.png"
2026-08-07 19:26:07 [WARNING] MENACE : None → Capture d'écran 2026-07-19 233706.png
2026-08-07 19:26:07 [ERROR]  Erreur scan YARA sur C:\Users\DELL LATITUDE 5420\OneDrive\Images\Screenshots\Capture d'écran 2026-07-19 235018.png : could not open file "C:\Users\DELL LATITUDE 5420\OneDrive\Images\Screenshots\Capture d'écran 2026-07-19 235018.png"
2026-08-07 19:26:07 [WARNING] MENACE : None → Capture d'écran 2026-07-19 235018.png
2026-08-07 19:26:07 [ERROR]  Erreur scan YARA sur C:\Users\DELL LATITUDE 5420\OneDrive\Images\Screenshots\Capture d'écran 2026-07-20 001630.png : could not open file "C:\Users\DELL LATITUDE 5420\OneDrive\Images\Screenshots\Capture d'écran 2026-07-20 001630.png"
2026-08-07 19:26:07 [WARNING] MENACE : None → Capture d'écran 2026-07-20 001630.png
2026-08-07 19:26:08 [ERROR]  Erreur scan YARA sur C:\Users\DELL LATITUDE 5420\OneDrive\Images\Screenshots\Capture d'écran 2026-07-20 100615.png : could not open file "C:\Users\DELL LATITUDE 5420\OneDrive\Images\Screenshots\Capture d'écran 2026-07-20 100615.png"
2026-08-07 19:26:08 [WARNING] MENACE : None → Capture d'écran 2026-07-20 100615.png
2026-08-07 19:26:08 [ERROR]  Erreur scan YARA sur C:\Users\DELL LATITUDE 5420\OneDrive\Images\Screenshots\Capture d'écran 2026-07-20 123253.png : could not open file "C:\Users\DELL LATITUDE 5420\OneDrive\Images\Screenshots\Capture d'écran 2026-07-20 123253.png"
2026-08-07 19:26:08 [WARNING] MENACE : None → Capture d'écran 2026-07-20 123253.png
2026-08-07 19:26:08 [ERROR]  Erreur scan YARA sur C:\Users\DELL LATITUDE 5420\OneDrive\Images\Screenshots\Capture d'écran 2026-07-20 124211.png : could not open file "C:\Users\DELL LATITUDE 5420\OneDrive\Images\Screenshots\Capture d'écran 2026-07-20 124211.png"
2026-08-07 19:26:08 [WARNING] MENACE : None → Capture d'écran 2026-07-20 124211.png
2026-08-07 19:26:08 [ERROR]  Erreur scan YARA sur C:\Users\DELL LATITUDE 5420\OneDrive\Images\Screenshots\Capture d'écran 2026-07-22 155355.png : could not open file "C:\Users\DELL LATITUDE 5420\OneDrive\Images\Screenshots\Capture d'écran 2026-07-22 155355.png"
2026-08-07 19:26:08 [WARNING] MENACE : None → Capture d'écran 2026-07-22 155355.png
2026-08-07 19:26:08 [ERROR]  Erreur scan YARA sur C:\Users\DELL LATITUDE 5420\OneDrive\Images\Screenshots\Capture d'écran 2026-07-22 184203.png : could not open file "C:\Users\DELL LATITUDE 5420\OneDrive\Images\Screenshots\Capture d'écran 2026-07-22 184203.png"
2026-08-07 19:26:08 [WARNING] MENACE : None → Capture d'écran 2026-07-22 184203.png
2026-08-07 19:26:08 [ERROR]  Erreur scan YARA sur C:\Users\DELL LATITUDE 5420\OneDrive\Images\Screenshots\Capture d'écran 2026-07-22 184801.png : could not open file "C:\Users\DELL LATITUDE 5420\OneDrive\Images\Screenshots\Capture d'écran 2026-07-22 184801.png"
2026-08-07 19:26:08 [WARNING] MENACE : None → Capture d'écran 2026-07-22 184801.png
2026-08-07 19:26:08 [ERROR]  Erreur scan YARA sur C:\Users\DELL LATITUDE 5420\OneDrive\Images\Screenshots\Capture d'écran 2026-07-22 184955.png : could not open file "C:\Users\DELL LATITUDE 5420\OneDrive\Images\Screenshots\Capture d'écran 2026-07-22 184955.png"
2026-08-07 19:26:08 [ERROR]  Erreur scan YARA sur C:\Users\DELL LATITUDE 5420\OneDrive\Images\Screenshots\Capture d'écran 2026-07-22 185002.png : could not open file "C:\Users\DELL LATITUDE 5420\OneDrive\Images\Screenshots\Capture d'écran 2026-07-22 185002.png"
2026-08-07 19:26:08 [WARNING] MENACE : None → Capture d'écran 2026-07-22 185002.png
2026-08-07 19:26:08 [ERROR]  Erreur scan YARA sur C:\Users\DELL LATITUDE 5420\OneDrive\Images\Screenshots\Capture d'écran 2026-07-22 233303.png : could not open file "C:\Users\DELL LATITUDE 5420\OneDrive\Images\Screenshots\Capture d'écran 2026-07-22 233303.png"
2026-08-07 19:26:08 [WARNING] MENACE : None → Capture d'écran 2026-07-22 233303.png
2026-08-07 19:26:08 [ERROR]  Erreur scan YARA sur C:\Users\DELL LATITUDE 5420\OneDrive\Images\Screenshots\Capture d'écran 2026-07-22 233334.png : could not open file "C:\Users\DELL LATITUDE 5420\OneDrive\Images\Screenshots\Capture d'écran 2026-07-22 233334.png"
2026-08-07 19:26:08 [WARNING] MENACE : None → Capture d'écran 2026-07-22 233334.png
2026-08-07 19:26:08 [ERROR]  Erreur scan YARA sur C:\Users\DELL LATITUDE 5420\OneDrive\Images\Screenshots\Capture d'écran 2026-07-22 234130.png : could not open file "C:\Users\DELL LATITUDE 5420\OneDrive\Images\Screenshots\Capture d'écran 2026-07-22 234130.png"
2026-08-07 19:26:08 [WARNING] MENACE : None → Capture d'écran 2026-07-22 234130.png
2026-08-07 19:26:08 [ERROR]  Erreur scan YARA sur C:\Users\DELL LATITUDE 5420\OneDrive\Images\Screenshots\Capture d'écran 2026-07-22 234140.png : could not open file "C:\Users\DELL LATITUDE 5420\OneDrive\Images\Screenshots\Capture d'écran 2026-07-22 234140.png"
2026-08-07 19:26:08 [WARNING] MENACE : None → Capture d'écran 2026-07-22 234140.png
2026-08-07 19:26:08 [ERROR]  Erreur scan YARA sur C:\Users\DELL LATITUDE 5420\OneDrive\Images\Screenshots\Capture d'écran 2026-07-22 235121.png : could not open file "C:\Users\DELL LATITUDE 5420\OneDrive\Images\Screenshots\Capture d'écran 2026-07-22 235121.png"
2026-08-07 19:26:08 [WARNING] MENACE : None → Capture d'écran 2026-07-22 235121.png
2026-08-07 19:26:08 [ERROR]  Erreur scan YARA sur C:\Users\DELL LATITUDE 5420\OneDrive\Images\Screenshots\Capture d'écran 2026-07-22 235359.png : could not open file "C:\Users\DELL LATITUDE 5420\OneDrive\Images\Screenshots\Capture d'écran 2026-07-22 235359.png"
2026-08-07 19:26:08 [WARNING] MENACE : None → Capture d'écran 2026-07-22 235359.png
2026-08-07 19:26:08 [ERROR]  Erreur scan YARA sur C:\Users\DELL LATITUDE 5420\OneDrive\Images\Screenshots\Capture d'écran 2026-07-22 235702.png : could not open file "C:\Users\DELL LATITUDE 5420\OneDrive\Images\Screenshots\Capture d'écran 2026-07-22 235702.png"
2026-08-07 19:26:08 [WARNING] MENACE : None → Capture d'écran 2026-07-22 235702.png
2026-08-07 19:26:09 [ERROR]  Erreur scan YARA sur C:\Users\DELL LATITUDE 5420\OneDrive\Images\Screenshots\Capture d'écran 2026-07-23 033116.png : could not open file "C:\Users\DELL LATITUDE 5420\OneDrive\Images\Screenshots\Capture d'écran 2026-07-23 033116.png"
2026-08-07 19:26:09 [WARNING] MENACE : None → Capture d'écran 2026-07-23 033116.png
2026-08-07 19:26:09 [ERROR]  Erreur scan YARA sur C:\Users\DELL LATITUDE 5420\OneDrive\Images\Screenshots\Capture d'écran 2026-07-23 033147.png : could not open file "C:\Users\DELL LATITUDE 5420\OneDrive\Images\Screenshots\Capture d'écran 2026-07-23 033147.png"
2026-08-07 19:26:09 [WARNING] MENACE : None → Capture d'écran 2026-07-23 033147.png
2026-08-07 19:26:09 [ERROR]  Erreur scan YARA sur C:\Users\DELL LATITUDE 5420\OneDrive\Images\Screenshots\Capture d'écran 2026-07-23 033234.png : could not open file "C:\Users\DELL LATITUDE 5420\OneDrive\Images\Screenshots\Capture d'écran 2026-07-23 033234.png"
2026-08-07 19:26:09 [WARNING] MENACE : None → Capture d'écran 2026-07-23 033234.png
2026-08-07 19:26:09 [ERROR]  Erreur scan YARA sur C:\Users\DELL LATITUDE 5420\OneDrive\Images\Screenshots\Capture d'écran 2026-07-23 033321.png : could not open file "C:\Users\DELL LATITUDE 5420\OneDrive\Images\Screenshots\Capture d'écran 2026-07-23 033321.png"
2026-08-07 19:26:09 [WARNING] MENACE : None → Capture d'écran 2026-07-23 033321.png
2026-08-07 19:26:09 [ERROR]  Erreur scan YARA sur C:\Users\DELL LATITUDE 5420\OneDrive\Images\Screenshots\Capture d'écran 2026-07-23 033345.png : could not open file "C:\Users\DELL LATITUDE 5420\OneDrive\Images\Screenshots\Capture d'écran 2026-07-23 033345.png"
2026-08-07 19:26:09 [WARNING] MENACE : None → Capture d'écran 2026-07-23 033345.png
2026-08-07 19:26:10 [ERROR]  Erreur scan YARA sur C:\Users\DELL LATITUDE 5420\OneDrive\Images\Screenshots\Capture d'écran 2026-07-23 033543.png : could not open file "C:\Users\DELL LATITUDE 5420\OneDrive\Images\Screenshots\Capture d'écran 2026-07-23 033543.png"
2026-08-07 19:26:10 [WARNING] MENACE : None → Capture d'écran 2026-07-23 033543.png
2026-08-07 19:26:10 [ERROR]  Erreur scan YARA sur C:\Users\DELL LATITUDE 5420\OneDrive\Images\Screenshots\Capture d'écran 2026-07-23 051154.png : could not open file "C:\Users\DELL LATITUDE 5420\OneDrive\Images\Screenshots\Capture d'écran 2026-07-23 051154.png"
2026-08-07 19:26:10 [WARNING] MENACE : None → Capture d'écran 2026-07-23 051154.png
2026-08-07 19:26:10 [ERROR]  Erreur scan YARA sur C:\Users\DELL LATITUDE 5420\OneDrive\Images\Screenshots\Capture d'écran 2026-07-23 052958.png : could not open file "C:\Users\DELL LATITUDE 5420\OneDrive\Images\Screenshots\Capture d'écran 2026-07-23 052958.png"
2026-08-07 19:26:10 [WARNING] MENACE : None → Capture d'écran 2026-07-23 052958.png
2026-08-07 19:26:10 [ERROR]  Erreur scan YARA sur C:\Users\DELL LATITUDE 5420\OneDrive\Images\Screenshots\Capture d'écran 2026-07-23 053113.png : could not open file "C:\Users\DELL LATITUDE 5420\OneDrive\Images\Screenshots\Capture d'écran 2026-07-23 053113.png"
2026-08-07 19:26:10 [WARNING] MENACE : None → Capture d'écran 2026-07-23 053113.png
2026-08-07 19:26:10 [ERROR]  Erreur scan YARA sur C:\Users\DELL LATITUDE 5420\OneDrive\Images\Screenshots\Capture d'écran 2026-07-23 131958.png : could not open file "C:\Users\DELL LATITUDE 5420\OneDrive\Images\Screenshots\Capture d'écran 2026-07-23 131958.png"
2026-08-07 19:26:10 [WARNING] MENACE : None → Capture d'écran 2026-07-23 131958.png
2026-08-07 19:26:10 [ERROR]  Erreur scan YARA sur C:\Users\DELL LATITUDE 5420\OneDrive\Images\Screenshots\Capture d'écran 2026-07-23 181019.png : could not open file "C:\Users\DELL LATITUDE 5420\OneDrive\Images\Screenshots\Capture d'écran 2026-07-23 181019.png"
2026-08-07 19:26:10 [WARNING] MENACE : None → Capture d'écran 2026-07-23 181019.png
2026-08-07 19:26:10 [ERROR]  Erreur scan YARA sur C:\Users\DELL LATITUDE 5420\OneDrive\Images\Screenshots\Capture d'écran 2026-07-23 181040.png : could not open file "C:\Users\DELL LATITUDE 5420\OneDrive\Images\Screenshots\Capture d'écran 2026-07-23 181040.png"
2026-08-07 19:26:10 [WARNING] MENACE : None → Capture d'écran 2026-07-23 181040.png
2026-08-07 19:26:10 [ERROR]  Erreur scan YARA sur C:\Users\DELL LATITUDE 5420\OneDrive\Images\Screenshots\Capture d'écran 2026-07-24 110550.png : could not open file "C:\Users\DELL LATITUDE 5420\OneDrive\Images\Screenshots\Capture d'écran 2026-07-24 110550.png"
2026-08-07 19:26:10 [WARNING] MENACE : None → Capture d'écran 2026-07-24 110550.png
2026-08-07 19:26:10 [ERROR]  Erreur scan YARA sur C:\Users\DELL LATITUDE 5420\OneDrive\Images\Screenshots\Capture d'écran 2026-07-25 171603.png : could not open file "C:\Users\DELL LATITUDE 5420\OneDrive\Images\Screenshots\Capture d'écran 2026-07-25 171603.png"
2026-08-07 19:26:10 [WARNING] MENACE : None → Capture d'écran 2026-07-25 171603.png
2026-08-07 19:26:10 [ERROR]  Erreur scan YARA sur C:\Users\DELL LATITUDE 5420\OneDrive\Images\Screenshots\Capture d'écran 2026-07-25 172240.png : could not open file "C:\Users\DELL LATITUDE 5420\OneDrive\Images\Screenshots\Capture d'écran 2026-07-25 172240.png"
2026-08-07 19:26:10 [WARNING] MENACE : None → Capture d'écran 2026-07-25 172240.png
2026-08-07 19:26:10 [ERROR]  Erreur scan YARA sur C:\Users\DELL LATITUDE 5420\OneDrive\Images\Screenshots\Capture d'écran 2026-07-25 172721.png : could not open file "C:\Users\DELL LATITUDE 5420\OneDrive\Images\Screenshots\Capture d'écran 2026-07-25 172721.png"
2026-08-07 19:26:10 [WARNING] MENACE : None → Capture d'écran 2026-07-25 172721.png
2026-08-07 19:26:10 [ERROR]  Erreur scan YARA sur C:\Users\DELL LATITUDE 5420\OneDrive\Images\Screenshots\Capture d'écran 2026-07-25 172734.png : could not open file "C:\Users\DELL LATITUDE 5420\OneDrive\Images\Screenshots\Capture d'écran 2026-07-25 172734.png"
2026-08-07 19:26:10 [WARNING] MENACE : None → Capture d'écran 2026-07-25 172734.png
2026-08-07 19:26:10 [ERROR]  Erreur scan YARA sur C:\Users\DELL LATITUDE 5420\OneDrive\Images\Screenshots\Capture d'écran 2026-07-25 172749.png : could not open file "C:\Users\DELL LATITUDE 5420\OneDrive\Images\Screenshots\Capture d'écran 2026-07-25 172749.png"
2026-08-07 19:26:10 [WARNING] MENACE : None → Capture d'écran 2026-07-25 172749.png
2026-08-07 19:26:10 [ERROR]  Erreur scan YARA sur C:\Users\DELL LATITUDE 5420\OneDrive\Images\Screenshots\Capture d'écran 2026-07-25 172823.png : could not open file "C:\Users\DELL LATITUDE 5420\OneDrive\Images\Screenshots\Capture d'écran 2026-07-25 172823.png"
2026-08-07 19:26:10 [WARNING] MENACE : None → Capture d'écran 2026-07-25 172823.png
2026-08-07 19:26:10 [ERROR]  Erreur scan YARA sur C:\Users\DELL LATITUDE 5420\OneDrive\Images\Screenshots\Capture d'écran 2026-07-25 173308.png : could not open file "C:\Users\DELL LATITUDE 5420\OneDrive\Images\Screenshots\Capture d'écran 2026-07-25 173308.png"
2026-08-07 19:26:10 [WARNING] MENACE : None → Capture d'écran 2026-07-25 173308.png
2026-08-07 19:26:10 [ERROR]  Erreur scan YARA sur C:\Users\DELL LATITUDE 5420\OneDrive\Images\Screenshots\Capture d'écran 2026-07-26 112002.png : could not open file "C:\Users\DELL LATITUDE 5420\OneDrive\Images\Screenshots\Capture d'écran 2026-07-26 112002.png"
2026-08-07 19:26:10 [WARNING] MENACE : None → Capture d'écran 2026-07-26 112002.png
2026-08-07 19:26:10 [ERROR]  Erreur scan YARA sur C:\Users\DELL LATITUDE 5420\OneDrive\Images\Screenshots\Capture d'écran 2026-07-26 134953.png : could not open file "C:\Users\DELL LATITUDE 5420\OneDrive\Images\Screenshots\Capture d'écran 2026-07-26 134953.png"
2026-08-07 19:26:10 [WARNING] MENACE : None → Capture d'écran 2026-07-26 134953.png
2026-08-07 19:26:10 [ERROR]  Erreur scan YARA sur C:\Users\DELL LATITUDE 5420\OneDrive\Images\Screenshots\Capture d'écran 2026-07-26 141845.png : could not open file "C:\Users\DELL LATITUDE 5420\OneDrive\Images\Screenshots\Capture d'écran 2026-07-26 141845.png"
2026-08-07 19:26:10 [WARNING] MENACE : None → Capture d'écran 2026-07-26 141845.png
2026-08-07 19:26:10 [ERROR]  Erreur scan YARA sur C:\Users\DELL LATITUDE 5420\OneDrive\Images\Screenshots\Capture d'écran 2026-07-26 142441.png : could not open file "C:\Users\DELL LATITUDE 5420\OneDrive\Images\Screenshots\Capture d'écran 2026-07-26 142441.png"
2026-08-07 19:26:10 [WARNING] MENACE : None → Capture d'écran 2026-07-26 142441.png
2026-08-07 19:26:10 [ERROR]  Erreur scan YARA sur C:\Users\DELL LATITUDE 5420\OneDrive\Images\Screenshots\Capture d'écran 2026-07-26 151435.png : could not open file "C:\Users\DELL LATITUDE 5420\OneDrive\Images\Screenshots\Capture d'écran 2026-07-26 151435.png"
2026-08-07 19:26:10 [WARNING] MENACE : None → Capture d'écran 2026-07-26 151435.png
2026-08-07 19:26:10 [ERROR]  Erreur scan YARA sur C:\Users\DELL LATITUDE 5420\OneDrive\Images\Screenshots\Capture d'écran 2026-07-26 151449.png : could not open file "C:\Users\DELL LATITUDE 5420\OneDrive\Images\Screenshots\Capture d'écran 2026-07-26 151449.png"
2026-08-07 19:26:10 [WARNING] MENACE : None → Capture d'écran 2026-07-26 151449.png
2026-08-07 19:26:10 [ERROR]  Erreur scan YARA sur C:\Users\DELL LATITUDE 5420\OneDrive\Images\Screenshots\Capture d'écran 2026-07-26 152224.png : could not open file "C:\Users\DELL LATITUDE 5420\OneDrive\Images\Screenshots\Capture d'écran 2026-07-26 152224.png"
2026-08-07 19:26:10 [WARNING] MENACE : None → Capture d'écran 2026-07-26 152224.png
2026-08-07 19:26:10 [ERROR]  Erreur scan YARA sur C:\Users\DELL LATITUDE 5420\OneDrive\Images\Screenshots\Capture d'écran 2026-07-26 221258.png : could not open file "C:\Users\DELL LATITUDE 5420\OneDrive\Images\Screenshots\Capture d'écran 2026-07-26 221258.png"
2026-08-07 19:26:10 [WARNING] MENACE : None → Capture d'écran 2026-07-26 221258.png
2026-08-07 19:26:10 [ERROR]  Erreur scan YARA sur C:\Users\DELL LATITUDE 5420\OneDrive\Images\Screenshots\Capture d'écran 2026-07-26 221314.png : could not open file "C:\Users\DELL LATITUDE 5420\OneDrive\Images\Screenshots\Capture d'écran 2026-07-26 221314.png"
2026-08-07 19:26:10 [WARNING] MENACE : None → Capture d'écran 2026-07-26 221314.png
2026-08-07 19:26:10 [ERROR]  Erreur scan YARA sur C:\Users\DELL LATITUDE 5420\OneDrive\Images\Screenshots\Capture d'écran 2026-07-26 221326.png : could not open file "C:\Users\DELL LATITUDE 5420\OneDrive\Images\Screenshots\Capture d'écran 2026-07-26 221326.png"
2026-08-07 19:26:10 [WARNING] MENACE : None → Capture d'écran 2026-07-26 221326.png
2026-08-07 19:26:11 [ERROR]  Erreur scan YARA sur C:\Users\DELL LATITUDE 5420\OneDrive\Images\Screenshots\Capture d'écran 2026-07-26 221336.png : could not open file "C:\Users\DELL LATITUDE 5420\OneDrive\Images\Screenshots\Capture d'écran 2026-07-26 221336.png"
2026-08-07 19:26:11 [WARNING] MENACE : None → Capture d'écran 2026-07-26 221336.png
2026-08-07 19:26:11 [ERROR]  Erreur scan YARA sur C:\Users\DELL LATITUDE 5420\OneDrive\Images\Screenshots\Capture d'écran 2026-07-26 223742.png : could not open file "C:\Users\DELL LATITUDE 5420\OneDrive\Images\Screenshots\Capture d'écran 2026-07-26 223742.png"
2026-08-07 19:26:11 [WARNING] MENACE : None → Capture d'écran 2026-07-26 223742.png
2026-08-07 19:26:11 [ERROR]  Erreur scan YARA sur C:\Users\DELL LATITUDE 5420\OneDrive\Images\Screenshots\Capture d'écran 2026-07-27 110807.png : could not open file "C:\Users\DELL LATITUDE 5420\OneDrive\Images\Screenshots\Capture d'écran 2026-07-27 110807.png"
2026-08-07 19:26:11 [WARNING] MENACE : None → Capture d'écran 2026-07-27 110807.png
2026-08-07 19:26:11 [ERROR]  Erreur scan YARA sur C:\Users\DELL LATITUDE 5420\OneDrive\Images\Screenshots\Capture d'écran 2026-07-27 110826.png : could not open file "C:\Users\DELL LATITUDE 5420\OneDrive\Images\Screenshots\Capture d'écran 2026-07-27 110826.png"
2026-08-07 19:26:11 [WARNING] MENACE : None → Capture d'écran 2026-07-27 110826.png
2026-08-07 19:26:11 [ERROR]  Erreur scan YARA sur C:\Users\DELL LATITUDE 5420\OneDrive\Images\Screenshots\Capture d'écran 2026-07-27 130813.png : could not open file "C:\Users\DELL LATITUDE 5420\OneDrive\Images\Screenshots\Capture d'écran 2026-07-27 130813.png"
2026-08-07 19:26:11 [WARNING] MENACE : None → Capture d'écran 2026-07-27 130813.png
2026-08-07 19:26:11 [ERROR]  Erreur scan YARA sur C:\Users\DELL LATITUDE 5420\OneDrive\Images\Screenshots\Capture d'écran 2026-07-27 131133.png : could not open file "C:\Users\DELL LATITUDE 5420\OneDrive\Images\Screenshots\Capture d'écran 2026-07-27 131133.png"
2026-08-07 19:26:11 [WARNING] MENACE : None → Capture d'écran 2026-07-27 131133.png
2026-08-07 19:26:11 [ERROR]  Erreur scan YARA sur C:\Users\DELL LATITUDE 5420\OneDrive\Images\Screenshots\Capture d'écran 2026-07-27 131913.png : could not open file "C:\Users\DELL LATITUDE 5420\OneDrive\Images\Screenshots\Capture d'écran 2026-07-27 131913.png"
2026-08-07 19:26:11 [WARNING] MENACE : None → Capture d'écran 2026-07-27 131913.png
2026-08-07 19:26:11 [ERROR]  Erreur scan YARA sur C:\Users\DELL LATITUDE 5420\OneDrive\Images\Screenshots\Capture d'écran 2026-07-27 132127.png : could not open file "C:\Users\DELL LATITUDE 5420\OneDrive\Images\Screenshots\Capture d'écran 2026-07-27 132127.png"
2026-08-07 19:26:11 [WARNING] MENACE : None → Capture d'écran 2026-07-27 132127.png
2026-08-07 19:26:11 [ERROR]  Erreur scan YARA sur C:\Users\DELL LATITUDE 5420\OneDrive\Images\Screenshots\Capture d'écran 2026-07-27 132457.png : could not open file "C:\Users\DELL LATITUDE 5420\OneDrive\Images\Screenshots\Capture d'écran 2026-07-27 132457.png"
2026-08-07 19:26:11 [WARNING] MENACE : None → Capture d'écran 2026-07-27 132457.png
2026-08-07 19:26:11 [ERROR]  Erreur scan YARA sur C:\Users\DELL LATITUDE 5420\OneDrive\Images\Screenshots\Capture d'écran 2026-07-27 133908.png : could not open file "C:\Users\DELL LATITUDE 5420\OneDrive\Images\Screenshots\Capture d'écran 2026-07-27 133908.png"
2026-08-07 19:26:11 [WARNING] MENACE : None → Capture d'écran 2026-07-27 133908.png
2026-08-07 19:26:11 [ERROR]  Erreur scan YARA sur C:\Users\DELL LATITUDE 5420\OneDrive\Images\Screenshots\Capture d'écran 2026-07-28 001037.png : could not open file "C:\Users\DELL LATITUDE 5420\OneDrive\Images\Screenshots\Capture d'écran 2026-07-28 001037.png"
2026-08-07 19:26:11 [WARNING] MENACE : None → Capture d'écran 2026-07-28 001037.png
2026-08-07 19:26:11 [ERROR]  Erreur scan YARA sur C:\Users\DELL LATITUDE 5420\OneDrive\Images\Screenshots\Capture d'écran 2026-07-28 003901.png : could not open file "C:\Users\DELL LATITUDE 5420\OneDrive\Images\Screenshots\Capture d'écran 2026-07-28 003901.png"
2026-08-07 19:26:11 [WARNING] MENACE : None → Capture d'écran 2026-07-28 003901.png
2026-08-07 19:26:11 [ERROR]  Erreur scan YARA sur C:\Users\DELL LATITUDE 5420\OneDrive\Images\Screenshots\Capture d'écran 2026-07-28 011614.png : could not open file "C:\Users\DELL LATITUDE 5420\OneDrive\Images\Screenshots\Capture d'écran 2026-07-28 011614.png"
2026-08-07 19:26:11 [WARNING] MENACE : None → Capture d'écran 2026-07-28 011614.png
2026-08-07 19:26:11 [ERROR]  Erreur scan YARA sur C:\Users\DELL LATITUDE 5420\OneDrive\Images\Screenshots\Capture d'écran 2026-07-28 012424.png : could not open file "C:\Users\DELL LATITUDE 5420\OneDrive\Images\Screenshots\Capture d'écran 2026-07-28 012424.png"
2026-08-07 19:26:11 [WARNING] MENACE : None → Capture d'écran 2026-07-28 012424.png
2026-08-07 19:26:11 [ERROR]  Erreur scan YARA sur C:\Users\DELL LATITUDE 5420\OneDrive\Images\Screenshots\Capture d'écran 2026-07-28 203856.png : could not open file "C:\Users\DELL LATITUDE 5420\OneDrive\Images\Screenshots\Capture d'écran 2026-07-28 203856.png"
2026-08-07 19:26:11 [WARNING] MENACE : None → Capture d'écran 2026-07-28 203856.png
2026-08-07 19:26:11 [ERROR]  Erreur scan YARA sur C:\Users\DELL LATITUDE 5420\OneDrive\Images\Screenshots\Capture d'écran 2026-07-28 205338.png : could not open file "C:\Users\DELL LATITUDE 5420\OneDrive\Images\Screenshots\Capture d'écran 2026-07-28 205338.png"
2026-08-07 19:26:11 [WARNING] MENACE : None → Capture d'écran 2026-07-28 205338.png
2026-08-07 19:26:11 [ERROR]  Erreur scan YARA sur C:\Users\DELL LATITUDE 5420\OneDrive\Images\Screenshots\Capture d'écran 2026-07-28 212534.png : could not open file "C:\Users\DELL LATITUDE 5420\OneDrive\Images\Screenshots\Capture d'écran 2026-07-28 212534.png"
2026-08-07 19:26:11 [WARNING] MENACE : None → Capture d'écran 2026-07-28 212534.png
2026-08-07 19:26:12 [ERROR]  Erreur scan YARA sur C:\Users\DELL LATITUDE 5420\OneDrive\Images\Screenshots\Capture d'écran 2026-07-28 212548.png : could not open file "C:\Users\DELL LATITUDE 5420\OneDrive\Images\Screenshots\Capture d'écran 2026-07-28 212548.png"
2026-08-07 19:26:12 [WARNING] MENACE : None → Capture d'écran 2026-07-28 212548.png
2026-08-07 19:26:12 [ERROR]  Erreur scan YARA sur C:\Users\DELL LATITUDE 5420\OneDrive\Images\Screenshots\Capture d'écran 2026-07-28 212629.png : could not open file "C:\Users\DELL LATITUDE 5420\OneDrive\Images\Screenshots\Capture d'écran 2026-07-28 212629.png"
2026-08-07 19:26:12 [WARNING] MENACE : None → Capture d'écran 2026-07-28 212629.png
2026-08-07 19:26:12 [ERROR]  Erreur scan YARA sur C:\Users\DELL LATITUDE 5420\OneDrive\Images\Screenshots\Capture d'écran 2026-07-28 214853.png : could not open file "C:\Users\DELL LATITUDE 5420\OneDrive\Images\Screenshots\Capture d'écran 2026-07-28 214853.png"
2026-08-07 19:26:12 [WARNING] MENACE : None → Capture d'écran 2026-07-28 214853.png
2026-08-07 19:26:12 [ERROR]  Erreur scan YARA sur C:\Users\DELL LATITUDE 5420\OneDrive\Images\Screenshots\Capture d'écran 2026-07-28 220403.png : could not open file "C:\Users\DELL LATITUDE 5420\OneDrive\Images\Screenshots\Capture d'écran 2026-07-28 220403.png"
2026-08-07 19:26:12 [WARNING] MENACE : None → Capture d'écran 2026-07-28 220403.png
2026-08-07 19:26:12 [ERROR]  Erreur scan YARA sur C:\Users\DELL LATITUDE 5420\OneDrive\Images\Screenshots\Capture d'écran 2026-07-28 221626.png : could not open file "C:\Users\DELL LATITUDE 5420\OneDrive\Images\Screenshots\Capture d'écran 2026-07-28 221626.png"
2026-08-07 19:26:12 [WARNING] MENACE : None → Capture d'écran 2026-07-28 221626.png
2026-08-07 19:26:12 [ERROR]  Erreur scan YARA sur C:\Users\DELL LATITUDE 5420\OneDrive\Images\Screenshots\Capture d'écran 2026-07-28 222449.png : could not open file "C:\Users\DELL LATITUDE 5420\OneDrive\Images\Screenshots\Capture d'écran 2026-07-28 222449.png"
2026-08-07 19:26:12 [WARNING] MENACE : None → Capture d'écran 2026-07-28 222449.png
2026-08-07 19:26:12 [ERROR]  Erreur scan YARA sur C:\Users\DELL LATITUDE 5420\OneDrive\Images\Screenshots\Capture d'écran 2026-07-28 224423.png : could not open file "C:\Users\DELL LATITUDE 5420\OneDrive\Images\Screenshots\Capture d'écran 2026-07-28 224423.png"
2026-08-07 19:26:12 [WARNING] MENACE : None → Capture d'écran 2026-07-28 224423.png
2026-08-07 19:26:12 [ERROR]  Erreur scan YARA sur C:\Users\DELL LATITUDE 5420\OneDrive\Images\Screenshots\Capture d'écran 2026-07-28 224649.png : could not open file "C:\Users\DELL LATITUDE 5420\OneDrive\Images\Screenshots\Capture d'écran 2026-07-28 224649.png"
2026-08-07 19:26:12 [WARNING] MENACE : None → Capture d'écran 2026-07-28 224649.png
2026-08-07 19:26:12 [ERROR]  Erreur scan YARA sur C:\Users\DELL LATITUDE 5420\OneDrive\Images\Screenshots\Capture d'écran 2026-07-28 225134.png : could not open file "C:\Users\DELL LATITUDE 5420\OneDrive\Images\Screenshots\Capture d'écran 2026-07-28 225134.png"
2026-08-07 19:26:12 [WARNING] MENACE : None → Capture d'écran 2026-07-28 225134.png
2026-08-07 19:26:12 [ERROR]  Erreur scan YARA sur C:\Users\DELL LATITUDE 5420\OneDrive\Images\Screenshots\Capture d'écran 2026-07-30 005322.png : could not open file "C:\Users\DELL LATITUDE 5420\OneDrive\Images\Screenshots\Capture d'écran 2026-07-30 005322.png"
2026-08-07 19:26:12 [WARNING] MENACE : None → Capture d'écran 2026-07-30 005322.png
2026-08-07 19:26:12 [ERROR]  Erreur scan YARA sur C:\Users\DELL LATITUDE 5420\OneDrive\Images\Screenshots\Capture d'écran 2026-07-30 013313.png : could not open file "C:\Users\DELL LATITUDE 5420\OneDrive\Images\Screenshots\Capture d'écran 2026-07-30 013313.png"
2026-08-07 19:26:12 [WARNING] MENACE : None → Capture d'écran 2026-07-30 013313.png
2026-08-07 19:26:12 [ERROR]  Erreur scan YARA sur C:\Users\DELL LATITUDE 5420\OneDrive\Images\Screenshots\Capture d'écran 2026-07-30 153537.png : could not open file "C:\Users\DELL LATITUDE 5420\OneDrive\Images\Screenshots\Capture d'écran 2026-07-30 153537.png"
2026-08-07 19:26:12 [WARNING] MENACE : None → Capture d'écran 2026-07-30 153537.png
2026-08-07 19:26:12 [ERROR]  Erreur scan YARA sur C:\Users\DELL LATITUDE 5420\OneDrive\Images\Screenshots\Capture d'écran 2026-07-30 213032.png : could not open file "C:\Users\DELL LATITUDE 5420\OneDrive\Images\Screenshots\Capture d'écran 2026-07-30 213032.png"
2026-08-07 19:26:12 [WARNING] MENACE : None → Capture d'écran 2026-07-30 213032.png
2026-08-07 19:26:12 [ERROR]  Erreur scan YARA sur C:\Users\DELL LATITUDE 5420\OneDrive\Images\Screenshots\Capture d'écran 2026-07-30 222535.png : could not open file "C:\Users\DELL LATITUDE 5420\OneDrive\Images\Screenshots\Capture d'écran 2026-07-30 222535.png"
2026-08-07 19:26:12 [WARNING] MENACE : None → Capture d'écran 2026-07-30 222535.png
2026-08-07 19:26:12 [ERROR]  Erreur scan YARA sur C:\Users\DELL LATITUDE 5420\OneDrive\Images\Screenshots\Capture d'écran 2026-07-30 222609.png : could not open file "C:\Users\DELL LATITUDE 5420\OneDrive\Images\Screenshots\Capture d'écran 2026-07-30 222609.png"
2026-08-07 19:26:12 [WARNING] MENACE : None → Capture d'écran 2026-07-30 222609.png
2026-08-07 19:26:12 [ERROR]  Erreur scan YARA sur C:\Users\DELL LATITUDE 5420\OneDrive\Images\Screenshots\Capture d'écran 2026-07-31 012717.png : could not open file "C:\Users\DELL LATITUDE 5420\OneDrive\Images\Screenshots\Capture d'écran 2026-07-31 012717.png"
2026-08-07 19:26:12 [WARNING] MENACE : None → Capture d'écran 2026-07-31 012717.png
2026-08-07 19:26:12 [ERROR]  Erreur scan YARA sur C:\Users\DELL LATITUDE 5420\OneDrive\Images\Screenshots\Capture d'écran 2026-07-31 015731.png : could not open file "C:\Users\DELL LATITUDE 5420\OneDrive\Images\Screenshots\Capture d'écran 2026-07-31 015731.png"
2026-08-07 19:26:12 [WARNING] MENACE : None → Capture d'écran 2026-07-31 015731.png
2026-08-07 19:26:12 [ERROR]  Erreur scan YARA sur C:\Users\DELL LATITUDE 5420\OneDrive\Images\Screenshots\Capture d'écran 2026-07-31 234457.png : could not open file "C:\Users\DELL LATITUDE 5420\OneDrive\Images\Screenshots\Capture d'écran 2026-07-31 234457.png"
2026-08-07 19:26:12 [WARNING] MENACE : None → Capture d'écran 2026-07-31 234457.png
2026-08-07 19:26:12 [ERROR]  Erreur scan YARA sur C:\Users\DELL LATITUDE 5420\OneDrive\Images\Screenshots\Capture d'écran 2026-08-01 014602.png : could not open file "C:\Users\DELL LATITUDE 5420\OneDrive\Images\Screenshots\Capture d'écran 2026-08-01 014602.png"
2026-08-07 19:26:12 [WARNING] MENACE : None → Capture d'écran 2026-08-01 014602.png
2026-08-07 19:26:12 [ERROR]  Erreur scan YARA sur C:\Users\DELL LATITUDE 5420\OneDrive\Images\Screenshots\Capture d'écran 2026-08-01 020103.png : could not open file "C:\Users\DELL LATITUDE 5420\OneDrive\Images\Screenshots\Capture d'écran 2026-08-01 020103.png"
2026-08-07 19:26:12 [WARNING] MENACE : None → Capture d'écran 2026-08-01 020103.png
2026-08-07 19:26:12 [ERROR]  Erreur scan YARA sur C:\Users\DELL LATITUDE 5420\OneDrive\Images\Screenshots\Capture d'écran 2026-08-01 020710.png : could not open file "C:\Users\DELL LATITUDE 5420\OneDrive\Images\Screenshots\Capture d'écran 2026-08-01 020710.png"
2026-08-07 19:26:12 [WARNING] MENACE : None → Capture d'écran 2026-08-01 020710.png
2026-08-07 19:26:12 [ERROR]  Erreur scan YARA sur C:\Users\DELL LATITUDE 5420\OneDrive\Images\Screenshots\Capture d'écran 2026-08-01 021332.png : could not open file "C:\Users\DELL LATITUDE 5420\OneDrive\Images\Screenshots\Capture d'écran 2026-08-01 021332.png"
2026-08-07 19:26:12 [WARNING] MENACE : None → Capture d'écran 2026-08-01 021332.png
2026-08-07 19:26:12 [ERROR]  Erreur scan YARA sur C:\Users\DELL LATITUDE 5420\OneDrive\Images\Screenshots\Capture d'écran 2026-08-01 021822.png : could not open file "C:\Users\DELL LATITUDE 5420\OneDrive\Images\Screenshots\Capture d'écran 2026-08-01 021822.png"
2026-08-07 19:26:12 [WARNING] MENACE : None → Capture d'écran 2026-08-01 021822.png
2026-08-07 19:26:12 [ERROR]  Erreur scan YARA sur C:\Users\DELL LATITUDE 5420\OneDrive\Images\Screenshots\Capture d'écran 2026-08-01 122255.png : could not open file "C:\Users\DELL LATITUDE 5420\OneDrive\Images\Screenshots\Capture d'écran 2026-08-01 122255.png"
2026-08-07 19:26:12 [WARNING] MENACE : None → Capture d'écran 2026-08-01 122255.png
2026-08-07 19:26:12 [ERROR]  Erreur scan YARA sur C:\Users\DELL LATITUDE 5420\OneDrive\Images\Screenshots\Capture d'écran 2026-08-01 122334.png : could not open file "C:\Users\DELL LATITUDE 5420\OneDrive\Images\Screenshots\Capture d'écran 2026-08-01 122334.png"
2026-08-07 19:26:12 [WARNING] MENACE : None → Capture d'écran 2026-08-01 122334.png
2026-08-07 19:26:12 [ERROR]  Erreur scan YARA sur C:\Users\DELL LATITUDE 5420\OneDrive\Images\Screenshots\Capture d'écran 2026-08-01 224324.png : could not open file "C:\Users\DELL LATITUDE 5420\OneDrive\Images\Screenshots\Capture d'écran 2026-08-01 224324.png"
2026-08-07 19:26:12 [WARNING] MENACE : None → Capture d'écran 2026-08-01 224324.png
2026-08-07 19:26:12 [ERROR]  Erreur scan YARA sur C:\Users\DELL LATITUDE 5420\OneDrive\Images\Screenshots\Capture d'écran 2026-08-02 011723.png : could not open file "C:\Users\DELL LATITUDE 5420\OneDrive\Images\Screenshots\Capture d'écran 2026-08-02 011723.png"
2026-08-07 19:26:12 [WARNING] MENACE : None → Capture d'écran 2026-08-02 011723.png
2026-08-07 19:26:12 [ERROR]  Erreur scan YARA sur C:\Users\DELL LATITUDE 5420\OneDrive\Images\Screenshots\Capture d'écran 2026-08-02 011736.png : could not open file "C:\Users\DELL LATITUDE 5420\OneDrive\Images\Screenshots\Capture d'écran 2026-08-02 011736.png"
2026-08-07 19:26:12 [WARNING] MENACE : None → Capture d'écran 2026-08-02 011736.png
2026-08-07 19:26:13 [ERROR]  Erreur scan YARA sur C:\Users\DELL LATITUDE 5420\OneDrive\Images\Screenshots\Capture d'écran 2026-08-02 013540.png : could not open file "C:\Users\DELL LATITUDE 5420\OneDrive\Images\Screenshots\Capture d'écran 2026-08-02 013540.png"
2026-08-07 19:26:13 [WARNING] MENACE : None → Capture d'écran 2026-08-02 013540.png
2026-08-07 19:26:13 [ERROR]  Erreur scan YARA sur C:\Users\DELL LATITUDE 5420\OneDrive\Images\Screenshots\Capture d'écran 2026-08-02 225729.png : could not open file "C:\Users\DELL LATITUDE 5420\OneDrive\Images\Screenshots\Capture d'écran 2026-08-02 225729.png"
2026-08-07 19:26:13 [WARNING] MENACE : None → Capture d'écran 2026-08-02 225729.png
2026-08-07 19:26:13 [ERROR]  Erreur scan YARA sur C:\Users\DELL LATITUDE 5420\OneDrive\Images\Screenshots\Capture d'écran 2026-08-02 230604.png : could not open file "C:\Users\DELL LATITUDE 5420\OneDrive\Images\Screenshots\Capture d'écran 2026-08-02 230604.png"
2026-08-07 19:26:13 [WARNING] MENACE : None → Capture d'écran 2026-08-02 230604.png
2026-08-07 19:26:13 [ERROR]  Erreur scan YARA sur C:\Users\DELL LATITUDE 5420\OneDrive\Images\Screenshots\Capture d'écran 2026-08-02 231103.png : could not open file "C:\Users\DELL LATITUDE 5420\OneDrive\Images\Screenshots\Capture d'écran 2026-08-02 231103.png"
2026-08-07 19:26:13 [WARNING] MENACE : None → Capture d'écran 2026-08-02 231103.png
2026-08-07 19:26:13 [ERROR]  Erreur scan YARA sur C:\Users\DELL LATITUDE 5420\OneDrive\Images\Screenshots\Capture d'écran 2026-08-02 232037.png : could not open file "C:\Users\DELL LATITUDE 5420\OneDrive\Images\Screenshots\Capture d'écran 2026-08-02 232037.png"
2026-08-07 19:26:13 [WARNING] MENACE : None → Capture d'écran 2026-08-02 232037.png
2026-08-07 19:26:13 [ERROR]  Erreur scan YARA sur C:\Users\DELL LATITUDE 5420\OneDrive\Images\Screenshots\Capture d'écran 2026-08-03 165310.png : could not open file "C:\Users\DELL LATITUDE 5420\OneDrive\Images\Screenshots\Capture d'écran 2026-08-03 165310.png"
2026-08-07 19:26:13 [WARNING] MENACE : None → Capture d'écran 2026-08-03 165310.png
2026-08-07 19:26:13 [ERROR]  Erreur scan YARA sur C:\Users\DELL LATITUDE 5420\OneDrive\Images\Screenshots\Capture d'écran 2026-08-04 015244.png : could not open file "C:\Users\DELL LATITUDE 5420\OneDrive\Images\Screenshots\Capture d'écran 2026-08-04 015244.png"
2026-08-07 19:26:13 [WARNING] MENACE : None → Capture d'écran 2026-08-04 015244.png
2026-08-07 19:26:13 [ERROR]  Erreur scan YARA sur C:\Users\DELL LATITUDE 5420\OneDrive\Images\Screenshots\Capture d'écran 2026-08-04 023104.png : could not open file "C:\Users\DELL LATITUDE 5420\OneDrive\Images\Screenshots\Capture d'écran 2026-08-04 023104.png"
2026-08-07 19:26:13 [WARNING] MENACE : None → Capture d'écran 2026-08-04 023104.png
2026-08-07 19:26:13 [ERROR]  Erreur scan YARA sur C:\Users\DELL LATITUDE 5420\OneDrive\Images\Screenshots\Capture d'écran 2026-08-04 023720.png : could not open file "C:\Users\DELL LATITUDE 5420\OneDrive\Images\Screenshots\Capture d'écran 2026-08-04 023720.png"
2026-08-07 19:26:13 [ERROR]  Erreur scan YARA sur C:\Users\DELL LATITUDE 5420\OneDrive\Images\Screenshots\Capture d'écran 2026-08-05 094941.png : could not open file "C:\Users\DELL LATITUDE 5420\OneDrive\Images\Screenshots\Capture d'écran 2026-08-05 094941.png"
2026-08-07 19:26:13 [WARNING] MENACE : None → Capture d'écran 2026-08-05 094941.png
2026-08-07 19:26:13 [ERROR]  Erreur scan YARA sur C:\Users\DELL LATITUDE 5420\OneDrive\Images\Screenshots\Capture d'écran 2026-08-05 095732.png : could not open file "C:\Users\DELL LATITUDE 5420\OneDrive\Images\Screenshots\Capture d'écran 2026-08-05 095732.png"
2026-08-07 19:26:13 [WARNING] MENACE : None → Capture d'écran 2026-08-05 095732.png
2026-08-07 19:26:13 [ERROR]  Erreur scan YARA sur C:\Users\DELL LATITUDE 5420\OneDrive\Images\Screenshots\Capture d'écran 2026-08-05 110800.png : could not open file "C:\Users\DELL LATITUDE 5420\OneDrive\Images\Screenshots\Capture d'écran 2026-08-05 110800.png"
2026-08-07 19:26:13 [WARNING] MENACE : None → Capture d'écran 2026-08-05 110800.png
2026-08-07 19:26:13 [ERROR]  Erreur scan YARA sur C:\Users\DELL LATITUDE 5420\OneDrive\Images\Screenshots\Capture d'écran 2026-08-05 120311.png : could not open file "C:\Users\DELL LATITUDE 5420\OneDrive\Images\Screenshots\Capture d'écran 2026-08-05 120311.png"
2026-08-07 19:26:13 [WARNING] MENACE : None → Capture d'écran 2026-08-05 120311.png
2026-08-07 19:26:13 [ERROR]  Erreur scan YARA sur C:\Users\DELL LATITUDE 5420\OneDrive\Images\Screenshots\Capture d'écran 2026-08-05 123305.png : could not open file "C:\Users\DELL LATITUDE 5420\OneDrive\Images\Screenshots\Capture d'écran 2026-08-05 123305.png"
2026-08-07 19:26:13 [WARNING] MENACE : None → Capture d'écran 2026-08-05 123305.png
2026-08-07 19:26:13 [ERROR]  Erreur scan YARA sur C:\Users\DELL LATITUDE 5420\OneDrive\Images\Screenshots\Capture d'écran 2026-08-05 221328.png : could not open file "C:\Users\DELL LATITUDE 5420\OneDrive\Images\Screenshots\Capture d'écran 2026-08-05 221328.png"
2026-08-07 19:26:13 [WARNING] MENACE : None → Capture d'écran 2026-08-05 221328.png
2026-08-07 19:26:13 [ERROR]  Erreur scan YARA sur C:\Users\DELL LATITUDE 5420\OneDrive\Images\Screenshots\Capture d'écran 2026-08-05 221355.png : could not open file "C:\Users\DELL LATITUDE 5420\OneDrive\Images\Screenshots\Capture d'écran 2026-08-05 221355.png"
2026-08-07 19:26:13 [WARNING] MENACE : None → Capture d'écran 2026-08-05 221355.png
2026-08-07 19:26:13 [ERROR]  Erreur scan YARA sur C:\Users\DELL LATITUDE 5420\OneDrive\Images\Screenshots\Capture d'écran 2026-08-05 221521.png : could not open file "C:\Users\DELL LATITUDE 5420\OneDrive\Images\Screenshots\Capture d'écran 2026-08-05 221521.png"
2026-08-07 19:26:13 [WARNING] MENACE : None → Capture d'écran 2026-08-05 221521.png
2026-08-07 19:26:13 [ERROR]  Erreur scan YARA sur C:\Users\DELL LATITUDE 5420\OneDrive\Images\Screenshots\Capture d'écran 2026-08-05 225651.png : could not open file "C:\Users\DELL LATITUDE 5420\OneDrive\Images\Screenshots\Capture d'écran 2026-08-05 225651.png"
2026-08-07 19:26:13 [WARNING] MENACE : None → Capture d'écran 2026-08-05 225651.png
2026-08-07 19:26:13 [ERROR]  Erreur scan YARA sur C:\Users\DELL LATITUDE 5420\OneDrive\Images\Screenshots\Capture d'écran 2026-08-06 004339.png : could not open file "C:\Users\DELL LATITUDE 5420\OneDrive\Images\Screenshots\Capture d'écran 2026-08-06 004339.png"
2026-08-07 19:26:13 [WARNING] MENACE : None → Capture d'écran 2026-08-06 004339.png
2026-08-07 19:26:13 [ERROR]  Erreur scan YARA sur C:\Users\DELL LATITUDE 5420\OneDrive\Images\Screenshots\Capture d'écran 2026-08-06 132804.png : could not open file "C:\Users\DELL LATITUDE 5420\OneDrive\Images\Screenshots\Capture d'écran 2026-08-06 132804.png"
2026-08-07 19:26:13 [WARNING] MENACE : None → Capture d'écran 2026-08-06 132804.png
2026-08-07 19:26:13 [ERROR]  Erreur scan YARA sur C:\Users\DELL LATITUDE 5420\OneDrive\Images\Screenshots\Capture d'écran 2026-08-06 133135.png : could not open file "C:\Users\DELL LATITUDE 5420\OneDrive\Images\Screenshots\Capture d'écran 2026-08-06 133135.png"
2026-08-07 19:26:13 [WARNING] MENACE : None → Capture d'écran 2026-08-06 133135.png
2026-08-07 19:26:13 [ERROR]  Erreur scan YARA sur C:\Users\DELL LATITUDE 5420\OneDrive\Images\Screenshots\Capture d'écran 2026-08-06 133346.png : could not open file "C:\Users\DELL LATITUDE 5420\OneDrive\Images\Screenshots\Capture d'écran 2026-08-06 133346.png"
2026-08-07 19:26:13 [WARNING] MENACE : None → Capture d'écran 2026-08-06 133346.png
2026-08-07 19:26:13 [ERROR]  Erreur scan YARA sur C:\Users\DELL LATITUDE 5420\OneDrive\Images\Screenshots\Capture d'écran 2026-08-06 163518.png : could not open file "C:\Users\DELL LATITUDE 5420\OneDrive\Images\Screenshots\Capture d'écran 2026-08-06 163518.png"
2026-08-07 19:26:13 [WARNING] MENACE : None → Capture d'écran 2026-08-06 163518.png
2026-08-07 19:26:13 [ERROR]  Erreur scan YARA sur C:\Users\DELL LATITUDE 5420\OneDrive\Images\Screenshots\Capture d'écran 2026-08-07 121428.png : could not open file "C:\Users\DELL LATITUDE 5420\OneDrive\Images\Screenshots\Capture d'écran 2026-08-07 121428.png"
2026-08-07 19:26:13 [WARNING] MENACE : None → Capture d'écran 2026-08-07 121428.png
2026-08-07 19:26:13 [ERROR]  Erreur scan YARA sur C:\Users\DELL LATITUDE 5420\OneDrive\Images\Screenshots\Capture d'écran 2026-08-07 144526.png : could not open file "C:\Users\DELL LATITUDE 5420\OneDrive\Images\Screenshots\Capture d'écran 2026-08-07 144526.png"
2026-08-07 19:26:13 [WARNING] MENACE : None → Capture d'écran 2026-08-07 144526.png
2026-08-07 19:26:13 [ERROR]  Erreur scan YARA sur C:\Users\DELL LATITUDE 5420\OneDrive\Images\Screenshots\Capture d'écran 2026-08-07 144540.png : could not open file "C:\Users\DELL LATITUDE 5420\OneDrive\Images\Screenshots\Capture d'écran 2026-08-07 144540.png"
2026-08-07 19:26:13 [WARNING] MENACE : None → Capture d'écran 2026-08-07 144540.png
2026-08-07 19:26:13 [ERROR]  Erreur scan YARA sur C:\Users\DELL LATITUDE 5420\OneDrive\Images\Screenshots\Capture d'écran 2026-08-07 144548.png : could not open file "C:\Users\DELL LATITUDE 5420\OneDrive\Images\Screenshots\Capture d'écran 2026-08-07 144548.png"
2026-08-07 19:26:13 [WARNING] MENACE : None → Capture d'écran 2026-08-07 144548.png
2026-08-07 19:26:13 [ERROR]  Erreur scan YARA sur C:\Users\DELL LATITUDE 5420\OneDrive\Images\Screenshots\Capture d'écran 2026-08-07 182214.png : could not open file "C:\Users\DELL LATITUDE 5420\OneDrive\Images\Screenshots\Capture d'écran 2026-08-07 182214.png"
2026-08-07 19:26:13 [WARNING] MENACE : None → Capture d'écran 2026-08-07 182214.png
2026-08-07 19:26:13 [WARNING] MENACE : None → echec dependance.png
2026-08-07 19:26:13 [WARNING] MENACE : None → echec_build.png
2026-08-07 19:26:13 [WARNING] MENACE : None → hgkjhgv.png
2026-08-07 19:26:13 [WARNING] MENACE : None → test_windows.png
2026-08-07 19:26:13 [ERROR]  Erreur scan YARA sur C:\Users\DELL LATITUDE 5420\OneDrive\Images\Screenshots\vm win nouveau problème.png : could not open file "C:\Users\DELL LATITUDE 5420\OneDrive\Images\Screenshots\vm win nouveau problème.png"
2026-08-07 19:26:13 [WARNING] MENACE : None → vm win nouveau problème.png
2026-08-07 19:26:14 [ERROR]  Erreur scan YARA sur C:\Users\DELL LATITUDE 5420\OneDrive\Images\Tri\Capture d’écran 2024-03-22 234330.png : could not open file "C:\Users\DELL LATITUDE 5420\OneDrive\Images\Tri\Capture d’écran 2024-03-22 234330.png"
2026-08-07 19:26:14 [WARNING] MENACE : None → Capture d’écran 2024-03-22 234330.png
2026-08-07 19:26:14 [ERROR]  Erreur scan YARA sur C:\Users\DELL LATITUDE 5420\OneDrive\Images\Tri\Capture d’écran 2024-03-22 234355.png : could not open file "C:\Users\DELL LATITUDE 5420\OneDrive\Images\Tri\Capture d’écran 2024-03-22 234355.png"
2026-08-07 19:26:14 [WARNING] MENACE : None → Capture d’écran 2024-03-22 234355.png
2026-08-07 19:26:14 [ERROR]  Erreur scan YARA sur C:\Users\DELL LATITUDE 5420\OneDrive\Images\Tri\Capture d’écran 2024-03-22 234421.png : could not open file "C:\Users\DELL LATITUDE 5420\OneDrive\Images\Tri\Capture d’écran 2024-03-22 234421.png"
2026-08-07 19:26:14 [WARNING] MENACE : None → Capture d’écran 2024-03-22 234421.png
2026-08-07 19:26:14 [ERROR]  Erreur scan YARA sur C:\Users\DELL LATITUDE 5420\OneDrive\Images\Tri\Capture d’écran 2024-03-26 033101.png : could not open file "C:\Users\DELL LATITUDE 5420\OneDrive\Images\Tri\Capture d’écran 2024-03-26 033101.png"
2026-08-07 19:26:14 [WARNING] MENACE : None → Capture d’écran 2024-03-26 033101.png
2026-08-07 19:26:14 [ERROR]  Erreur scan YARA sur C:\Users\DELL LATITUDE 5420\OneDrive\Images\Tri\Capture d’écran 2024-03-26 175833.png : could not open file "C:\Users\DELL LATITUDE 5420\OneDrive\Images\Tri\Capture d’écran 2024-03-26 175833.png"
2026-08-07 19:26:14 [WARNING] MENACE : None → Capture d’écran 2024-03-26 175833.png
2026-08-07 19:26:14 [ERROR]  Erreur scan YARA sur C:\Users\DELL LATITUDE 5420\OneDrive\Images\Tri\Capture d’écran 2024-03-26 183029.png : could not open file "C:\Users\DELL LATITUDE 5420\OneDrive\Images\Tri\Capture d’écran 2024-03-26 183029.png"
2026-08-07 19:26:14 [WARNING] MENACE : None → Capture d’écran 2024-03-26 183029.png
2026-08-07 19:26:14 [ERROR]  Erreur scan YARA sur C:\Users\DELL LATITUDE 5420\OneDrive\Images\Tri\Capture d’écran 2024-03-26 183640.png : could not open file "C:\Users\DELL LATITUDE 5420\OneDrive\Images\Tri\Capture d’écran 2024-03-26 183640.png"
2026-08-07 19:26:14 [WARNING] MENACE : None → Capture d’écran 2024-03-26 183640.png
2026-08-07 19:26:14 [ERROR]  Erreur scan YARA sur C:\Users\DELL LATITUDE 5420\OneDrive\Images\Triomph symbole\1_phénixchoisi.png : could not open file "C:\Users\DELL LATITUDE 5420\OneDrive\Images\Triomph symbole\1_phénixchoisi.png"
2026-08-07 19:26:14 [WARNING] MENACE : None → 1_phénixchoisi.png
2026-08-07 19:26:14 [ERROR]  Erreur scan YARA sur C:\Users\DELL LATITUDE 5420\OneDrive\Images\Triomph symbole\Capture d'écran 2024-04-29 015449.png : could not open file "C:\Users\DELL LATITUDE 5420\OneDrive\Images\Triomph symbole\Capture d'écran 2024-04-29 015449.png"
2026-08-07 19:26:14 [WARNING] MENACE : None → Capture d'écran 2024-04-29 015449.png
2026-08-07 19:26:14 [ERROR]  Erreur scan YARA sur C:\Users\DELL LATITUDE 5420\OneDrive\Images\Triomph symbole\Capture d'écran 2024-04-29 015823.png : could not open file "C:\Users\DELL LATITUDE 5420\OneDrive\Images\Triomph symbole\Capture d'écran 2024-04-29 015823.png"
2026-08-07 19:26:14 [WARNING] MENACE : None → Capture d'écran 2024-04-29 015823.png
2026-08-07 19:26:14 [ERROR]  Erreur scan YARA sur C:\Users\DELL LATITUDE 5420\OneDrive\Images\Triomph symbole\Capture d'écran 2024-04-29 020007.png : could not open file "C:\Users\DELL LATITUDE 5420\OneDrive\Images\Triomph symbole\Capture d'écran 2024-04-29 020007.png"
2026-08-07 19:26:14 [WARNING] MENACE : None → Capture d'écran 2024-04-29 020007.png
2026-08-07 19:26:14 [ERROR]  Erreur scan YARA sur C:\Users\DELL LATITUDE 5420\OneDrive\Images\Triomph symbole\Capture d'écran 2024-04-29 020054.png : could not open file "C:\Users\DELL LATITUDE 5420\OneDrive\Images\Triomph symbole\Capture d'écran 2024-04-29 020054.png"
2026-08-07 19:26:14 [WARNING] MENACE : None → Capture d'écran 2024-04-29 020054.png
2026-08-07 19:26:14 [ERROR]  Erreur scan YARA sur C:\Users\DELL LATITUDE 5420\OneDrive\Images\Triomph symbole\Capture d'écran 2024-04-29 020121.png : could not open file "C:\Users\DELL LATITUDE 5420\OneDrive\Images\Triomph symbole\Capture d'écran 2024-04-29 020121.png"
2026-08-07 19:26:14 [WARNING] MENACE : None → Capture d'écran 2024-04-29 020121.png
2026-08-07 19:26:14 [ERROR]  Erreur scan YARA sur C:\Users\DELL LATITUDE 5420\OneDrive\Images\Triomph symbole\Capture d'écran 2024-04-29 020140.png : could not open file "C:\Users\DELL LATITUDE 5420\OneDrive\Images\Triomph symbole\Capture d'écran 2024-04-29 020140.png"
2026-08-07 19:26:14 [WARNING] MENACE : None → Capture d'écran 2024-04-29 020140.png
2026-08-07 19:26:14 [ERROR]  Erreur scan YARA sur C:\Users\DELL LATITUDE 5420\OneDrive\Images\Triomph symbole\Capture d'écran 2024-05-31 014637.png : could not open file "C:\Users\DELL LATITUDE 5420\OneDrive\Images\Triomph symbole\Capture d'écran 2024-05-31 014637.png"
2026-08-07 19:26:14 [WARNING] MENACE : None → Capture d'écran 2024-05-31 014637.png
2026-08-07 19:26:14 [ERROR]  Erreur scan YARA sur C:\Users\DELL LATITUDE 5420\OneDrive\Images\Triomph symbole\Capture d'écran 2024-07-19 044022.png : could not open file "C:\Users\DELL LATITUDE 5420\OneDrive\Images\Triomph symbole\Capture d'écran 2024-07-19 044022.png"
2026-08-07 19:26:14 [WARNING] MENACE : None → Capture d'écran 2024-07-19 044022.png
2026-08-07 19:26:14 [ERROR]  Erreur scan YARA sur C:\Users\DELL LATITUDE 5420\OneDrive\Images\Triomph symbole\Capture d'écran 2024-07-19 044206.png : could not open file "C:\Users\DELL LATITUDE 5420\OneDrive\Images\Triomph symbole\Capture d'écran 2024-07-19 044206.png"
2026-08-07 19:26:14 [WARNING] MENACE : None → Capture d'écran 2024-07-19 044206.png
2026-08-07 19:26:14 [ERROR]  Erreur scan YARA sur C:\Users\DELL LATITUDE 5420\OneDrive\Images\Triomph symbole\Capture d'écran 2024-07-19 044402.png : could not open file "C:\Users\DELL LATITUDE 5420\OneDrive\Images\Triomph symbole\Capture d'écran 2024-07-19 044402.png"
2026-08-07 19:26:14 [WARNING] MENACE : None → Capture d'écran 2024-07-19 044402.png
2026-08-07 19:26:14 [ERROR]  Erreur scan YARA sur C:\Users\DELL LATITUDE 5420\OneDrive\Images\Triomph symbole\Capture d'écran 2024-07-19 044659.png : could not open file "C:\Users\DELL LATITUDE 5420\OneDrive\Images\Triomph symbole\Capture d'écran 2024-07-19 044659.png"
2026-08-07 19:26:14 [WARNING] MENACE : None → Capture d'écran 2024-07-19 044659.png
2026-08-07 19:26:15 [ERROR]  Erreur scan YARA sur C:\Users\DELL LATITUDE 5420\OneDrive\Images\Triomph symbole\Capture d'écran 2024-08-04 010314.png : could not open file "C:\Users\DELL LATITUDE 5420\OneDrive\Images\Triomph symbole\Capture d'écran 2024-08-04 010314.png"
2026-08-07 19:26:15 [WARNING] MENACE : None → Capture d'écran 2024-08-04 010314.png
2026-08-07 19:26:15 [ERROR]  Erreur scan YARA sur C:\Users\DELL LATITUDE 5420\OneDrive\Images\Triomph symbole\Capture d'écran 2024-08-04 013728.png : could not open file "C:\Users\DELL LATITUDE 5420\OneDrive\Images\Triomph symbole\Capture d'écran 2024-08-04 013728.png"
2026-08-07 19:26:15 [WARNING] MENACE : None → Capture d'écran 2024-08-04 013728.png
2026-08-07 19:26:15 [ERROR]  Erreur scan YARA sur C:\Users\DELL LATITUDE 5420\OneDrive\Images\Triomph symbole\Capture d'écran 2024-08-04 013820.png : could not open file "C:\Users\DELL LATITUDE 5420\OneDrive\Images\Triomph symbole\Capture d'écran 2024-08-04 013820.png"
2026-08-07 19:26:15 [WARNING] MENACE : None → Capture d'écran 2024-08-04 013820.png
2026-08-07 19:26:15 [ERROR]  Erreur scan YARA sur C:\Users\DELL LATITUDE 5420\OneDrive\Images\Triomph symbole\Capture d'écran 2024-08-04 014210.png : could not open file "C:\Users\DELL LATITUDE 5420\OneDrive\Images\Triomph symbole\Capture d'écran 2024-08-04 014210.png"
2026-08-07 19:26:15 [WARNING] MENACE : None → Capture d'écran 2024-08-04 014210.png
2026-08-07 19:26:15 [ERROR]  Erreur scan YARA sur C:\Users\DELL LATITUDE 5420\OneDrive\Images\Triomph symbole\Capture d'écran 2024-08-04 043114.png : could not open file "C:\Users\DELL LATITUDE 5420\OneDrive\Images\Triomph symbole\Capture d'écran 2024-08-04 043114.png"
2026-08-07 19:26:15 [WARNING] MENACE : None → Capture d'écran 2024-08-04 043114.png
2026-08-07 19:26:16 [ERROR]  Erreur scan YARA sur C:\Users\DELL LATITUDE 5420\OneDrive\Images\Triomph symbole\Capture d'écran 2024-08-04 043259.png : could not open file "C:\Users\DELL LATITUDE 5420\OneDrive\Images\Triomph symbole\Capture d'écran 2024-08-04 043259.png"
2026-08-07 19:26:16 [WARNING] MENACE : None → Capture d'écran 2024-08-04 043259.png
2026-08-07 19:26:17 [ERROR]  Erreur scan YARA sur C:\Users\DELL LATITUDE 5420\OneDrive\Images\Triomph symbole\Capture d'écran 2024-08-04 050958.png : could not open file "C:\Users\DELL LATITUDE 5420\OneDrive\Images\Triomph symbole\Capture d'écran 2024-08-04 050958.png"
2026-08-07 19:26:17 [WARNING] MENACE : None → Capture d'écran 2024-08-04 050958.png
2026-08-07 19:26:17 [ERROR]  Erreur scan YARA sur C:\Users\DELL LATITUDE 5420\OneDrive\Images\Triomph symbole\Capture d'écran 2024-08-04 055554.png : could not open file "C:\Users\DELL LATITUDE 5420\OneDrive\Images\Triomph symbole\Capture d'écran 2024-08-04 055554.png"
2026-08-07 19:26:17 [WARNING] MENACE : None → Capture d'écran 2024-08-04 055554.png
2026-08-07 19:26:18 [ERROR]  Erreur scan YARA sur C:\Users\DELL LATITUDE 5420\OneDrive\Images\Triomph symbole\Capture d'écran 2024-08-04 063149.png : could not open file "C:\Users\DELL LATITUDE 5420\OneDrive\Images\Triomph symbole\Capture d'écran 2024-08-04 063149.png"
2026-08-07 19:26:18 [WARNING] MENACE : None → Capture d'écran 2024-08-04 063149.png
2026-08-07 19:26:18 [ERROR]  Erreur scan YARA sur C:\Users\DELL LATITUDE 5420\OneDrive\Images\Triomph symbole\Capture d'écran 2024-08-23 031520.png : could not open file "C:\Users\DELL LATITUDE 5420\OneDrive\Images\Triomph symbole\Capture d'écran 2024-08-23 031520.png"
2026-08-07 19:26:18 [WARNING] MENACE : None → Capture d'écran 2024-08-23 031520.png
2026-08-07 19:26:18 [ERROR]  Erreur scan YARA sur C:\Users\DELL LATITUDE 5420\OneDrive\Images\Triomph symbole\Capture d'écran 2024-08-31 1.png : could not open file "C:\Users\DELL LATITUDE 5420\OneDrive\Images\Triomph symbole\Capture d'écran 2024-08-31 1.png"
2026-08-07 19:26:18 [WARNING] MENACE : None → Capture d'écran 2024-08-31 1.png
2026-08-07 19:26:18 [ERROR]  Erreur scan YARA sur C:\Users\DELL LATITUDE 5420\OneDrive\Images\Triomph symbole\Capture d'écran 2024-08-31 104340.png : could not open file "C:\Users\DELL LATITUDE 5420\OneDrive\Images\Triomph symbole\Capture d'écran 2024-08-31 104340.png"
2026-08-07 19:26:18 [WARNING] MENACE : None → Capture d'écran 2024-08-31 104340.png
2026-08-07 19:26:18 [ERROR]  Erreur scan YARA sur C:\Users\DELL LATITUDE 5420\OneDrive\Images\Triomph symbole\Capture d'écran 2024-08-31 104400.png : could not open file "C:\Users\DELL LATITUDE 5420\OneDrive\Images\Triomph symbole\Capture d'écran 2024-08-31 104400.png"
2026-08-07 19:26:18 [WARNING] MENACE : None → Capture d'écran 2024-08-31 104400.png
2026-08-07 19:26:18 [ERROR]  Erreur scan YARA sur C:\Users\DELL LATITUDE 5420\OneDrive\Images\Triomph symbole\Capture d'écran 2024-08-31 111943.png : could not open file "C:\Users\DELL LATITUDE 5420\OneDrive\Images\Triomph symbole\Capture d'écran 2024-08-31 111943.png"
2026-08-07 19:26:18 [WARNING] MENACE : None → Capture d'écran 2024-08-31 111943.png
2026-08-07 19:26:18 [ERROR]  Erreur scan YARA sur C:\Users\DELL LATITUDE 5420\OneDrive\Images\Triomph symbole\Capture d'écran 2024-08-31 113448.png : could not open file "C:\Users\DELL LATITUDE 5420\OneDrive\Images\Triomph symbole\Capture d'écran 2024-08-31 113448.png"
2026-08-07 19:26:18 [WARNING] MENACE : None → Capture d'écran 2024-08-31 113448.png
2026-08-07 19:26:18 [ERROR]  Erreur scan YARA sur C:\Users\DELL LATITUDE 5420\OneDrive\Images\Triomph symbole\Capture d'écran 2024-08.png : could not open file "C:\Users\DELL LATITUDE 5420\OneDrive\Images\Triomph symbole\Capture d'écran 2024-08.png"
2026-08-07 19:26:18 [WARNING] MENACE : None → Capture d'écran 2024-08.png
2026-08-07 19:26:18 [ERROR]  Erreur scan YARA sur C:\Users\DELL LATITUDE 5420\OneDrive\Images\Triomph symbole\Capture d'écran 2024-09-15 091751.png : could not open file "C:\Users\DELL LATITUDE 5420\OneDrive\Images\Triomph symbole\Capture d'écran 2024-09-15 091751.png"
2026-08-07 19:26:18 [WARNING] MENACE : None → Capture d'écran 2024-09-15 091751.png
2026-08-07 19:26:18 [ERROR]  Erreur scan YARA sur C:\Users\DELL LATITUDE 5420\OneDrive\Images\Triomph symbole\Capture d'écran 2024-09-22 033353.png : could not open file "C:\Users\DELL LATITUDE 5420\OneDrive\Images\Triomph symbole\Capture d'écran 2024-09-22 033353.png"
2026-08-07 19:26:18 [WARNING] MENACE : None → Capture d'écran 2024-09-22 033353.png
2026-08-07 19:26:18 [ERROR]  Erreur scan YARA sur C:\Users\DELL LATITUDE 5420\OneDrive\Images\Triomph symbole\Capture d'écran 2024-09-25 055315.png : could not open file "C:\Users\DELL LATITUDE 5420\OneDrive\Images\Triomph symbole\Capture d'écran 2024-09-25 055315.png"
2026-08-07 19:26:18 [WARNING] MENACE : None → Capture d'écran 2024-09-25 055315.png
2026-08-07 19:26:18 [ERROR]  Erreur scan YARA sur C:\Users\DELL LATITUDE 5420\OneDrive\Images\Triomph symbole\Capture d'écran 2024-10-25 222028.png : could not open file "C:\Users\DELL LATITUDE 5420\OneDrive\Images\Triomph symbole\Capture d'écran 2024-10-25 222028.png"
2026-08-07 19:26:18 [WARNING] MENACE : None → Capture d'écran 2024-10-25 222028.png
2026-08-07 19:26:18 [ERROR]  Erreur scan YARA sur C:\Users\DELL LATITUDE 5420\OneDrive\Images\Triomph symbole\Capture d'écran 2024-10-25 222039.png : could not open file "C:\Users\DELL LATITUDE 5420\OneDrive\Images\Triomph symbole\Capture d'écran 2024-10-25 222039.png"
2026-08-07 19:26:18 [WARNING] MENACE : None → Capture d'écran 2024-10-25 222039.png
2026-08-07 19:26:18 [ERROR]  Erreur scan YARA sur C:\Users\DELL LATITUDE 5420\OneDrive\Images\Triomph symbole\Capture d'écran 2024-10-25 222050.png : could not open file "C:\Users\DELL LATITUDE 5420\OneDrive\Images\Triomph symbole\Capture d'écran 2024-10-25 222050.png"
2026-08-07 19:26:18 [WARNING] MENACE : None → Capture d'écran 2024-10-25 222050.png
2026-08-07 19:26:18 [ERROR]  Erreur scan YARA sur C:\Users\DELL LATITUDE 5420\OneDrive\Images\Triomph symbole\Capture d'écran 2024-10-25 222102.png : could not open file "C:\Users\DELL LATITUDE 5420\OneDrive\Images\Triomph symbole\Capture d'écran 2024-10-25 222102.png"
2026-08-07 19:26:18 [WARNING] MENACE : None → Capture d'écran 2024-10-25 222102.png
2026-08-07 19:26:18 [ERROR]  Erreur scan YARA sur C:\Users\DELL LATITUDE 5420\OneDrive\Images\Triomph symbole\Capture d'écran 2024-10-25 222159.png : could not open file "C:\Users\DELL LATITUDE 5420\OneDrive\Images\Triomph symbole\Capture d'écran 2024-10-25 222159.png"
2026-08-07 19:26:18 [WARNING] MENACE : None → Capture d'écran 2024-10-25 222159.png
2026-08-07 19:26:18 [ERROR]  Erreur scan YARA sur C:\Users\DELL LATITUDE 5420\OneDrive\Images\Triomph symbole\Capture d'écran 2024-10-25 222219.png : could not open file "C:\Users\DELL LATITUDE 5420\OneDrive\Images\Triomph symbole\Capture d'écran 2024-10-25 222219.png"
2026-08-07 19:26:18 [WARNING] MENACE : None → Capture d'écran 2024-10-25 222219.png
2026-08-07 19:26:18 [ERROR]  Erreur scan YARA sur C:\Users\DELL LATITUDE 5420\OneDrive\Images\Triomph symbole\Capture d'écran 2024-10-25 222421.png : could not open file "C:\Users\DELL LATITUDE 5420\OneDrive\Images\Triomph symbole\Capture d'écran 2024-10-25 222421.png"
2026-08-07 19:26:18 [WARNING] MENACE : None → Capture d'écran 2024-10-25 222421.png
2026-08-07 19:26:18 [ERROR]  Erreur scan YARA sur C:\Users\DELL LATITUDE 5420\OneDrive\Images\Triomph symbole\Capture d'écran 2024-10-27 183419.png : could not open file "C:\Users\DELL LATITUDE 5420\OneDrive\Images\Triomph symbole\Capture d'écran 2024-10-27 183419.png"
2026-08-07 19:26:18 [WARNING] MENACE : None → Capture d'écran 2024-10-27 183419.png
2026-08-07 19:26:18 [ERROR]  Erreur scan YARA sur C:\Users\DELL LATITUDE 5420\OneDrive\Images\Triomph symbole\Capture d'écran 2024-10-27 183434.png : could not open file "C:\Users\DELL LATITUDE 5420\OneDrive\Images\Triomph symbole\Capture d'écran 2024-10-27 183434.png"
2026-08-07 19:26:18 [WARNING] MENACE : None → Capture d'écran 2024-10-27 183434.png
2026-08-07 19:26:18 [ERROR]  Erreur scan YARA sur C:\Users\DELL LATITUDE 5420\OneDrive\Images\Triomph symbole\Capture d'écran 2024-11-01 185848.png : could not open file "C:\Users\DELL LATITUDE 5420\OneDrive\Images\Triomph symbole\Capture d'écran 2024-11-01 185848.png"
2026-08-07 19:26:18 [WARNING] MENACE : None → Capture d'écran 2024-11-01 185848.png
2026-08-07 19:26:18 [ERROR]  Erreur scan YARA sur C:\Users\DELL LATITUDE 5420\OneDrive\Images\Triomph symbole\Capture d'écran 2024-11-01 185905.png : could not open file "C:\Users\DELL LATITUDE 5420\OneDrive\Images\Triomph symbole\Capture d'écran 2024-11-01 185905.png"
2026-08-07 19:26:18 [WARNING] MENACE : None → Capture d'écran 2024-11-01 185905.png
2026-08-07 19:26:18 [ERROR]  Erreur scan YARA sur C:\Users\DELL LATITUDE 5420\OneDrive\Images\Triomph symbole\Capture d'écran 2024-11-02 045111.png : could not open file "C:\Users\DELL LATITUDE 5420\OneDrive\Images\Triomph symbole\Capture d'écran 2024-11-02 045111.png"
2026-08-07 19:26:18 [WARNING] MENACE : None → Capture d'écran 2024-11-02 045111.png
2026-08-07 19:26:18 [ERROR]  Erreur scan YARA sur C:\Users\DELL LATITUDE 5420\OneDrive\Images\Triomph symbole\Capture d'écran 2024-11-02 045129.png : could not open file "C:\Users\DELL LATITUDE 5420\OneDrive\Images\Triomph symbole\Capture d'écran 2024-11-02 045129.png"
2026-08-07 19:26:18 [WARNING] MENACE : None → Capture d'écran 2024-11-02 045129.png
2026-08-07 19:26:18 [ERROR]  Erreur scan YARA sur C:\Users\DELL LATITUDE 5420\OneDrive\Images\Triomph symbole\Capture d'écran 2024-11-28 211021.png : could not open file "C:\Users\DELL LATITUDE 5420\OneDrive\Images\Triomph symbole\Capture d'écran 2024-11-28 211021.png"
2026-08-07 19:26:18 [WARNING] MENACE : None → Capture d'écran 2024-11-28 211021.png
2026-08-07 19:26:18 [ERROR]  Erreur scan YARA sur C:\Users\DELL LATITUDE 5420\OneDrive\Images\Triomph symbole\Capture d'écran 2024-11-28 211051.png : could not open file "C:\Users\DELL LATITUDE 5420\OneDrive\Images\Triomph symbole\Capture d'écran 2024-11-28 211051.png"
2026-08-07 19:26:18 [WARNING] MENACE : None → Capture d'écran 2024-11-28 211051.png
2026-08-07 19:26:18 [ERROR]  Erreur scan YARA sur C:\Users\DELL LATITUDE 5420\OneDrive\Images\Triomph symbole\Capture d'écran 2024-11-28 211118.png : could not open file "C:\Users\DELL LATITUDE 5420\OneDrive\Images\Triomph symbole\Capture d'écran 2024-11-28 211118.png"
2026-08-07 19:26:18 [ERROR]  Erreur scan YARA sur C:\Users\DELL LATITUDE 5420\OneDrive\Images\Triomph symbole\Capture d'écran 2024-11-28 224222.png : could not open file "C:\Users\DELL LATITUDE 5420\OneDrive\Images\Triomph symbole\Capture d'écran 2024-11-28 224222.png"
2026-08-07 19:26:18 [WARNING] MENACE : None → Capture d'écran 2024-11-28 224222.png
2026-08-07 19:26:18 [ERROR]  Erreur scan YARA sur C:\Users\DELL LATITUDE 5420\OneDrive\Images\Triomph symbole\Capture d'écran 2024-11-28 224431.png : could not open file "C:\Users\DELL LATITUDE 5420\OneDrive\Images\Triomph symbole\Capture d'écran 2024-11-28 224431.png"
2026-08-07 19:26:18 [WARNING] MENACE : None → Capture d'écran 2024-11-28 224431.png
2026-08-07 19:26:18 [ERROR]  Erreur scan YARA sur C:\Users\DELL LATITUDE 5420\OneDrive\Images\Triomph symbole\Capture d'écran 2024-11-28 224447.png : could not open file "C:\Users\DELL LATITUDE 5420\OneDrive\Images\Triomph symbole\Capture d'écran 2024-11-28 224447.png"
2026-08-07 19:26:18 [WARNING] MENACE : None → Capture d'écran 2024-11-28 224447.png
2026-08-07 19:26:18 [ERROR]  Erreur scan YARA sur C:\Users\DELL LATITUDE 5420\OneDrive\Images\Triomph symbole\Capture d'écran 2024-11-28 224506.png : could not open file "C:\Users\DELL LATITUDE 5420\OneDrive\Images\Triomph symbole\Capture d'écran 2024-11-28 224506.png"
2026-08-07 19:26:18 [WARNING] MENACE : None → Capture d'écran 2024-11-28 224506.png
2026-08-07 19:26:18 [ERROR]  Erreur scan YARA sur C:\Users\DELL LATITUDE 5420\OneDrive\Images\Triomph symbole\Capture d'écran 2025-01-16 061941.png : could not open file "C:\Users\DELL LATITUDE 5420\OneDrive\Images\Triomph symbole\Capture d'écran 2025-01-16 061941.png"
2026-08-07 19:26:18 [WARNING] MENACE : None → Capture d'écran 2025-01-16 061941.png
2026-08-07 19:26:18 [ERROR]  Erreur scan YARA sur C:\Users\DELL LATITUDE 5420\OneDrive\Images\Triomph symbole\Capture d'écran 2025-01-16 062001.png : could not open file "C:\Users\DELL LATITUDE 5420\OneDrive\Images\Triomph symbole\Capture d'écran 2025-01-16 062001.png"
2026-08-07 19:26:18 [WARNING] MENACE : None → Capture d'écran 2025-01-16 062001.png
2026-08-07 19:26:18 [ERROR]  Erreur scan YARA sur C:\Users\DELL LATITUDE 5420\OneDrive\Images\Triomph symbole\Capture d'écran 2025-01-16 062019.png : could not open file "C:\Users\DELL LATITUDE 5420\OneDrive\Images\Triomph symbole\Capture d'écran 2025-01-16 062019.png"
2026-08-07 19:26:18 [WARNING] MENACE : None → Capture d'écran 2025-01-16 062019.png
2026-08-07 19:26:18 [ERROR]  Erreur scan YARA sur C:\Users\DELL LATITUDE 5420\OneDrive\Images\Triomph symbole\Capture d'écran 2025-01-16 062119.png : could not open file "C:\Users\DELL LATITUDE 5420\OneDrive\Images\Triomph symbole\Capture d'écran 2025-01-16 062119.png"
2026-08-07 19:26:18 [WARNING] MENACE : None → Capture d'écran 2025-01-16 062119.png
2026-08-07 19:26:19 [ERROR]  Erreur scan YARA sur C:\Users\DELL LATITUDE 5420\OneDrive\Images\Triomph symbole\Capture d'écran 2025-01-16 062147.png : could not open file "C:\Users\DELL LATITUDE 5420\OneDrive\Images\Triomph symbole\Capture d'écran 2025-01-16 062147.png"
2026-08-07 19:26:19 [WARNING] MENACE : None → Capture d'écran 2025-01-16 062147.png
2026-08-07 19:26:19 [ERROR]  Erreur scan YARA sur C:\Users\DELL LATITUDE 5420\OneDrive\Images\Triomph symbole\Capture d'écran 2025-01-16 062631.png : could not open file "C:\Users\DELL LATITUDE 5420\OneDrive\Images\Triomph symbole\Capture d'écran 2025-01-16 062631.png"
2026-08-07 19:26:19 [WARNING] MENACE : None → Capture d'écran 2025-01-16 062631.png
2026-08-07 19:26:19 [ERROR]  Erreur scan YARA sur C:\Users\DELL LATITUDE 5420\OneDrive\Images\Triomph symbole\Capture d'écran 2025-02-23 005359.png : could not open file "C:\Users\DELL LATITUDE 5420\OneDrive\Images\Triomph symbole\Capture d'écran 2025-02-23 005359.png"
2026-08-07 19:26:19 [WARNING] MENACE : None → Capture d'écran 2025-02-23 005359.png
2026-08-07 19:26:19 [ERROR]  Erreur scan YARA sur C:\Users\DELL LATITUDE 5420\OneDrive\Images\Triomph symbole\Capture d'écran 2025-02-23 005520.png : could not open file "C:\Users\DELL LATITUDE 5420\OneDrive\Images\Triomph symbole\Capture d'écran 2025-02-23 005520.png"
2026-08-07 19:26:19 [WARNING] MENACE : None → Capture d'écran 2025-02-23 005520.png
2026-08-07 19:26:19 [ERROR]  Erreur scan YARA sur C:\Users\DELL LATITUDE 5420\OneDrive\Images\Triomph symbole\Capture d'écran 2025-03-22 164944.png : could not open file "C:\Users\DELL LATITUDE 5420\OneDrive\Images\Triomph symbole\Capture d'écran 2025-03-22 164944.png"
2026-08-07 19:26:19 [WARNING] MENACE : None → Capture d'écran 2025-03-22 164944.png
2026-08-07 19:26:19 [ERROR]  Erreur scan YARA sur C:\Users\DELL LATITUDE 5420\OneDrive\Images\Triomph symbole\Capture d'écran 2025-03-22 165229.png : could not open file "C:\Users\DELL LATITUDE 5420\OneDrive\Images\Triomph symbole\Capture d'écran 2025-03-22 165229.png"
2026-08-07 19:26:19 [WARNING] MENACE : None → Capture d'écran 2025-03-22 165229.png
2026-08-07 19:26:19 [ERROR]  Erreur scan YARA sur C:\Users\DELL LATITUDE 5420\OneDrive\Images\Triomph symbole\Capture d'écran 2025-03-22 165428.png : could not open file "C:\Users\DELL LATITUDE 5420\OneDrive\Images\Triomph symbole\Capture d'écran 2025-03-22 165428.png"
2026-08-07 19:26:19 [WARNING] MENACE : None → Capture d'écran 2025-03-22 165428.png
2026-08-07 19:26:19 [ERROR]  Erreur scan YARA sur C:\Users\DELL LATITUDE 5420\OneDrive\Images\Triomph symbole\Capture d'écran 2025-03-22 165530.png : could not open file "C:\Users\DELL LATITUDE 5420\OneDrive\Images\Triomph symbole\Capture d'écran 2025-03-22 165530.png"
2026-08-07 19:26:19 [WARNING] MENACE : None → Capture d'écran 2025-03-22 165530.png
2026-08-07 19:26:19 [ERROR]  Erreur scan YARA sur C:\Users\DELL LATITUDE 5420\OneDrive\Images\Triomph symbole\Capture d'écran 2025-03-22 165539.png : could not open file "C:\Users\DELL LATITUDE 5420\OneDrive\Images\Triomph symbole\Capture d'écran 2025-03-22 165539.png"
2026-08-07 19:26:19 [WARNING] MENACE : None → Capture d'écran 2025-03-22 165539.png
2026-08-07 19:26:19 [ERROR]  Erreur scan YARA sur C:\Users\DELL LATITUDE 5420\OneDrive\Images\Triomph symbole\Capture d'écran 2025-03-22 170229.png : could not open file "C:\Users\DELL LATITUDE 5420\OneDrive\Images\Triomph symbole\Capture d'écran 2025-03-22 170229.png"
2026-08-07 19:26:19 [WARNING] MENACE : None → Capture d'écran 2025-03-22 170229.png
2026-08-07 19:26:19 [ERROR]  Erreur scan YARA sur C:\Users\DELL LATITUDE 5420\OneDrive\Images\Triomph symbole\Capture d'écran 2025-03-22 170706.png : could not open file "C:\Users\DELL LATITUDE 5420\OneDrive\Images\Triomph symbole\Capture d'écran 2025-03-22 170706.png"
2026-08-07 19:26:19 [WARNING] MENACE : None → Capture d'écran 2025-03-22 170706.png
2026-08-07 19:26:19 [ERROR]  Erreur scan YARA sur C:\Users\DELL LATITUDE 5420\OneDrive\Images\Triomph symbole\Capture d'écran 2025-03-22 171151.png : could not open file "C:\Users\DELL LATITUDE 5420\OneDrive\Images\Triomph symbole\Capture d'écran 2025-03-22 171151.png"
2026-08-07 19:26:19 [WARNING] MENACE : None → Capture d'écran 2025-03-22 171151.png
2026-08-07 19:26:19 [ERROR]  Erreur scan YARA sur C:\Users\DELL LATITUDE 5420\OneDrive\Images\Triomph symbole\Capture d'écran 2025-03-22 171216.png : could not open file "C:\Users\DELL LATITUDE 5420\OneDrive\Images\Triomph symbole\Capture d'écran 2025-03-22 171216.png"
2026-08-07 19:26:19 [WARNING] MENACE : None → Capture d'écran 2025-03-22 171216.png
2026-08-07 19:26:20 [ERROR]  Erreur scan YARA sur C:\Users\DELL LATITUDE 5420\OneDrive\Images\Triomph symbole\Capture d'écran 2025-03-22 171342.png : could not open file "C:\Users\DELL LATITUDE 5420\OneDrive\Images\Triomph symbole\Capture d'écran 2025-03-22 171342.png"
2026-08-07 19:26:20 [WARNING] MENACE : None → Capture d'écran 2025-03-22 171342.png
2026-08-07 19:26:20 [ERROR]  Erreur scan YARA sur C:\Users\DELL LATITUDE 5420\OneDrive\Images\Triomph symbole\Capture d'écran 2025-03-22 171449.png : could not open file "C:\Users\DELL LATITUDE 5420\OneDrive\Images\Triomph symbole\Capture d'écran 2025-03-22 171449.png"
2026-08-07 19:26:20 [WARNING] MENACE : None → Capture d'écran 2025-03-22 171449.png
2026-08-07 19:26:20 [ERROR]  Erreur scan YARA sur C:\Users\DELL LATITUDE 5420\OneDrive\Images\Triomph symbole\Capture d'écran 2025-03-22 171719.png : could not open file "C:\Users\DELL LATITUDE 5420\OneDrive\Images\Triomph symbole\Capture d'écran 2025-03-22 171719.png"
2026-08-07 19:26:20 [WARNING] MENACE : None → Capture d'écran 2025-03-22 171719.png
2026-08-07 19:26:20 [ERROR]  Erreur scan YARA sur C:\Users\DELL LATITUDE 5420\OneDrive\Images\Triomph symbole\Capture d'écran 2025-03-22 172409.png : could not open file "C:\Users\DELL LATITUDE 5420\OneDrive\Images\Triomph symbole\Capture d'écran 2025-03-22 172409.png"
2026-08-07 19:26:20 [WARNING] MENACE : None → Capture d'écran 2025-03-22 172409.png
2026-08-07 19:26:20 [ERROR]  Erreur scan YARA sur C:\Users\DELL LATITUDE 5420\OneDrive\Images\Triomph symbole\Capture d'écran 2025-03-22 172756.png : could not open file "C:\Users\DELL LATITUDE 5420\OneDrive\Images\Triomph symbole\Capture d'écran 2025-03-22 172756.png"
2026-08-07 19:26:20 [WARNING] MENACE : None → Capture d'écran 2025-03-22 172756.png
2026-08-07 19:26:20 [ERROR]  Erreur scan YARA sur C:\Users\DELL LATITUDE 5420\OneDrive\Images\Triomph symbole\Capture d'écran 2025-03-22 172932.png : could not open file "C:\Users\DELL LATITUDE 5420\OneDrive\Images\Triomph symbole\Capture d'écran 2025-03-22 172932.png"
2026-08-07 19:26:20 [WARNING] MENACE : None → Capture d'écran 2025-03-22 172932.png
2026-08-07 19:26:20 [ERROR]  Erreur scan YARA sur C:\Users\DELL LATITUDE 5420\OneDrive\Images\Triomph symbole\Capture d'écran 2025-03-22 173505.png : could not open file "C:\Users\DELL LATITUDE 5420\OneDrive\Images\Triomph symbole\Capture d'écran 2025-03-22 173505.png"
2026-08-07 19:26:20 [WARNING] MENACE : None → Capture d'écran 2025-03-22 173505.png
2026-08-07 19:26:20 [ERROR]  Erreur scan YARA sur C:\Users\DELL LATITUDE 5420\OneDrive\Images\Triomph symbole\Capture d'écran 2025-03-22 173537.png : could not open file "C:\Users\DELL LATITUDE 5420\OneDrive\Images\Triomph symbole\Capture d'écran 2025-03-22 173537.png"
2026-08-07 19:26:20 [WARNING] MENACE : None → Capture d'écran 2025-03-22 173537.png
2026-08-07 19:26:20 [ERROR]  Erreur scan YARA sur C:\Users\DELL LATITUDE 5420\OneDrive\Images\Triomph symbole\Capture d'écran 2025-03-22 173900.png : could not open file "C:\Users\DELL LATITUDE 5420\OneDrive\Images\Triomph symbole\Capture d'écran 2025-03-22 173900.png"
2026-08-07 19:26:20 [WARNING] MENACE : None → Capture d'écran 2025-03-22 173900.png
2026-08-07 19:26:20 [ERROR]  Erreur scan YARA sur C:\Users\DELL LATITUDE 5420\OneDrive\Images\Triomph symbole\Capture d'écran 2025-03-22 174218.png : could not open file "C:\Users\DELL LATITUDE 5420\OneDrive\Images\Triomph symbole\Capture d'écran 2025-03-22 174218.png"
2026-08-07 19:26:20 [WARNING] MENACE : None → Capture d'écran 2025-03-22 174218.png
2026-08-07 19:26:20 [ERROR]  Erreur scan YARA sur C:\Users\DELL LATITUDE 5420\OneDrive\Images\Triomph symbole\Capture d'écran 2025-03-26 210434.png : could not open file "C:\Users\DELL LATITUDE 5420\OneDrive\Images\Triomph symbole\Capture d'écran 2025-03-26 210434.png"
2026-08-07 19:26:20 [WARNING] MENACE : None → Capture d'écran 2025-03-26 210434.png
2026-08-07 19:26:21 [ERROR]  Erreur scan YARA sur C:\Users\DELL LATITUDE 5420\OneDrive\Images\Triomph symbole\Capture d'écran 2025-04-10 231654.png : could not open file "C:\Users\DELL LATITUDE 5420\OneDrive\Images\Triomph symbole\Capture d'écran 2025-04-10 231654.png"
2026-08-07 19:26:21 [WARNING] MENACE : None → Capture d'écran 2025-04-10 231654.png
2026-08-07 19:26:21 [ERROR]  Erreur scan YARA sur C:\Users\DELL LATITUDE 5420\OneDrive\Images\Triomph symbole\Capture d'écran 2025-04-10 231702.png : could not open file "C:\Users\DELL LATITUDE 5420\OneDrive\Images\Triomph symbole\Capture d'écran 2025-04-10 231702.png"
2026-08-07 19:26:21 [WARNING] MENACE : None → Capture d'écran 2025-04-10 231702.png
2026-08-07 19:26:21 [ERROR]  Erreur scan YARA sur C:\Users\DELL LATITUDE 5420\OneDrive\Images\Triomph symbole\Capture d'écran 2025-04-22 151914.png : could not open file "C:\Users\DELL LATITUDE 5420\OneDrive\Images\Triomph symbole\Capture d'écran 2025-04-22 151914.png"
2026-08-07 19:26:21 [WARNING] MENACE : None → Capture d'écran 2025-04-22 151914.png
2026-08-07 19:26:21 [ERROR]  Erreur scan YARA sur C:\Users\DELL LATITUDE 5420\OneDrive\Images\Triomph symbole\Capture d'écran 2025-04-22 151927.png : could not open file "C:\Users\DELL LATITUDE 5420\OneDrive\Images\Triomph symbole\Capture d'écran 2025-04-22 151927.png"
2026-08-07 19:26:21 [WARNING] MENACE : None → Capture d'écran 2025-04-22 151927.png
2026-08-07 19:26:21 [ERROR]  Erreur scan YARA sur C:\Users\DELL LATITUDE 5420\OneDrive\Images\Triomph symbole\Capture d'écran 2025-04-22 151938.png : could not open file "C:\Users\DELL LATITUDE 5420\OneDrive\Images\Triomph symbole\Capture d'écran 2025-04-22 151938.png"
2026-08-07 19:26:21 [WARNING] MENACE : None → Capture d'écran 2025-04-22 151938.png
2026-08-07 19:26:21 [ERROR]  Erreur scan YARA sur C:\Users\DELL LATITUDE 5420\OneDrive\Images\Triomph symbole\Capture d'écran 2025-04-22 152407.png : could not open file "C:\Users\DELL LATITUDE 5420\OneDrive\Images\Triomph symbole\Capture d'écran 2025-04-22 152407.png"
2026-08-07 19:26:21 [WARNING] MENACE : None → Capture d'écran 2025-04-22 152407.png
2026-08-07 19:26:21 [ERROR]  Erreur scan YARA sur C:\Users\DELL LATITUDE 5420\OneDrive\Images\Triomph symbole\Capture d'écran 2025-04-22 152414.png : could not open file "C:\Users\DELL LATITUDE 5420\OneDrive\Images\Triomph symbole\Capture d'écran 2025-04-22 152414.png"
2026-08-07 19:26:21 [WARNING] MENACE : None → Capture d'écran 2025-04-22 152414.png
2026-08-07 19:26:21 [ERROR]  Erreur scan YARA sur C:\Users\DELL LATITUDE 5420\OneDrive\Images\Triomph symbole\Capture d'écran 2025-04-22 152511.png : could not open file "C:\Users\DELL LATITUDE 5420\OneDrive\Images\Triomph symbole\Capture d'écran 2025-04-22 152511.png"
2026-08-07 19:26:21 [WARNING] MENACE : None → Capture d'écran 2025-04-22 152511.png
2026-08-07 19:26:21 [ERROR]  Erreur scan YARA sur C:\Users\DELL LATITUDE 5420\OneDrive\Images\Triomph symbole\Capture d'écran 2025-04-22 152524.png : could not open file "C:\Users\DELL LATITUDE 5420\OneDrive\Images\Triomph symbole\Capture d'écran 2025-04-22 152524.png"
2026-08-07 19:26:21 [WARNING] MENACE : None → Capture d'écran 2025-04-22 152524.png
2026-08-07 19:26:21 [ERROR]  Erreur scan YARA sur C:\Users\DELL LATITUDE 5420\OneDrive\Images\Triomph symbole\Capture d'écran 2025-05-09 143040.png : could not open file "C:\Users\DELL LATITUDE 5420\OneDrive\Images\Triomph symbole\Capture d'écran 2025-05-09 143040.png"
2026-08-07 19:26:21 [WARNING] MENACE : None → Capture d'écran 2025-05-09 143040.png
2026-08-07 19:26:21 [ERROR]  Erreur scan YARA sur C:\Users\DELL LATITUDE 5420\OneDrive\Images\Triomph symbole\Capture d'écran 2025-05-09 143342.png : could not open file "C:\Users\DELL LATITUDE 5420\OneDrive\Images\Triomph symbole\Capture d'écran 2025-05-09 143342.png"
2026-08-07 19:26:21 [WARNING] MENACE : None → Capture d'écran 2025-05-09 143342.png
2026-08-07 19:26:21 [ERROR]  Erreur scan YARA sur C:\Users\DELL LATITUDE 5420\OneDrive\Images\Triomph symbole\Capture d'écran 2025-05-09 143852.png : could not open file "C:\Users\DELL LATITUDE 5420\OneDrive\Images\Triomph symbole\Capture d'écran 2025-05-09 143852.png"
2026-08-07 19:26:21 [WARNING] MENACE : None → Capture d'écran 2025-05-09 143852.png
2026-08-07 19:26:21 [ERROR]  Erreur scan YARA sur C:\Users\DELL LATITUDE 5420\OneDrive\Images\Triomph symbole\Capture d'écran 2025-05-09 144011.png : could not open file "C:\Users\DELL LATITUDE 5420\OneDrive\Images\Triomph symbole\Capture d'écran 2025-05-09 144011.png"
2026-08-07 19:26:21 [WARNING] MENACE : None → Capture d'écran 2025-05-09 144011.png
2026-08-07 19:26:21 [ERROR]  Erreur scan YARA sur C:\Users\DELL LATITUDE 5420\OneDrive\Images\Triomph symbole\Capture d'écran 2025-05-09 145854.png : could not open file "C:\Users\DELL LATITUDE 5420\OneDrive\Images\Triomph symbole\Capture d'écran 2025-05-09 145854.png"
2026-08-07 19:26:21 [WARNING] MENACE : None → Capture d'écran 2025-05-09 145854.png
2026-08-07 19:26:21 [ERROR]  Erreur scan YARA sur C:\Users\DELL LATITUDE 5420\OneDrive\Images\Triomph symbole\Capture d'écran 2025-05-19 180642.png : could not open file "C:\Users\DELL LATITUDE 5420\OneDrive\Images\Triomph symbole\Capture d'écran 2025-05-19 180642.png"
2026-08-07 19:26:21 [WARNING] MENACE : None → Capture d'écran 2025-05-19 180642.png
2026-08-07 19:26:21 [ERROR]  Erreur scan YARA sur C:\Users\DELL LATITUDE 5420\OneDrive\Images\Triomph symbole\Capture d'écran 2025-05-19 180854.png : could not open file "C:\Users\DELL LATITUDE 5420\OneDrive\Images\Triomph symbole\Capture d'écran 2025-05-19 180854.png"
2026-08-07 19:26:21 [WARNING] MENACE : None → Capture d'écran 2025-05-19 180854.png
2026-08-07 19:26:21 [ERROR]  Erreur scan YARA sur C:\Users\DELL LATITUDE 5420\OneDrive\Images\Triomph symbole\Capture d'écran 2025-06-07 200733.png : could not open file "C:\Users\DELL LATITUDE 5420\OneDrive\Images\Triomph symbole\Capture d'écran 2025-06-07 200733.png"
2026-08-07 19:26:21 [WARNING] MENACE : None → Capture d'écran 2025-06-07 200733.png
2026-08-07 19:26:21 [ERROR]  Erreur scan YARA sur C:\Users\DELL LATITUDE 5420\OneDrive\Images\Triomph symbole\Capture d'écran 2025-06-07 201315.png : could not open file "C:\Users\DELL LATITUDE 5420\OneDrive\Images\Triomph symbole\Capture d'écran 2025-06-07 201315.png"
2026-08-07 19:26:21 [WARNING] MENACE : None → Capture d'écran 2025-06-07 201315.png
2026-08-07 19:26:21 [ERROR]  Erreur scan YARA sur C:\Users\DELL LATITUDE 5420\OneDrive\Images\Triomph symbole\Capture d'écran 2025-07-02 040034.png : could not open file "C:\Users\DELL LATITUDE 5420\OneDrive\Images\Triomph symbole\Capture d'écran 2025-07-02 040034.png"
2026-08-07 19:26:21 [WARNING] MENACE : None → Capture d'écran 2025-07-02 040034.png
2026-08-07 19:26:21 [ERROR]  Erreur scan YARA sur C:\Users\DELL LATITUDE 5420\OneDrive\Images\Triomph symbole\Capture d'écran 2025-08-01 185549.png : could not open file "C:\Users\DELL LATITUDE 5420\OneDrive\Images\Triomph symbole\Capture d'écran 2025-08-01 185549.png"
2026-08-07 19:26:21 [WARNING] MENACE : None → Capture d'écran 2025-08-01 185549.png
2026-08-07 19:26:21 [ERROR]  Erreur scan YARA sur C:\Users\DELL LATITUDE 5420\OneDrive\Images\Triomph symbole\Capture d'écran 2025-08-01 185955.png : could not open file "C:\Users\DELL LATITUDE 5420\OneDrive\Images\Triomph symbole\Capture d'écran 2025-08-01 185955.png"
2026-08-07 19:26:21 [WARNING] MENACE : None → Capture d'écran 2025-08-01 185955.png
2026-08-07 19:26:22 [ERROR]  Erreur scan YARA sur C:\Users\DELL LATITUDE 5420\OneDrive\Images\Triomph symbole\Capture d'écran 2025-08-09 052733.png : could not open file "C:\Users\DELL LATITUDE 5420\OneDrive\Images\Triomph symbole\Capture d'écran 2025-08-09 052733.png"
2026-08-07 19:26:22 [WARNING] MENACE : None → Capture d'écran 2025-08-09 052733.png
2026-08-07 19:26:22 [ERROR]  Erreur scan YARA sur C:\Users\DELL LATITUDE 5420\OneDrive\Images\Triomph symbole\Capture d'écran 2025-08-09 052945.png : could not open file "C:\Users\DELL LATITUDE 5420\OneDrive\Images\Triomph symbole\Capture d'écran 2025-08-09 052945.png"
2026-08-07 19:26:22 [WARNING] MENACE : None → Capture d'écran 2025-08-09 052945.png
2026-08-07 19:26:22 [ERROR]  Erreur scan YARA sur C:\Users\DELL LATITUDE 5420\OneDrive\Images\Triomph symbole\Capture d'écran 2025-08-09 053039.png : could not open file "C:\Users\DELL LATITUDE 5420\OneDrive\Images\Triomph symbole\Capture d'écran 2025-08-09 053039.png"
2026-08-07 19:26:22 [WARNING] MENACE : None → Capture d'écran 2025-08-09 053039.png
2026-08-07 19:26:22 [ERROR]  Erreur scan YARA sur C:\Users\DELL LATITUDE 5420\OneDrive\Images\Triomph symbole\Capture d'écran 2025-08-09 053158.png : could not open file "C:\Users\DELL LATITUDE 5420\OneDrive\Images\Triomph symbole\Capture d'écran 2025-08-09 053158.png"
2026-08-07 19:26:22 [WARNING] MENACE : None → Capture d'écran 2025-08-09 053158.png
2026-08-07 19:26:22 [ERROR]  Erreur scan YARA sur C:\Users\DELL LATITUDE 5420\OneDrive\Images\Triomph symbole\Capture d'écran 2025-08-10 004454.png : could not open file "C:\Users\DELL LATITUDE 5420\OneDrive\Images\Triomph symbole\Capture d'écran 2025-08-10 004454.png"
2026-08-07 19:26:22 [WARNING] MENACE : None → Capture d'écran 2025-08-10 004454.png
2026-08-07 19:26:22 [ERROR]  Erreur scan YARA sur C:\Users\DELL LATITUDE 5420\OneDrive\Images\Triomph symbole\Capture d'écran 2025-08-10 004535.png : could not open file "C:\Users\DELL LATITUDE 5420\OneDrive\Images\Triomph symbole\Capture d'écran 2025-08-10 004535.png"
2026-08-07 19:26:22 [WARNING] MENACE : None → Capture d'écran 2025-08-10 004535.png
2026-08-07 19:26:22 [ERROR]  Erreur scan YARA sur C:\Users\DELL LATITUDE 5420\OneDrive\Images\Triomph symbole\Capture d'écran 2025-09-08 155448.png : could not open file "C:\Users\DELL LATITUDE 5420\OneDrive\Images\Triomph symbole\Capture d'écran 2025-09-08 155448.png"
2026-08-07 19:26:22 [WARNING] MENACE : None → Capture d'écran 2025-09-08 155448.png
2026-08-07 19:26:23 [ERROR]  Erreur scan YARA sur C:\Users\DELL LATITUDE 5420\OneDrive\Images\Triomph symbole\Capture d'écran 2025-09-08 155534.png : could not open file "C:\Users\DELL LATITUDE 5420\OneDrive\Images\Triomph symbole\Capture d'écran 2025-09-08 155534.png"
2026-08-07 19:26:23 [WARNING] MENACE : None → Capture d'écran 2025-09-08 155534.png
2026-08-07 19:26:23 [ERROR]  Erreur scan YARA sur C:\Users\DELL LATITUDE 5420\OneDrive\Images\Triomph symbole\Capture d'écran 2025-09-08 155653.png : could not open file "C:\Users\DELL LATITUDE 5420\OneDrive\Images\Triomph symbole\Capture d'écran 2025-09-08 155653.png"
2026-08-07 19:26:23 [WARNING] MENACE : None → Capture d'écran 2025-09-08 155653.png
2026-08-07 19:26:23 [ERROR]  Erreur scan YARA sur C:\Users\DELL LATITUDE 5420\OneDrive\Images\Triomph symbole\Capture d'écran 2025-09-08 155704.png : could not open file "C:\Users\DELL LATITUDE 5420\OneDrive\Images\Triomph symbole\Capture d'écran 2025-09-08 155704.png"
2026-08-07 19:26:23 [WARNING] MENACE : None → Capture d'écran 2025-09-08 155704.png
2026-08-07 19:26:23 [ERROR]  Erreur scan YARA sur C:\Users\DELL LATITUDE 5420\OneDrive\Images\Triomph symbole\Capture d'écran 2025-09-08 155750.png : could not open file "C:\Users\DELL LATITUDE 5420\OneDrive\Images\Triomph symbole\Capture d'écran 2025-09-08 155750.png"
2026-08-07 19:26:23 [WARNING] MENACE : None → Capture d'écran 2025-09-08 155750.png
2026-08-07 19:26:23 [ERROR]  Erreur scan YARA sur C:\Users\DELL LATITUDE 5420\OneDrive\Images\Triomph symbole\Capture d'écran 2025-09-08 160043.png : could not open file "C:\Users\DELL LATITUDE 5420\OneDrive\Images\Triomph symbole\Capture d'écran 2025-09-08 160043.png"
2026-08-07 19:26:23 [WARNING] MENACE : None → Capture d'écran 2025-09-08 160043.png
2026-08-07 19:26:23 [ERROR]  Erreur scan YARA sur C:\Users\DELL LATITUDE 5420\OneDrive\Images\Triomph symbole\Capture d'écran 2025-09-08 160232.png : could not open file "C:\Users\DELL LATITUDE 5420\OneDrive\Images\Triomph symbole\Capture d'écran 2025-09-08 160232.png"
2026-08-07 19:26:23 [WARNING] MENACE : None → Capture d'écran 2025-09-08 160232.png
2026-08-07 19:26:23 [ERROR]  Erreur scan YARA sur C:\Users\DELL LATITUDE 5420\OneDrive\Images\Triomph symbole\Capture d'écran 2025-09-12 233655.png : could not open file "C:\Users\DELL LATITUDE 5420\OneDrive\Images\Triomph symbole\Capture d'écran 2025-09-12 233655.png"
2026-08-07 19:26:23 [WARNING] MENACE : None → Capture d'écran 2025-09-12 233655.png
2026-08-07 19:26:23 [ERROR]  Erreur scan YARA sur C:\Users\DELL LATITUDE 5420\OneDrive\Images\Triomph symbole\Capture d'écran 2025-09-12 233716.png : could not open file "C:\Users\DELL LATITUDE 5420\OneDrive\Images\Triomph symbole\Capture d'écran 2025-09-12 233716.png"
2026-08-07 19:26:23 [WARNING] MENACE : None → Capture d'écran 2025-09-12 233716.png
2026-08-07 19:26:23 [ERROR]  Erreur scan YARA sur C:\Users\DELL LATITUDE 5420\OneDrive\Images\Triomph symbole\Capture d'écran 2025-09-12 233734.png : could not open file "C:\Users\DELL LATITUDE 5420\OneDrive\Images\Triomph symbole\Capture d'écran 2025-09-12 233734.png"
2026-08-07 19:26:23 [WARNING] MENACE : None → Capture d'écran 2025-09-12 233734.png
2026-08-07 19:26:24 [ERROR]  Erreur scan YARA sur C:\Users\DELL LATITUDE 5420\OneDrive\Images\Triomph symbole\Capture d'écran 2025-09-13 140816.png : could not open file "C:\Users\DELL LATITUDE 5420\OneDrive\Images\Triomph symbole\Capture d'écran 2025-09-13 140816.png"
2026-08-07 19:26:24 [WARNING] MENACE : None → Capture d'écran 2025-09-13 140816.png
2026-08-07 19:26:24 [ERROR]  Erreur scan YARA sur C:\Users\DELL LATITUDE 5420\OneDrive\Images\Triomph symbole\Capture d'écran 2025-09-13 141104.png : could not open file "C:\Users\DELL LATITUDE 5420\OneDrive\Images\Triomph symbole\Capture d'écran 2025-09-13 141104.png"
2026-08-07 19:26:24 [WARNING] MENACE : None → Capture d'écran 2025-09-13 141104.png
2026-08-07 19:26:24 [ERROR]  Erreur scan YARA sur C:\Users\DELL LATITUDE 5420\OneDrive\Images\Triomph symbole\Capture d'écran 2025-09-13 141124.png : could not open file "C:\Users\DELL LATITUDE 5420\OneDrive\Images\Triomph symbole\Capture d'écran 2025-09-13 141124.png"
2026-08-07 19:26:24 [WARNING] MENACE : None → Capture d'écran 2025-09-13 141124.png
2026-08-07 19:26:24 [ERROR]  Erreur scan YARA sur C:\Users\DELL LATITUDE 5420\OneDrive\Images\Triomph symbole\Capture d'écran 2025-09-13 141146.png : could not open file "C:\Users\DELL LATITUDE 5420\OneDrive\Images\Triomph symbole\Capture d'écran 2025-09-13 141146.png"
2026-08-07 19:26:24 [WARNING] MENACE : None → Capture d'écran 2025-09-13 141146.png
2026-08-07 19:26:24 [ERROR]  Erreur scan YARA sur C:\Users\DELL LATITUDE 5420\OneDrive\Images\Triomph symbole\Capture d'écran 2025-09-13 144012.png : could not open file "C:\Users\DELL LATITUDE 5420\OneDrive\Images\Triomph symbole\Capture d'écran 2025-09-13 144012.png"
2026-08-07 19:26:24 [WARNING] MENACE : None → Capture d'écran 2025-09-13 144012.png
2026-08-07 19:26:24 [ERROR]  Erreur scan YARA sur C:\Users\DELL LATITUDE 5420\OneDrive\Images\Triomph symbole\Capture d'écran 2025-09-13 144038.png : could not open file "C:\Users\DELL LATITUDE 5420\OneDrive\Images\Triomph symbole\Capture d'écran 2025-09-13 144038.png"
2026-08-07 19:26:24 [WARNING] MENACE : None → Capture d'écran 2025-09-13 144038.png
2026-08-07 19:26:24 [ERROR]  Erreur scan YARA sur C:\Users\DELL LATITUDE 5420\OneDrive\Images\Triomph symbole\Capture d'écran 2025-09-20 202931.png : could not open file "C:\Users\DELL LATITUDE 5420\OneDrive\Images\Triomph symbole\Capture d'écran 2025-09-20 202931.png"
2026-08-07 19:26:24 [WARNING] MENACE : None → Capture d'écran 2025-09-20 202931.png
2026-08-07 19:26:25 [ERROR]  Erreur scan YARA sur C:\Users\DELL LATITUDE 5420\OneDrive\Images\Triomph symbole\Capture d'écran 2025-09-20 203158.png : could not open file "C:\Users\DELL LATITUDE 5420\OneDrive\Images\Triomph symbole\Capture d'écran 2025-09-20 203158.png"
2026-08-07 19:26:25 [WARNING] MENACE : None → Capture d'écran 2025-09-20 203158.png
2026-08-07 19:26:25 [ERROR]  Erreur scan YARA sur C:\Users\DELL LATITUDE 5420\OneDrive\Images\Triomph symbole\Capture d'écran 2025-09-20 203242.png : could not open file "C:\Users\DELL LATITUDE 5420\OneDrive\Images\Triomph symbole\Capture d'écran 2025-09-20 203242.png"
2026-08-07 19:26:25 [WARNING] MENACE : None → Capture d'écran 2025-09-20 203242.png
2026-08-07 19:26:25 [ERROR]  Erreur scan YARA sur C:\Users\DELL LATITUDE 5420\OneDrive\Images\Triomph symbole\Capture d'écran 2025-09-28 114617.png : could not open file "C:\Users\DELL LATITUDE 5420\OneDrive\Images\Triomph symbole\Capture d'écran 2025-09-28 114617.png"
2026-08-07 19:26:25 [WARNING] MENACE : None → Capture d'écran 2025-09-28 114617.png
2026-08-07 19:26:25 [ERROR]  Erreur scan YARA sur C:\Users\DELL LATITUDE 5420\OneDrive\Images\Triomph symbole\Capture d'écran 2025-10-22 135141.png : could not open file "C:\Users\DELL LATITUDE 5420\OneDrive\Images\Triomph symbole\Capture d'écran 2025-10-22 135141.png"
2026-08-07 19:26:25 [WARNING] MENACE : None → Capture d'écran 2025-10-22 135141.png
2026-08-07 19:26:25 [ERROR]  Erreur scan YARA sur C:\Users\DELL LATITUDE 5420\OneDrive\Images\Triomph symbole\Capture d'écran 2025-10-22 135154.png : could not open file "C:\Users\DELL LATITUDE 5420\OneDrive\Images\Triomph symbole\Capture d'écran 2025-10-22 135154.png"
2026-08-07 19:26:25 [WARNING] MENACE : None → Capture d'écran 2025-10-22 135154.png
2026-08-07 19:26:25 [ERROR]  Erreur scan YARA sur C:\Users\DELL LATITUDE 5420\OneDrive\Images\Triomph symbole\Capture d'écran 2025-10-22 135242.png : could not open file "C:\Users\DELL LATITUDE 5420\OneDrive\Images\Triomph symbole\Capture d'écran 2025-10-22 135242.png"
2026-08-07 19:26:25 [WARNING] MENACE : None → Capture d'écran 2025-10-22 135242.png
2026-08-07 19:26:25 [ERROR]  Erreur scan YARA sur C:\Users\DELL LATITUDE 5420\OneDrive\Images\Triomph symbole\Capture d'écran 2025-10-22 135342.png : could not open file "C:\Users\DELL LATITUDE 5420\OneDrive\Images\Triomph symbole\Capture d'écran 2025-10-22 135342.png"
2026-08-07 19:26:25 [WARNING] MENACE : None → Capture d'écran 2025-10-22 135342.png
2026-08-07 19:26:25 [ERROR]  Erreur scan YARA sur C:\Users\DELL LATITUDE 5420\OneDrive\Images\Triomph symbole\Capture d'écran 2025-10-22 135426.png : could not open file "C:\Users\DELL LATITUDE 5420\OneDrive\Images\Triomph symbole\Capture d'écran 2025-10-22 135426.png"
2026-08-07 19:26:25 [WARNING] MENACE : None → Capture d'écran 2025-10-22 135426.png
2026-08-07 19:26:26 [ERROR]  Erreur scan YARA sur C:\Users\DELL LATITUDE 5420\OneDrive\Images\Triomph symbole\Capture d'écran 2025-10-22 135849.png : could not open file "C:\Users\DELL LATITUDE 5420\OneDrive\Images\Triomph symbole\Capture d'écran 2025-10-22 135849.png"
2026-08-07 19:26:26 [WARNING] MENACE : None → Capture d'écran 2025-10-22 135849.png
2026-08-07 19:26:26 [ERROR]  Erreur scan YARA sur C:\Users\DELL LATITUDE 5420\OneDrive\Images\Triomph symbole\Capture d'écran 2025-10-22 135912.png : could not open file "C:\Users\DELL LATITUDE 5420\OneDrive\Images\Triomph symbole\Capture d'écran 2025-10-22 135912.png"
2026-08-07 19:26:26 [WARNING] MENACE : None → Capture d'écran 2025-10-22 135912.png
2026-08-07 19:26:26 [ERROR]  Erreur scan YARA sur C:\Users\DELL LATITUDE 5420\OneDrive\Images\Triomph symbole\Capture d'écran 2025-10-22 135958.png : could not open file "C:\Users\DELL LATITUDE 5420\OneDrive\Images\Triomph symbole\Capture d'écran 2025-10-22 135958.png"
2026-08-07 19:26:26 [WARNING] MENACE : None → Capture d'écran 2025-10-22 135958.png
2026-08-07 19:26:26 [ERROR]  Erreur scan YARA sur C:\Users\DELL LATITUDE 5420\OneDrive\Images\Triomph symbole\Capture d'écran 2025-10-22 140035.png : could not open file "C:\Users\DELL LATITUDE 5420\OneDrive\Images\Triomph symbole\Capture d'écran 2025-10-22 140035.png"
2026-08-07 19:26:26 [WARNING] MENACE : None → Capture d'écran 2025-10-22 140035.png
2026-08-07 19:26:26 [ERROR]  Erreur scan YARA sur C:\Users\DELL LATITUDE 5420\OneDrive\Images\Triomph symbole\Capture d'écran 2025-10-22 140111.png : could not open file "C:\Users\DELL LATITUDE 5420\OneDrive\Images\Triomph symbole\Capture d'écran 2025-10-22 140111.png"
2026-08-07 19:26:26 [WARNING] MENACE : None → Capture d'écran 2025-10-22 140111.png
2026-08-07 19:26:26 [ERROR]  Erreur scan YARA sur C:\Users\DELL LATITUDE 5420\OneDrive\Images\Triomph symbole\Capture d'écran 2025-10-22 140258.png : could not open file "C:\Users\DELL LATITUDE 5420\OneDrive\Images\Triomph symbole\Capture d'écran 2025-10-22 140258.png"
2026-08-07 19:26:26 [WARNING] MENACE : None → Capture d'écran 2025-10-22 140258.png
2026-08-07 19:26:27 [ERROR]  Erreur scan YARA sur C:\Users\DELL LATITUDE 5420\OneDrive\Images\Triomph symbole\Capture d'écran 2025-10-22 140315.png : could not open file "C:\Users\DELL LATITUDE 5420\OneDrive\Images\Triomph symbole\Capture d'écran 2025-10-22 140315.png"
2026-08-07 19:26:27 [WARNING] MENACE : None → Capture d'écran 2025-10-22 140315.png
2026-08-07 19:26:27 [ERROR]  Erreur scan YARA sur C:\Users\DELL LATITUDE 5420\OneDrive\Images\Triomph symbole\Capture d'écran 2025-10-22 141239.png : could not open file "C:\Users\DELL LATITUDE 5420\OneDrive\Images\Triomph symbole\Capture d'écran 2025-10-22 141239.png"
2026-08-07 19:26:27 [WARNING] MENACE : None → Capture d'écran 2025-10-22 141239.png
2026-08-07 19:26:27 [ERROR]  Erreur scan YARA sur C:\Users\DELL LATITUDE 5420\OneDrive\Images\Triomph symbole\Capture d'écran 2025-10-22 141405.png : could not open file "C:\Users\DELL LATITUDE 5420\OneDrive\Images\Triomph symbole\Capture d'écran 2025-10-22 141405.png"
2026-08-07 19:26:27 [WARNING] MENACE : None → Capture d'écran 2025-10-22 141405.png
2026-08-07 19:26:27 [ERROR]  Erreur scan YARA sur C:\Users\DELL LATITUDE 5420\OneDrive\Images\Triomph symbole\Capture d'écran 2025-10-22 220103.png : could not open file "C:\Users\DELL LATITUDE 5420\OneDrive\Images\Triomph symbole\Capture d'écran 2025-10-22 220103.png"
2026-08-07 19:26:27 [WARNING] MENACE : None → Capture d'écran 2025-10-22 220103.png
2026-08-07 19:26:27 [ERROR]  Erreur scan YARA sur C:\Users\DELL LATITUDE 5420\OneDrive\Images\Triomph symbole\Capture d'écran 2025-10-22 220121.png : could not open file "C:\Users\DELL LATITUDE 5420\OneDrive\Images\Triomph symbole\Capture d'écran 2025-10-22 220121.png"
2026-08-07 19:26:27 [WARNING] MENACE : None → Capture d'écran 2025-10-22 220121.png
2026-08-07 19:26:27 [ERROR]  Erreur scan YARA sur C:\Users\DELL LATITUDE 5420\OneDrive\Images\Triomph symbole\Capture d'écran 2025-10-22 220132.png : could not open file "C:\Users\DELL LATITUDE 5420\OneDrive\Images\Triomph symbole\Capture d'écran 2025-10-22 220132.png"
2026-08-07 19:26:27 [WARNING] MENACE : None → Capture d'écran 2025-10-22 220132.png
2026-08-07 19:26:27 [ERROR]  Erreur scan YARA sur C:\Users\DELL LATITUDE 5420\OneDrive\Images\Triomph symbole\Capture d'écran 2025-10-22 220927.png : could not open file "C:\Users\DELL LATITUDE 5420\OneDrive\Images\Triomph symbole\Capture d'écran 2025-10-22 220927.png"
2026-08-07 19:26:27 [WARNING] MENACE : None → Capture d'écran 2025-10-22 220927.png
2026-08-07 19:26:27 [ERROR]  Erreur scan YARA sur C:\Users\DELL LATITUDE 5420\OneDrive\Images\Triomph symbole\Capture d'écran 2025-10-22 220939.png : could not open file "C:\Users\DELL LATITUDE 5420\OneDrive\Images\Triomph symbole\Capture d'écran 2025-10-22 220939.png"
2026-08-07 19:26:27 [WARNING] MENACE : None → Capture d'écran 2025-10-22 220939.png
2026-08-07 19:26:27 [ERROR]  Erreur scan YARA sur C:\Users\DELL LATITUDE 5420\OneDrive\Images\Triomph symbole\Capture d'écran 2025-10-22 220953.png : could not open file "C:\Users\DELL LATITUDE 5420\OneDrive\Images\Triomph symbole\Capture d'écran 2025-10-22 220953.png"
2026-08-07 19:26:27 [WARNING] MENACE : None → Capture d'écran 2025-10-22 220953.png
2026-08-07 19:26:27 [ERROR]  Erreur scan YARA sur C:\Users\DELL LATITUDE 5420\OneDrive\Images\Triomph symbole\Capture d'écran 2025-10-22 221010.png : could not open file "C:\Users\DELL LATITUDE 5420\OneDrive\Images\Triomph symbole\Capture d'écran 2025-10-22 221010.png"
2026-08-07 19:26:27 [WARNING] MENACE : None → Capture d'écran 2025-10-22 221010.png
2026-08-07 19:26:27 [ERROR]  Erreur scan YARA sur C:\Users\DELL LATITUDE 5420\OneDrive\Images\Triomph symbole\Capture d'écran 2025-10-22 221716.png : could not open file "C:\Users\DELL LATITUDE 5420\OneDrive\Images\Triomph symbole\Capture d'écran 2025-10-22 221716.png"
2026-08-07 19:26:27 [WARNING] MENACE : None → Capture d'écran 2025-10-22 221716.png
2026-08-07 19:26:28 [ERROR]  Erreur scan YARA sur C:\Users\DELL LATITUDE 5420\OneDrive\Images\Triomph symbole\Capture d'écran 2025-10-22 222051.png : could not open file "C:\Users\DELL LATITUDE 5420\OneDrive\Images\Triomph symbole\Capture d'écran 2025-10-22 222051.png"
2026-08-07 19:26:28 [WARNING] MENACE : None → Capture d'écran 2025-10-22 222051.png
2026-08-07 19:26:28 [ERROR]  Erreur scan YARA sur C:\Users\DELL LATITUDE 5420\OneDrive\Images\Triomph symbole\Capture d'écran 2025-10-22 222532.png : could not open file "C:\Users\DELL LATITUDE 5420\OneDrive\Images\Triomph symbole\Capture d'écran 2025-10-22 222532.png"
2026-08-07 19:26:28 [WARNING] MENACE : None → Capture d'écran 2025-10-22 222532.png
2026-08-07 19:26:28 [ERROR]  Erreur scan YARA sur C:\Users\DELL LATITUDE 5420\OneDrive\Images\Triomph symbole\Capture d'écran 2025-10-22 222559.png : could not open file "C:\Users\DELL LATITUDE 5420\OneDrive\Images\Triomph symbole\Capture d'écran 2025-10-22 222559.png"
2026-08-07 19:26:28 [WARNING] MENACE : None → Capture d'écran 2025-10-22 222559.png
2026-08-07 19:26:28 [ERROR]  Erreur scan YARA sur C:\Users\DELL LATITUDE 5420\OneDrive\Images\Triomph symbole\Capture d'écran 2025-10-22 222619.png : could not open file "C:\Users\DELL LATITUDE 5420\OneDrive\Images\Triomph symbole\Capture d'écran 2025-10-22 222619.png"
2026-08-07 19:26:28 [WARNING] MENACE : None → Capture d'écran 2025-10-22 222619.png
2026-08-07 19:26:28 [ERROR]  Erreur scan YARA sur C:\Users\DELL LATITUDE 5420\OneDrive\Images\Triomph symbole\Capture d'écran 2025-12-08 012225.png : could not open file "C:\Users\DELL LATITUDE 5420\OneDrive\Images\Triomph symbole\Capture d'écran 2025-12-08 012225.png"
2026-08-07 19:26:28 [WARNING] MENACE : None → Capture d'écran 2025-12-08 012225.png
2026-08-07 19:26:28 [ERROR]  Erreur scan YARA sur C:\Users\DELL LATITUDE 5420\OneDrive\Images\Triomph symbole\Capture d'écran 2025-12-25 015736.png : could not open file "C:\Users\DELL LATITUDE 5420\OneDrive\Images\Triomph symbole\Capture d'écran 2025-12-25 015736.png"
2026-08-07 19:26:28 [WARNING] MENACE : None → Capture d'écran 2025-12-25 015736.png
2026-08-07 19:26:28 [ERROR]  Erreur scan YARA sur C:\Users\DELL LATITUDE 5420\OneDrive\Images\Triomph symbole\Capture d'écran 2025-12-25 015805.png : could not open file "C:\Users\DELL LATITUDE 5420\OneDrive\Images\Triomph symbole\Capture d'écran 2025-12-25 015805.png"
2026-08-07 19:26:28 [WARNING] MENACE : None → Capture d'écran 2025-12-25 015805.png
2026-08-07 19:26:28 [ERROR]  Erreur scan YARA sur C:\Users\DELL LATITUDE 5420\OneDrive\Images\Triomph symbole\Capture d'écran 2026-03-23 003257.png : could not open file "C:\Users\DELL LATITUDE 5420\OneDrive\Images\Triomph symbole\Capture d'écran 2026-03-23 003257.png"
2026-08-07 19:26:28 [WARNING] MENACE : None → Capture d'écran 2026-03-23 003257.png
2026-08-07 19:26:28 [ERROR]  Erreur scan YARA sur C:\Users\DELL LATITUDE 5420\OneDrive\Images\Triomph symbole\Capture d'écran 2026-03-23 003407.png : could not open file "C:\Users\DELL LATITUDE 5420\OneDrive\Images\Triomph symbole\Capture d'écran 2026-03-23 003407.png"
2026-08-07 19:26:28 [WARNING] MENACE : None → Capture d'écran 2026-03-23 003407.png
2026-08-07 19:26:28 [ERROR]  Erreur scan YARA sur C:\Users\DELL LATITUDE 5420\OneDrive\Images\Triomph symbole\Capture d'écran 2026-03-24 182315.png : could not open file "C:\Users\DELL LATITUDE 5420\OneDrive\Images\Triomph symbole\Capture d'écran 2026-03-24 182315.png"
2026-08-07 19:26:28 [WARNING] MENACE : None → Capture d'écran 2026-03-24 182315.png
2026-08-07 19:26:28 [ERROR]  Erreur scan YARA sur C:\Users\DELL LATITUDE 5420\OneDrive\Images\Triomph symbole\Capture d'écran 2026-06-26 120110.png : could not open file "C:\Users\DELL LATITUDE 5420\OneDrive\Images\Triomph symbole\Capture d'écran 2026-06-26 120110.png"
2026-08-07 19:26:28 [WARNING] MENACE : None → Capture d'écran 2026-06-26 120110.png
2026-08-07 19:26:28 [ERROR]  Erreur scan YARA sur C:\Users\DELL LATITUDE 5420\OneDrive\Images\Triomph symbole\Capture d’écran 2024-03-27 063437_1.png : could not open file "C:\Users\DELL LATITUDE 5420\OneDrive\Images\Triomph symbole\Capture d’écran 2024-03-27 063437_1.png"
2026-08-07 19:26:28 [WARNING] MENACE : None → Capture d’écran 2024-03-27 063437_1.png
2026-08-07 19:26:28 [ERROR]  Erreur scan YARA sur C:\Users\DELL LATITUDE 5420\OneDrive\Images\Triomph symbole\Capture_d_écran_2025-10-22_135849-removebg-preview.png : could not open file "C:\Users\DELL LATITUDE 5420\OneDrive\Images\Triomph symbole\Capture_d_écran_2025-10-22_135849-removebg-preview.png"
2026-08-07 19:26:28 [WARNING] MENACE : None → Capture_d_écran_2025-10-22_135849-removebg-preview.png
2026-08-07 19:26:28 [ERROR]  Erreur scan YARA sur C:\Users\DELL LATITUDE 5420\OneDrive\Images\Triomph symbole\Capture_d_écran_2025-10-22_135958-removebg-preview.png : could not open file "C:\Users\DELL LATITUDE 5420\OneDrive\Images\Triomph symbole\Capture_d_écran_2025-10-22_135958-removebg-preview.png"
2026-08-07 19:26:28 [WARNING] MENACE : None → Capture_d_écran_2025-10-22_135958-removebg-preview.png
2026-08-07 19:26:29 [ERROR]  Erreur scan YARA sur C:\Users\DELL LATITUDE 5420\OneDrive\Images\Triomph symbole\Capture_d_écran_2025-10-22_140111-removebg-preview.png : could not open file "C:\Users\DELL LATITUDE 5420\OneDrive\Images\Triomph symbole\Capture_d_écran_2025-10-22_140111-removebg-preview.png"
2026-08-07 19:26:29 [WARNING] MENACE : None → Capture_d_écran_2025-10-22_140111-removebg-preview.png
2026-08-07 19:26:29 [WARNING] MENACE : None → Design sans titre (1).png
2026-08-07 19:26:29 [WARNING] MENACE : None → Design sans titre (2).png
2026-08-07 19:26:30 [WARNING] MENACE : None → Design sans titre.png
2026-08-07 19:26:30 [WARNING] MENACE : None → Image1.png
2026-08-07 19:26:30 [WARNING] MENACE : None → Screenshot 2026-03-26 232013.png
2026-08-07 19:26:30 [ERROR]  Erreur scan YARA sur C:\Users\DELL LATITUDE 5420\OneDrive\Images\Triomph symbole\Super-Thiéé.png : could not open file "C:\Users\DELL LATITUDE 5420\OneDrive\Images\Triomph symbole\Super-Thiéé.png"
2026-08-07 19:26:30 [WARNING] MENACE : None → Super-Thiéé.png
2026-08-07 19:26:30 [WARNING] MENACE : None → zzzzz.png
2026-08-07 19:26:30 [WARNING] MENACE : None → zzzzzScreenshot 2026-03-09 235350.png
2026-08-07 19:26:30 [WARNING] MENACE : None → zzzzzz.png
2026-08-07 19:26:30 [ERROR]  Erreur scan YARA sur C:\Users\DELL LATITUDE 5420\OneDrive\Images\Pictures\Screenshots\0_création des tables.png : could not open file "C:\Users\DELL LATITUDE 5420\OneDrive\Images\Pictures\Screenshots\0_création des tables.png"
2026-08-07 19:26:30 [WARNING] MENACE : None → 0_création des tables.png
2026-08-07 19:26:30 [ERROR]  Erreur scan YARA sur C:\Users\DELL LATITUDE 5420\OneDrive\Images\Pictures\Screenshots\1_création de la fonction réduction.png : could not open file "C:\Users\DELL LATITUDE 5420\OneDrive\Images\Pictures\Screenshots\1_création de la fonction réduction.png"
2026-08-07 19:26:30 [WARNING] MENACE : None → 1_création de la fonction réduction.png
2026-08-07 19:26:30 [ERROR]  Erreur scan YARA sur C:\Users\DELL LATITUDE 5420\OneDrive\Images\Pictures\Screenshots\2_création de la procedure payement billet.png : could not open file "C:\Users\DELL LATITUDE 5420\OneDrive\Images\Pictures\Screenshots\2_création de la procedure payement billet.png"
2026-08-07 19:26:30 [WARNING] MENACE : None → 2_création de la procedure payement billet.png
2026-08-07 19:26:30 [ERROR]  Erreur scan YARA sur C:\Users\DELL LATITUDE 5420\OneDrive\Images\Pictures\Screenshots\3_création du package billeterie.png : could not open file "C:\Users\DELL LATITUDE 5420\OneDrive\Images\Pictures\Screenshots\3_création du package billeterie.png"
2026-08-07 19:26:30 [WARNING] MENACE : None → 3_création du package billeterie.png
2026-08-07 19:26:30 [ERROR]  Erreur scan YARA sur C:\Users\DELL LATITUDE 5420\OneDrive\Images\Pictures\Screenshots\4_création de trigger before insert.png : could not open file "C:\Users\DELL LATITUDE 5420\OneDrive\Images\Pictures\Screenshots\4_création de trigger before insert.png"
2026-08-07 19:26:30 [WARNING] MENACE : None → 4_création de trigger before insert.png
2026-08-07 19:26:30 [ERROR]  Erreur scan YARA sur C:\Users\DELL LATITUDE 5420\OneDrive\Images\Pictures\Screenshots\5_création de trigger before update.png : could not open file "C:\Users\DELL LATITUDE 5420\OneDrive\Images\Pictures\Screenshots\5_création de trigger before update.png"
2026-08-07 19:26:30 [WARNING] MENACE : None → 5_création de trigger before update.png
2026-08-07 19:26:30 [ERROR]  Erreur scan YARA sur C:\Users\DELL LATITUDE 5420\OneDrive\Images\Pictures\Screenshots\6_création de trigger after update.png : could not open file "C:\Users\DELL LATITUDE 5420\OneDrive\Images\Pictures\Screenshots\6_création de trigger after update.png"
2026-08-07 19:26:30 [WARNING] MENACE : None → 6_création de trigger after update.png
2026-08-07 19:26:30 [ERROR]  Erreur scan YARA sur C:\Users\DELL LATITUDE 5420\OneDrive\Images\Pictures\Screenshots\7_création de table billets supprimés.png : could not open file "C:\Users\DELL LATITUDE 5420\OneDrive\Images\Pictures\Screenshots\7_création de table billets supprimés.png"
2026-08-07 19:26:30 [WARNING] MENACE : None → 7_création de table billets supprimés.png
2026-08-07 19:26:30 [ERROR]  Erreur scan YARA sur C:\Users\DELL LATITUDE 5420\OneDrive\Images\Pictures\Screenshots\7_création de trigger after delete.png : could not open file "C:\Users\DELL LATITUDE 5420\OneDrive\Images\Pictures\Screenshots\7_création de trigger after delete.png"
2026-08-07 19:26:30 [WARNING] MENACE : None → 7_création de trigger after delete.png
2026-08-07 19:26:30 [ERROR]  Erreur scan YARA sur C:\Users\DELL LATITUDE 5420\OneDrive\Images\Pictures\Screenshots\Capture d'écran 2024-05-02 214047.png : could not open file "C:\Users\DELL LATITUDE 5420\OneDrive\Images\Pictures\Screenshots\Capture d'écran 2024-05-02 214047.png"
2026-08-07 19:26:30 [WARNING] MENACE : None → Capture d'écran 2024-05-02 214047.png
2026-08-07 19:26:30 [ERROR]  Erreur scan YARA sur C:\Users\DELL LATITUDE 5420\OneDrive\Images\Pictures\Screenshots\Capture d'écran 2024-05-18 023126.png : could not open file "C:\Users\DELL LATITUDE 5420\OneDrive\Images\Pictures\Screenshots\Capture d'écran 2024-05-18 023126.png"
2026-08-07 19:26:30 [WARNING] MENACE : None → Capture d'écran 2024-05-18 023126.png
2026-08-07 19:26:30 [ERROR]  Erreur scan YARA sur C:\Users\DELL LATITUDE 5420\OneDrive\Images\Pictures\Screenshots\Capture d'écran 2024-05-31 022803.png : could not open file "C:\Users\DELL LATITUDE 5420\OneDrive\Images\Pictures\Screenshots\Capture d'écran 2024-05-31 022803.png"
2026-08-07 19:26:30 [WARNING] MENACE : None → Capture d'écran 2024-05-31 022803.png
2026-08-07 19:26:30 [ERROR]  Erreur scan YARA sur C:\Users\DELL LATITUDE 5420\OneDrive\Images\Pictures\Screenshots\Capture d'écran 2024-06-10 150020.png : could not open file "C:\Users\DELL LATITUDE 5420\OneDrive\Images\Pictures\Screenshots\Capture d'écran 2024-06-10 150020.png"
2026-08-07 19:26:30 [WARNING] MENACE : None → Capture d'écran 2024-06-10 150020.png
2026-08-07 19:26:30 [ERROR]  Erreur scan YARA sur C:\Users\DELL LATITUDE 5420\OneDrive\Images\Pictures\Screenshots\Capture d'écran 2024-06-10 151107.png : could not open file "C:\Users\DELL LATITUDE 5420\OneDrive\Images\Pictures\Screenshots\Capture d'écran 2024-06-10 151107.png"
2026-08-07 19:26:30 [WARNING] MENACE : None → Capture d'écran 2024-06-10 151107.png
2026-08-07 19:26:30 [ERROR]  Erreur scan YARA sur C:\Users\DELL LATITUDE 5420\OneDrive\Images\Pictures\Screenshots\Capture d'écran 2024-06-10 151541.png : could not open file "C:\Users\DELL LATITUDE 5420\OneDrive\Images\Pictures\Screenshots\Capture d'écran 2024-06-10 151541.png"
2026-08-07 19:26:30 [WARNING] MENACE : None → Capture d'écran 2024-06-10 151541.png
2026-08-07 19:26:30 [ERROR]  Erreur scan YARA sur C:\Users\DELL LATITUDE 5420\OneDrive\Images\Pictures\Screenshots\Capture d'écran 2024-06-15 162430.png : could not open file "C:\Users\DELL LATITUDE 5420\OneDrive\Images\Pictures\Screenshots\Capture d'écran 2024-06-15 162430.png"
2026-08-07 19:26:30 [WARNING] MENACE : None → Capture d'écran 2024-06-15 162430.png
2026-08-07 19:26:30 [ERROR]  Erreur scan YARA sur C:\Users\DELL LATITUDE 5420\OneDrive\Images\Pictures\Screenshots\Capture d'écran 2024-06-20 014834.png : could not open file "C:\Users\DELL LATITUDE 5420\OneDrive\Images\Pictures\Screenshots\Capture d'écran 2024-06-20 014834.png"
2026-08-07 19:26:30 [WARNING] MENACE : None → Capture d'écran 2024-06-20 014834.png
2026-08-07 19:26:31 [ERROR]  Erreur scan YARA sur C:\Users\DELL LATITUDE 5420\OneDrive\Images\Pictures\Screenshots\Capture d'écran 2024-06-29 190437.png : could not open file "C:\Users\DELL LATITUDE 5420\OneDrive\Images\Pictures\Screenshots\Capture d'écran 2024-06-29 190437.png"
2026-08-07 19:26:31 [WARNING] MENACE : None → Capture d'écran 2024-06-29 190437.png
2026-08-07 19:26:31 [ERROR]  Erreur scan YARA sur C:\Users\DELL LATITUDE 5420\OneDrive\Images\Pictures\Screenshots\Capture d'écran 2024-07-13 145440.png : could not open file "C:\Users\DELL LATITUDE 5420\OneDrive\Images\Pictures\Screenshots\Capture d'écran 2024-07-13 145440.png"
2026-08-07 19:26:31 [WARNING] MENACE : None → Capture d'écran 2024-07-13 145440.png
2026-08-07 19:26:31 [ERROR]  Erreur scan YARA sur C:\Users\DELL LATITUDE 5420\OneDrive\Images\Pictures\Screenshots\Capture d'écran 2024-07-14 041221.png : could not open file "C:\Users\DELL LATITUDE 5420\OneDrive\Images\Pictures\Screenshots\Capture d'écran 2024-07-14 041221.png"
2026-08-07 19:26:31 [WARNING] MENACE : None → Capture d'écran 2024-07-14 041221.png
2026-08-07 19:26:31 [ERROR]  Erreur scan YARA sur C:\Users\DELL LATITUDE 5420\OneDrive\Images\Pictures\Screenshots\Capture d'écran 2024-07-14 225018.png : could not open file "C:\Users\DELL LATITUDE 5420\OneDrive\Images\Pictures\Screenshots\Capture d'écran 2024-07-14 225018.png"
2026-08-07 19:26:31 [WARNING] MENACE : None → Capture d'écran 2024-07-14 225018.png
2026-08-07 19:26:31 [ERROR]  Erreur scan YARA sur C:\Users\DELL LATITUDE 5420\OneDrive\Images\Pictures\Screenshots\Capture d'écran 2024-07-15 030802.png : could not open file "C:\Users\DELL LATITUDE 5420\OneDrive\Images\Pictures\Screenshots\Capture d'écran 2024-07-15 030802.png"
2026-08-07 19:26:31 [WARNING] MENACE : None → Capture d'écran 2024-07-15 030802.png
2026-08-07 19:26:31 [ERROR]  Erreur scan YARA sur C:\Users\DELL LATITUDE 5420\OneDrive\Images\Pictures\Screenshots\Capture d'écran 2024-07-16 094551.png : could not open file "C:\Users\DELL LATITUDE 5420\OneDrive\Images\Pictures\Screenshots\Capture d'écran 2024-07-16 094551.png"
2026-08-07 19:26:31 [WARNING] MENACE : None → Capture d'écran 2024-07-16 094551.png
2026-08-07 19:26:31 [ERROR]  Erreur scan YARA sur C:\Users\DELL LATITUDE 5420\OneDrive\Images\Pictures\Screenshots\Capture d'écran 2024-07-16 190300.png : could not open file "C:\Users\DELL LATITUDE 5420\OneDrive\Images\Pictures\Screenshots\Capture d'écran 2024-07-16 190300.png"
2026-08-07 19:26:31 [WARNING] MENACE : None → Capture d'écran 2024-07-16 190300.png
2026-08-07 19:26:31 [ERROR]  Erreur scan YARA sur C:\Users\DELL LATITUDE 5420\OneDrive\Images\Pictures\Screenshots\Capture d'écran 2024-07-23 181237.png : could not open file "C:\Users\DELL LATITUDE 5420\OneDrive\Images\Pictures\Screenshots\Capture d'écran 2024-07-23 181237.png"
2026-08-07 19:26:31 [WARNING] MENACE : None → Capture d'écran 2024-07-23 181237.png
2026-08-07 19:26:31 [ERROR]  Erreur scan YARA sur C:\Users\DELL LATITUDE 5420\OneDrive\Images\Pictures\Screenshots\Capture d'écran 2024-07-23 181310.png : could not open file "C:\Users\DELL LATITUDE 5420\OneDrive\Images\Pictures\Screenshots\Capture d'écran 2024-07-23 181310.png"
2026-08-07 19:26:31 [WARNING] MENACE : None → Capture d'écran 2024-07-23 181310.png
2026-08-07 19:26:31 [ERROR]  Erreur scan YARA sur C:\Users\DELL LATITUDE 5420\OneDrive\Images\Pictures\Screenshots\Capture d'écran 2024-07-28 145008.png : could not open file "C:\Users\DELL LATITUDE 5420\OneDrive\Images\Pictures\Screenshots\Capture d'écran 2024-07-28 145008.png"
2026-08-07 19:26:31 [WARNING] MENACE : None → Capture d'écran 2024-07-28 145008.png
2026-08-07 19:26:32 [ERROR]  Erreur scan YARA sur C:\Users\DELL LATITUDE 5420\OneDrive\Images\Pictures\Screenshots\Capture d'écran 2024-08-01 193810.png : could not open file "C:\Users\DELL LATITUDE 5420\OneDrive\Images\Pictures\Screenshots\Capture d'écran 2024-08-01 193810.png"
2026-08-07 19:26:32 [WARNING] MENACE : None → Capture d'écran 2024-08-01 193810.png
2026-08-07 19:26:32 [ERROR]  Erreur scan YARA sur C:\Users\DELL LATITUDE 5420\OneDrive\Images\Pictures\Screenshots\Capture d'écran 2024-08-01 211253.png : could not open file "C:\Users\DELL LATITUDE 5420\OneDrive\Images\Pictures\Screenshots\Capture d'écran 2024-08-01 211253.png"
2026-08-07 19:26:32 [WARNING] MENACE : None → Capture d'écran 2024-08-01 211253.png
2026-08-07 19:26:32 [ERROR]  Erreur scan YARA sur C:\Users\DELL LATITUDE 5420\OneDrive\Images\Pictures\Screenshots\Capture d'écran 2024-08-01 211309.png : could not open file "C:\Users\DELL LATITUDE 5420\OneDrive\Images\Pictures\Screenshots\Capture d'écran 2024-08-01 211309.png"
2026-08-07 19:26:32 [WARNING] MENACE : None → Capture d'écran 2024-08-01 211309.png
2026-08-07 19:26:32 [ERROR]  Erreur scan YARA sur C:\Users\DELL LATITUDE 5420\OneDrive\Images\Pictures\Screenshots\Capture d'écran 2024-08-01 214149.png : could not open file "C:\Users\DELL LATITUDE 5420\OneDrive\Images\Pictures\Screenshots\Capture d'écran 2024-08-01 214149.png"
2026-08-07 19:26:32 [WARNING] MENACE : None → Capture d'écran 2024-08-01 214149.png
2026-08-07 19:26:32 [ERROR]  Erreur scan YARA sur C:\Users\DELL LATITUDE 5420\OneDrive\Images\Pictures\Screenshots\Capture d'écran 2024-08-03 160612.png : could not open file "C:\Users\DELL LATITUDE 5420\OneDrive\Images\Pictures\Screenshots\Capture d'écran 2024-08-03 160612.png"
2026-08-07 19:26:32 [WARNING] MENACE : None → Capture d'écran 2024-08-03 160612.png
2026-08-07 19:26:32 [ERROR]  Erreur scan YARA sur C:\Users\DELL LATITUDE 5420\OneDrive\Images\Pictures\Screenshots\Capture d'écran 2024-08-03 160720.png : could not open file "C:\Users\DELL LATITUDE 5420\OneDrive\Images\Pictures\Screenshots\Capture d'écran 2024-08-03 160720.png"
2026-08-07 19:26:32 [WARNING] MENACE : None → Capture d'écran 2024-08-03 160720.png
2026-08-07 19:26:32 [ERROR]  Erreur scan YARA sur C:\Users\DELL LATITUDE 5420\OneDrive\Images\Pictures\Screenshots\Capture d'écran 2024-08-03 160733.png : could not open file "C:\Users\DELL LATITUDE 5420\OneDrive\Images\Pictures\Screenshots\Capture d'écran 2024-08-03 160733.png"
2026-08-07 19:26:32 [WARNING] MENACE : None → Capture d'écran 2024-08-03 160733.png
2026-08-07 19:26:32 [ERROR]  Erreur scan YARA sur C:\Users\DELL LATITUDE 5420\OneDrive\Images\Pictures\Screenshots\Capture d'écran 2024-08-04 064957.png : could not open file "C:\Users\DELL LATITUDE 5420\OneDrive\Images\Pictures\Screenshots\Capture d'écran 2024-08-04 064957.png"
2026-08-07 19:26:32 [WARNING] MENACE : None → Capture d'écran 2024-08-04 064957.png
2026-08-07 19:26:32 [ERROR]  Erreur scan YARA sur C:\Users\DELL LATITUDE 5420\OneDrive\Images\Pictures\Screenshots\Capture d'écran 2024-08-04 070903.png : could not open file "C:\Users\DELL LATITUDE 5420\OneDrive\Images\Pictures\Screenshots\Capture d'écran 2024-08-04 070903.png"
2026-08-07 19:26:32 [WARNING] MENACE : None → Capture d'écran 2024-08-04 070903.png
2026-08-07 19:26:32 [ERROR]  Erreur scan YARA sur C:\Users\DELL LATITUDE 5420\OneDrive\Images\Pictures\Screenshots\Capture d'écran 2024-08-07 021430.png : could not open file "C:\Users\DELL LATITUDE 5420\OneDrive\Images\Pictures\Screenshots\Capture d'écran 2024-08-07 021430.png"
2026-08-07 19:26:32 [WARNING] MENACE : None → Capture d'écran 2024-08-07 021430.png
2026-08-07 19:26:32 [ERROR]  Erreur scan YARA sur C:\Users\DELL LATITUDE 5420\OneDrive\Images\Pictures\Screenshots\Capture d'écran 2024-08-09 130500.png : could not open file "C:\Users\DELL LATITUDE 5420\OneDrive\Images\Pictures\Screenshots\Capture d'écran 2024-08-09 130500.png"
2026-08-07 19:26:32 [WARNING] MENACE : None → Capture d'écran 2024-08-09 130500.png
2026-08-07 19:26:32 [ERROR]  Erreur scan YARA sur C:\Users\DELL LATITUDE 5420\OneDrive\Images\Pictures\Screenshots\Capture d'écran 2024-08-15 002032.png : could not open file "C:\Users\DELL LATITUDE 5420\OneDrive\Images\Pictures\Screenshots\Capture d'écran 2024-08-15 002032.png"
2026-08-07 19:26:32 [WARNING] MENACE : None → Capture d'écran 2024-08-15 002032.png
2026-08-07 19:26:32 [ERROR]  Erreur scan YARA sur C:\Users\DELL LATITUDE 5420\OneDrive\Images\Pictures\Screenshots\Capture d'écran 2024-08-15 030108.png : could not open file "C:\Users\DELL LATITUDE 5420\OneDrive\Images\Pictures\Screenshots\Capture d'écran 2024-08-15 030108.png"
2026-08-07 19:26:32 [WARNING] MENACE : None → Capture d'écran 2024-08-15 030108.png
2026-08-07 19:26:32 [ERROR]  Erreur scan YARA sur C:\Users\DELL LATITUDE 5420\OneDrive\Images\Pictures\Screenshots\Capture d'écran 2024-08-15 034608.png : could not open file "C:\Users\DELL LATITUDE 5420\OneDrive\Images\Pictures\Screenshots\Capture d'écran 2024-08-15 034608.png"
2026-08-07 19:26:32 [WARNING] MENACE : None → Capture d'écran 2024-08-15 034608.png
2026-08-07 19:26:32 [ERROR]  Erreur scan YARA sur C:\Users\DELL LATITUDE 5420\OneDrive\Images\Pictures\Screenshots\Capture d'écran 2024-08-15 034654.png : could not open file "C:\Users\DELL LATITUDE 5420\OneDrive\Images\Pictures\Screenshots\Capture d'écran 2024-08-15 034654.png"
2026-08-07 19:26:32 [WARNING] MENACE : None → Capture d'écran 2024-08-15 034654.png
2026-08-07 19:26:32 [ERROR]  Erreur scan YARA sur C:\Users\DELL LATITUDE 5420\OneDrive\Images\Pictures\Screenshots\Capture d'écran 2024-08-15 034726.png : could not open file "C:\Users\DELL LATITUDE 5420\OneDrive\Images\Pictures\Screenshots\Capture d'écran 2024-08-15 034726.png"
2026-08-07 19:26:32 [WARNING] MENACE : None → Capture d'écran 2024-08-15 034726.png
2026-08-07 19:26:33 [ERROR]  Erreur scan YARA sur C:\Users\DELL LATITUDE 5420\OneDrive\Images\Pictures\Screenshots\Capture d'écran 2024-08-21 210221.png : could not open file "C:\Users\DELL LATITUDE 5420\OneDrive\Images\Pictures\Screenshots\Capture d'écran 2024-08-21 210221.png"
2026-08-07 19:26:33 [WARNING] MENACE : None → Capture d'écran 2024-08-21 210221.png
2026-08-07 19:26:33 [ERROR]  Erreur scan YARA sur C:\Users\DELL LATITUDE 5420\OneDrive\Images\Pictures\Screenshots\Capture d'écran 2024-08-24 002015.png : could not open file "C:\Users\DELL LATITUDE 5420\OneDrive\Images\Pictures\Screenshots\Capture d'écran 2024-08-24 002015.png"
2026-08-07 19:26:33 [WARNING] MENACE : None → Capture d'écran 2024-08-24 002015.png
2026-08-07 19:26:33 [ERROR]  Erreur scan YARA sur C:\Users\DELL LATITUDE 5420\OneDrive\Images\Pictures\Screenshots\Capture d'écran 2024-08-27 133301.png : could not open file "C:\Users\DELL LATITUDE 5420\OneDrive\Images\Pictures\Screenshots\Capture d'écran 2024-08-27 133301.png"
2026-08-07 19:26:33 [WARNING] MENACE : None → Capture d'écran 2024-08-27 133301.png
2026-08-07 19:26:33 [ERROR]  Erreur scan YARA sur C:\Users\DELL LATITUDE 5420\OneDrive\Images\Pictures\Screenshots\Capture d'écran 2024-08-28 235527.png : could not open file "C:\Users\DELL LATITUDE 5420\OneDrive\Images\Pictures\Screenshots\Capture d'écran 2024-08-28 235527.png"
2026-08-07 19:26:33 [WARNING] MENACE : None → Capture d'écran 2024-08-28 235527.png
2026-08-07 19:26:33 [ERROR]  Erreur scan YARA sur C:\Users\DELL LATITUDE 5420\OneDrive\Images\Pictures\Screenshots\Capture d'écran 2024-08-30 233737.png : could not open file "C:\Users\DELL LATITUDE 5420\OneDrive\Images\Pictures\Screenshots\Capture d'écran 2024-08-30 233737.png"
2026-08-07 19:26:33 [WARNING] MENACE : None → Capture d'écran 2024-08-30 233737.png
2026-08-07 19:26:33 [ERROR]  Erreur scan YARA sur C:\Users\DELL LATITUDE 5420\OneDrive\Images\Pictures\Screenshots\Capture d'écran 2024-09-06 112037.png : could not open file "C:\Users\DELL LATITUDE 5420\OneDrive\Images\Pictures\Screenshots\Capture d'écran 2024-09-06 112037.png"
2026-08-07 19:26:33 [WARNING] MENACE : None → Capture d'écran 2024-09-06 112037.png
2026-08-07 19:26:33 [ERROR]  Erreur scan YARA sur C:\Users\DELL LATITUDE 5420\OneDrive\Images\Pictures\Screenshots\Capture d'écran 2024-09-06 212601.png : could not open file "C:\Users\DELL LATITUDE 5420\OneDrive\Images\Pictures\Screenshots\Capture d'écran 2024-09-06 212601.png"
2026-08-07 19:26:33 [WARNING] MENACE : None → Capture d'écran 2024-09-06 212601.png
2026-08-07 19:26:33 [ERROR]  Erreur scan YARA sur C:\Users\DELL LATITUDE 5420\OneDrive\Images\Pictures\Screenshots\Capture d'écran 2024-09-09 135253.png : could not open file "C:\Users\DELL LATITUDE 5420\OneDrive\Images\Pictures\Screenshots\Capture d'écran 2024-09-09 135253.png"
2026-08-07 19:26:33 [WARNING] MENACE : None → Capture d'écran 2024-09-09 135253.png
2026-08-07 19:26:33 [ERROR]  Erreur scan YARA sur C:\Users\DELL LATITUDE 5420\OneDrive\Images\Pictures\Screenshots\Capture d'écran 2024-09-09 232350.png : could not open file "C:\Users\DELL LATITUDE 5420\OneDrive\Images\Pictures\Screenshots\Capture d'écran 2024-09-09 232350.png"
2026-08-07 19:26:33 [WARNING] MENACE : None → Capture d'écran 2024-09-09 232350.png
2026-08-07 19:26:33 [ERROR]  Erreur scan YARA sur C:\Users\DELL LATITUDE 5420\OneDrive\Images\Pictures\Screenshots\Capture d'écran 2024-09-10 234422.png : could not open file "C:\Users\DELL LATITUDE 5420\OneDrive\Images\Pictures\Screenshots\Capture d'écran 2024-09-10 234422.png"
2026-08-07 19:26:33 [WARNING] MENACE : None → Capture d'écran 2024-09-10 234422.png
2026-08-07 19:26:33 [ERROR]  Erreur scan YARA sur C:\Users\DELL LATITUDE 5420\OneDrive\Images\Pictures\Screenshots\Capture d'écran 2024-09-10 234431.png : could not open file "C:\Users\DELL LATITUDE 5420\OneDrive\Images\Pictures\Screenshots\Capture d'écran 2024-09-10 234431.png"
2026-08-07 19:26:33 [WARNING] MENACE : None → Capture d'écran 2024-09-10 234431.png
2026-08-07 19:26:33 [ERROR]  Erreur scan YARA sur C:\Users\DELL LATITUDE 5420\OneDrive\Images\Pictures\Screenshots\Capture d'écran 2024-09-17 131516.png : could not open file "C:\Users\DELL LATITUDE 5420\OneDrive\Images\Pictures\Screenshots\Capture d'écran 2024-09-17 131516.png"
2026-08-07 19:26:33 [WARNING] MENACE : None → Capture d'écran 2024-09-17 131516.png
2026-08-07 19:26:33 [ERROR]  Erreur scan YARA sur C:\Users\DELL LATITUDE 5420\OneDrive\Images\Pictures\Screenshots\Capture d'écran 2024-09-17 134922.png : could not open file "C:\Users\DELL LATITUDE 5420\OneDrive\Images\Pictures\Screenshots\Capture d'écran 2024-09-17 134922.png"
2026-08-07 19:26:33 [WARNING] MENACE : None → Capture d'écran 2024-09-17 134922.png
2026-08-07 19:26:34 [ERROR]  Erreur scan YARA sur C:\Users\DELL LATITUDE 5420\OneDrive\Images\Pictures\Screenshots\Capture d'écran 2024-09-18 031451.png : could not open file "C:\Users\DELL LATITUDE 5420\OneDrive\Images\Pictures\Screenshots\Capture d'écran 2024-09-18 031451.png"
2026-08-07 19:26:34 [WARNING] MENACE : None → Capture d'écran 2024-09-18 031451.png
2026-08-07 19:26:34 [ERROR]  Erreur scan YARA sur C:\Users\DELL LATITUDE 5420\OneDrive\Images\Pictures\Screenshots\Capture d'écran 2024-09-19 160210.png : could not open file "C:\Users\DELL LATITUDE 5420\OneDrive\Images\Pictures\Screenshots\Capture d'écran 2024-09-19 160210.png"
2026-08-07 19:26:34 [WARNING] MENACE : None → Capture d'écran 2024-09-19 160210.png
2026-08-07 19:26:34 [ERROR]  Erreur scan YARA sur C:\Users\DELL LATITUDE 5420\OneDrive\Images\Pictures\Screenshots\Capture d'écran 2024-09-19 162826.png : could not open file "C:\Users\DELL LATITUDE 5420\OneDrive\Images\Pictures\Screenshots\Capture d'écran 2024-09-19 162826.png"
2026-08-07 19:26:34 [WARNING] MENACE : None → Capture d'écran 2024-09-19 162826.png
2026-08-07 19:26:34 [ERROR]  Erreur scan YARA sur C:\Users\DELL LATITUDE 5420\OneDrive\Images\Pictures\Screenshots\Capture d'écran 2024-09-19 172451.png : could not open file "C:\Users\DELL LATITUDE 5420\OneDrive\Images\Pictures\Screenshots\Capture d'écran 2024-09-19 172451.png"
2026-08-07 19:26:34 [WARNING] MENACE : None → Capture d'écran 2024-09-19 172451.png
2026-08-07 19:26:34 [ERROR]  Erreur scan YARA sur C:\Users\DELL LATITUDE 5420\OneDrive\Images\Pictures\Screenshots\Capture d'écran 2024-09-19 172531.png : could not open file "C:\Users\DELL LATITUDE 5420\OneDrive\Images\Pictures\Screenshots\Capture d'écran 2024-09-19 172531.png"
2026-08-07 19:26:34 [WARNING] MENACE : None → Capture d'écran 2024-09-19 172531.png
2026-08-07 19:26:34 [ERROR]  Erreur scan YARA sur C:\Users\DELL LATITUDE 5420\OneDrive\Images\Pictures\Screenshots\Capture d'écran 2024-09-23 183530.png : could not open file "C:\Users\DELL LATITUDE 5420\OneDrive\Images\Pictures\Screenshots\Capture d'écran 2024-09-23 183530.png"
2026-08-07 19:26:34 [WARNING] MENACE : None → Capture d'écran 2024-09-23 183530.png
2026-08-07 19:26:34 [ERROR]  Erreur scan YARA sur C:\Users\DELL LATITUDE 5420\OneDrive\Images\Pictures\Screenshots\Capture d'écran 2024-09-23 183540.png : could not open file "C:\Users\DELL LATITUDE 5420\OneDrive\Images\Pictures\Screenshots\Capture d'écran 2024-09-23 183540.png"
2026-08-07 19:26:34 [WARNING] MENACE : None → Capture d'écran 2024-09-23 183540.png
2026-08-07 19:26:34 [ERROR]  Erreur scan YARA sur C:\Users\DELL LATITUDE 5420\OneDrive\Images\Pictures\Screenshots\Capture d'écran 2024-09-27 035749.png : could not open file "C:\Users\DELL LATITUDE 5420\OneDrive\Images\Pictures\Screenshots\Capture d'écran 2024-09-27 035749.png"
2026-08-07 19:26:34 [WARNING] MENACE : None → Capture d'écran 2024-09-27 035749.png
2026-08-07 19:26:34 [ERROR]  Erreur scan YARA sur C:\Users\DELL LATITUDE 5420\OneDrive\Images\Pictures\Screenshots\Capture d'écran 2024-09-27 040418.png : could not open file "C:\Users\DELL LATITUDE 5420\OneDrive\Images\Pictures\Screenshots\Capture d'écran 2024-09-27 040418.png"
2026-08-07 19:26:34 [WARNING] MENACE : None → Capture d'écran 2024-09-27 040418.png
2026-08-07 19:26:34 [ERROR]  Erreur scan YARA sur C:\Users\DELL LATITUDE 5420\OneDrive\Images\Pictures\Screenshots\Capture d'écran 2024-09-28 174139.png : could not open file "C:\Users\DELL LATITUDE 5420\OneDrive\Images\Pictures\Screenshots\Capture d'écran 2024-09-28 174139.png"
2026-08-07 19:26:34 [WARNING] MENACE : None → Capture d'écran 2024-09-28 174139.png
2026-08-07 19:26:34 [ERROR]  Erreur scan YARA sur C:\Users\DELL LATITUDE 5420\OneDrive\Images\Pictures\Screenshots\Capture d'écran 2024-09-28 180723.png : could not open file "C:\Users\DELL LATITUDE 5420\OneDrive\Images\Pictures\Screenshots\Capture d'écran 2024-09-28 180723.png"
2026-08-07 19:26:34 [WARNING] MENACE : None → Capture d'écran 2024-09-28 180723.png
2026-08-07 19:26:34 [ERROR]  Erreur scan YARA sur C:\Users\DELL LATITUDE 5420\OneDrive\Images\Pictures\Screenshots\Capture d'écran 2024-09-28 180733.png : could not open file "C:\Users\DELL LATITUDE 5420\OneDrive\Images\Pictures\Screenshots\Capture d'écran 2024-09-28 180733.png"
2026-08-07 19:26:34 [WARNING] MENACE : None → Capture d'écran 2024-09-28 180733.png
2026-08-07 19:26:34 [ERROR]  Erreur scan YARA sur C:\Users\DELL LATITUDE 5420\OneDrive\Images\Pictures\Screenshots\Capture d'écran 2024-09-28 180739.png : could not open file "C:\Users\DELL LATITUDE 5420\OneDrive\Images\Pictures\Screenshots\Capture d'écran 2024-09-28 180739.png"
2026-08-07 19:26:34 [WARNING] MENACE : None → Capture d'écran 2024-09-28 180739.png
2026-08-07 19:26:34 [ERROR]  Erreur scan YARA sur C:\Users\DELL LATITUDE 5420\OneDrive\Images\Pictures\Screenshots\Capture d'écran 2024-09-28 181541.png : could not open file "C:\Users\DELL LATITUDE 5420\OneDrive\Images\Pictures\Screenshots\Capture d'écran 2024-09-28 181541.png"
2026-08-07 19:26:34 [WARNING] MENACE : None → Capture d'écran 2024-09-28 181541.png
2026-08-07 19:26:34 [ERROR]  Erreur scan YARA sur C:\Users\DELL LATITUDE 5420\OneDrive\Images\Pictures\Screenshots\Capture d'écran 2024-09-28 181601.png : could not open file "C:\Users\DELL LATITUDE 5420\OneDrive\Images\Pictures\Screenshots\Capture d'écran 2024-09-28 181601.png"
2026-08-07 19:26:34 [WARNING] MENACE : None → Capture d'écran 2024-09-28 181601.png
2026-08-07 19:26:34 [ERROR]  Erreur scan YARA sur C:\Users\DELL LATITUDE 5420\OneDrive\Images\Pictures\Screenshots\Capture d'écran 2024-09-28 181609.png : could not open file "C:\Users\DELL LATITUDE 5420\OneDrive\Images\Pictures\Screenshots\Capture d'écran 2024-09-28 181609.png"
2026-08-07 19:26:34 [WARNING] MENACE : None → Capture d'écran 2024-09-28 181609.png
2026-08-07 19:26:35 [ERROR]  Erreur scan YARA sur C:\Users\DELL LATITUDE 5420\OneDrive\Images\Pictures\Screenshots\Capture d'écran 2024-09-28 181618.png : could not open file "C:\Users\DELL LATITUDE 5420\OneDrive\Images\Pictures\Screenshots\Capture d'écran 2024-09-28 181618.png"
2026-08-07 19:26:35 [WARNING] MENACE : None → Capture d'écran 2024-09-28 181618.png
2026-08-07 19:26:35 [ERROR]  Erreur scan YARA sur C:\Users\DELL LATITUDE 5420\OneDrive\Images\Pictures\Screenshots\Capture d'écran 2024-09-28 181629.png : could not open file "C:\Users\DELL LATITUDE 5420\OneDrive\Images\Pictures\Screenshots\Capture d'écran 2024-09-28 181629.png"
2026-08-07 19:26:35 [WARNING] MENACE : None → Capture d'écran 2024-09-28 181629.png
2026-08-07 19:26:35 [ERROR]  Erreur scan YARA sur C:\Users\DELL LATITUDE 5420\OneDrive\Images\Pictures\Screenshots\Capture d'écran 2024-09-28 181637.png : could not open file "C:\Users\DELL LATITUDE 5420\OneDrive\Images\Pictures\Screenshots\Capture d'écran 2024-09-28 181637.png"
2026-08-07 19:26:35 [WARNING] MENACE : None → Capture d'écran 2024-09-28 181637.png
2026-08-07 19:26:35 [ERROR]  Erreur scan YARA sur C:\Users\DELL LATITUDE 5420\OneDrive\Images\Pictures\Screenshots\Capture d'écran 2024-10-01 173732.png : could not open file "C:\Users\DELL LATITUDE 5420\OneDrive\Images\Pictures\Screenshots\Capture d'écran 2024-10-01 173732.png"
2026-08-07 19:26:35 [WARNING] MENACE : None → Capture d'écran 2024-10-01 173732.png
2026-08-07 19:26:35 [ERROR]  Erreur scan YARA sur C:\Users\DELL LATITUDE 5420\OneDrive\Images\Pictures\Screenshots\Capture d'écran 2024-10-01 174106.png : could not open file "C:\Users\DELL LATITUDE 5420\OneDrive\Images\Pictures\Screenshots\Capture d'écran 2024-10-01 174106.png"
2026-08-07 19:26:35 [WARNING] MENACE : None → Capture d'écran 2024-10-01 174106.png
2026-08-07 19:26:35 [ERROR]  Erreur scan YARA sur C:\Users\DELL LATITUDE 5420\OneDrive\Images\Pictures\Screenshots\Capture d'écran 2024-10-02 011251.png : could not open file "C:\Users\DELL LATITUDE 5420\OneDrive\Images\Pictures\Screenshots\Capture d'écran 2024-10-02 011251.png"
2026-08-07 19:26:35 [WARNING] MENACE : None → Capture d'écran 2024-10-02 011251.png
2026-08-07 19:26:35 [ERROR]  Erreur scan YARA sur C:\Users\DELL LATITUDE 5420\OneDrive\Images\Pictures\Screenshots\Capture d'écran 2024-10-02 120552.png : could not open file "C:\Users\DELL LATITUDE 5420\OneDrive\Images\Pictures\Screenshots\Capture d'écran 2024-10-02 120552.png"
2026-08-07 19:26:35 [WARNING] MENACE : None → Capture d'écran 2024-10-02 120552.png
2026-08-07 19:26:35 [ERROR]  Erreur scan YARA sur C:\Users\DELL LATITUDE 5420\OneDrive\Images\Pictures\Screenshots\Capture d'écran 2024-10-06 105913.png : could not open file "C:\Users\DELL LATITUDE 5420\OneDrive\Images\Pictures\Screenshots\Capture d'écran 2024-10-06 105913.png"
2026-08-07 19:26:35 [WARNING] MENACE : None → Capture d'écran 2024-10-06 105913.png
2026-08-07 19:26:35 [ERROR]  Erreur scan YARA sur C:\Users\DELL LATITUDE 5420\OneDrive\Images\Pictures\Screenshots\Capture d'écran 2024-10-06 112314.png : could not open file "C:\Users\DELL LATITUDE 5420\OneDrive\Images\Pictures\Screenshots\Capture d'écran 2024-10-06 112314.png"
2026-08-07 19:26:35 [WARNING] MENACE : None → Capture d'écran 2024-10-06 112314.png
2026-08-07 19:26:35 [ERROR]  Erreur scan YARA sur C:\Users\DELL LATITUDE 5420\OneDrive\Images\Pictures\Screenshots\Capture d'écran 2024-10-06 123647.png : could not open file "C:\Users\DELL LATITUDE 5420\OneDrive\Images\Pictures\Screenshots\Capture d'écran 2024-10-06 123647.png"
2026-08-07 19:26:35 [WARNING] MENACE : None → Capture d'écran 2024-10-06 123647.png
2026-08-07 19:26:35 [ERROR]  Erreur scan YARA sur C:\Users\DELL LATITUDE 5420\OneDrive\Images\Pictures\Screenshots\Capture d'écran 2024-10-06 133025.png : could not open file "C:\Users\DELL LATITUDE 5420\OneDrive\Images\Pictures\Screenshots\Capture d'écran 2024-10-06 133025.png"
2026-08-07 19:26:35 [WARNING] MENACE : None → Capture d'écran 2024-10-06 133025.png
2026-08-07 19:26:35 [ERROR]  Erreur scan YARA sur C:\Users\DELL LATITUDE 5420\OneDrive\Images\Pictures\Screenshots\Capture d'écran 2024-10-07 025556.png : could not open file "C:\Users\DELL LATITUDE 5420\OneDrive\Images\Pictures\Screenshots\Capture d'écran 2024-10-07 025556.png"
2026-08-07 19:26:35 [WARNING] MENACE : None → Capture d'écran 2024-10-07 025556.png
2026-08-07 19:26:35 [ERROR]  Erreur scan YARA sur C:\Users\DELL LATITUDE 5420\OneDrive\Images\Pictures\Screenshots\Capture d'écran 2024-10-07 025935.png : could not open file "C:\Users\DELL LATITUDE 5420\OneDrive\Images\Pictures\Screenshots\Capture d'écran 2024-10-07 025935.png"
2026-08-07 19:26:35 [WARNING] MENACE : None → Capture d'écran 2024-10-07 025935.png
2026-08-07 19:26:35 [ERROR]  Erreur scan YARA sur C:\Users\DELL LATITUDE 5420\OneDrive\Images\Pictures\Screenshots\Capture d'écran 2024-10-07 031338.png : could not open file "C:\Users\DELL LATITUDE 5420\OneDrive\Images\Pictures\Screenshots\Capture d'écran 2024-10-07 031338.png"
2026-08-07 19:26:35 [WARNING] MENACE : None → Capture d'écran 2024-10-07 031338.png
2026-08-07 19:26:35 [ERROR]  Erreur scan YARA sur C:\Users\DELL LATITUDE 5420\OneDrive\Images\Pictures\Screenshots\Capture d'écran 2024-10-07 031353.png : could not open file "C:\Users\DELL LATITUDE 5420\OneDrive\Images\Pictures\Screenshots\Capture d'écran 2024-10-07 031353.png"
2026-08-07 19:26:35 [WARNING] MENACE : None → Capture d'écran 2024-10-07 031353.png
2026-08-07 19:26:35 [ERROR]  Erreur scan YARA sur C:\Users\DELL LATITUDE 5420\OneDrive\Images\Pictures\Screenshots\Capture d'écran 2024-10-10 010331.png : could not open file "C:\Users\DELL LATITUDE 5420\OneDrive\Images\Pictures\Screenshots\Capture d'écran 2024-10-10 010331.png"
2026-08-07 19:26:35 [WARNING] MENACE : None → Capture d'écran 2024-10-10 010331.png
2026-08-07 19:26:35 [ERROR]  Erreur scan YARA sur C:\Users\DELL LATITUDE 5420\OneDrive\Images\Pictures\Screenshots\Capture d'écran 2024-10-10 024236.png : could not open file "C:\Users\DELL LATITUDE 5420\OneDrive\Images\Pictures\Screenshots\Capture d'écran 2024-10-10 024236.png"
2026-08-07 19:26:35 [WARNING] MENACE : None → Capture d'écran 2024-10-10 024236.png
2026-08-07 19:26:35 [ERROR]  Erreur scan YARA sur C:\Users\DELL LATITUDE 5420\OneDrive\Images\Pictures\Screenshots\Capture d'écran 2024-10-10 024355.png : could not open file "C:\Users\DELL LATITUDE 5420\OneDrive\Images\Pictures\Screenshots\Capture d'écran 2024-10-10 024355.png"
2026-08-07 19:26:35 [WARNING] MENACE : None → Capture d'écran 2024-10-10 024355.png
2026-08-07 19:26:35 [ERROR]  Erreur scan YARA sur C:\Users\DELL LATITUDE 5420\OneDrive\Images\Pictures\Screenshots\Capture d'écran 2024-10-10 193735.png : could not open file "C:\Users\DELL LATITUDE 5420\OneDrive\Images\Pictures\Screenshots\Capture d'écran 2024-10-10 193735.png"
2026-08-07 19:26:35 [WARNING] MENACE : None → Capture d'écran 2024-10-10 193735.png
2026-08-07 19:26:35 [ERROR]  Erreur scan YARA sur C:\Users\DELL LATITUDE 5420\OneDrive\Images\Pictures\Screenshots\Capture d'écran 2024-10-11 042558.png : could not open file "C:\Users\DELL LATITUDE 5420\OneDrive\Images\Pictures\Screenshots\Capture d'écran 2024-10-11 042558.png"
2026-08-07 19:26:35 [WARNING] MENACE : None → Capture d'écran 2024-10-11 042558.png
2026-08-07 19:26:35 [ERROR]  Erreur scan YARA sur C:\Users\DELL LATITUDE 5420\OneDrive\Images\Pictures\Screenshots\Capture d'écran 2024-10-12 000554.png : could not open file "C:\Users\DELL LATITUDE 5420\OneDrive\Images\Pictures\Screenshots\Capture d'écran 2024-10-12 000554.png"
2026-08-07 19:26:35 [WARNING] MENACE : None → Capture d'écran 2024-10-12 000554.png
2026-08-07 19:26:35 [ERROR]  Erreur scan YARA sur C:\Users\DELL LATITUDE 5420\OneDrive\Images\Pictures\Screenshots\Capture d'écran 2024-10-15 140909.png : could not open file "C:\Users\DELL LATITUDE 5420\OneDrive\Images\Pictures\Screenshots\Capture d'écran 2024-10-15 140909.png"
2026-08-07 19:26:35 [WARNING] MENACE : None → Capture d'écran 2024-10-15 140909.png
2026-08-07 19:26:35 [ERROR]  Erreur scan YARA sur C:\Users\DELL LATITUDE 5420\OneDrive\Images\Pictures\Screenshots\Capture d'écran 2024-10-17 015351.png : could not open file "C:\Users\DELL LATITUDE 5420\OneDrive\Images\Pictures\Screenshots\Capture d'écran 2024-10-17 015351.png"
2026-08-07 19:26:35 [WARNING] MENACE : None → Capture d'écran 2024-10-17 015351.png
2026-08-07 19:26:35 [ERROR]  Erreur scan YARA sur C:\Users\DELL LATITUDE 5420\OneDrive\Images\Pictures\Screenshots\Capture d'écran 2024-10-21 030610.png : could not open file "C:\Users\DELL LATITUDE 5420\OneDrive\Images\Pictures\Screenshots\Capture d'écran 2024-10-21 030610.png"
2026-08-07 19:26:35 [WARNING] MENACE : None → Capture d'écran 2024-10-21 030610.png
2026-08-07 19:26:35 [ERROR]  Erreur scan YARA sur C:\Users\DELL LATITUDE 5420\OneDrive\Images\Pictures\Screenshots\Capture d'écran 2024-10-21 030631.png : could not open file "C:\Users\DELL LATITUDE 5420\OneDrive\Images\Pictures\Screenshots\Capture d'écran 2024-10-21 030631.png"
2026-08-07 19:26:35 [WARNING] MENACE : None → Capture d'écran 2024-10-21 030631.png
2026-08-07 19:26:35 [ERROR]  Erreur scan YARA sur C:\Users\DELL LATITUDE 5420\OneDrive\Images\Pictures\Screenshots\Capture d'écran 2024-10-21 052528.png : could not open file "C:\Users\DELL LATITUDE 5420\OneDrive\Images\Pictures\Screenshots\Capture d'écran 2024-10-21 052528.png"
2026-08-07 19:26:35 [WARNING] MENACE : None → Capture d'écran 2024-10-21 052528.png
2026-08-07 19:26:35 [ERROR]  Erreur scan YARA sur C:\Users\DELL LATITUDE 5420\OneDrive\Images\Pictures\Screenshots\Capture d'écran 2024-10-25 042607.png : could not open file "C:\Users\DELL LATITUDE 5420\OneDrive\Images\Pictures\Screenshots\Capture d'écran 2024-10-25 042607.png"
2026-08-07 19:26:35 [WARNING] MENACE : None → Capture d'écran 2024-10-25 042607.png
2026-08-07 19:26:35 [ERROR]  Erreur scan YARA sur C:\Users\DELL LATITUDE 5420\OneDrive\Images\Pictures\Screenshots\Capture d'écran 2024-10-25 042618.png : could not open file "C:\Users\DELL LATITUDE 5420\OneDrive\Images\Pictures\Screenshots\Capture d'écran 2024-10-25 042618.png"
2026-08-07 19:26:35 [WARNING] MENACE : None → Capture d'écran 2024-10-25 042618.png
2026-08-07 19:26:35 [ERROR]  Erreur scan YARA sur C:\Users\DELL LATITUDE 5420\OneDrive\Images\Pictures\Screenshots\Capture d'écran 2024-10-25 042626.png : could not open file "C:\Users\DELL LATITUDE 5420\OneDrive\Images\Pictures\Screenshots\Capture d'écran 2024-10-25 042626.png"
2026-08-07 19:26:35 [WARNING] MENACE : None → Capture d'écran 2024-10-25 042626.png
2026-08-07 19:26:35 [ERROR]  Erreur scan YARA sur C:\Users\DELL LATITUDE 5420\OneDrive\Images\Pictures\Screenshots\Capture d'écran 2024-10-25 042640.png : could not open file "C:\Users\DELL LATITUDE 5420\OneDrive\Images\Pictures\Screenshots\Capture d'écran 2024-10-25 042640.png"
2026-08-07 19:26:35 [WARNING] MENACE : None → Capture d'écran 2024-10-25 042640.png
2026-08-07 19:26:35 [ERROR]  Erreur scan YARA sur C:\Users\DELL LATITUDE 5420\OneDrive\Images\Pictures\Screenshots\Capture d'écran 2024-10-25 043009.png : could not open file "C:\Users\DELL LATITUDE 5420\OneDrive\Images\Pictures\Screenshots\Capture d'écran 2024-10-25 043009.png"
2026-08-07 19:26:35 [WARNING] MENACE : None → Capture d'écran 2024-10-25 043009.png
2026-08-07 19:26:35 [ERROR]  Erreur scan YARA sur C:\Users\DELL LATITUDE 5420\OneDrive\Images\Pictures\Screenshots\Capture d'écran 2024-10-25 044038.png : could not open file "C:\Users\DELL LATITUDE 5420\OneDrive\Images\Pictures\Screenshots\Capture d'écran 2024-10-25 044038.png"
2026-08-07 19:26:35 [WARNING] MENACE : None → Capture d'écran 2024-10-25 044038.png
2026-08-07 19:26:35 [ERROR]  Erreur scan YARA sur C:\Users\DELL LATITUDE 5420\OneDrive\Images\Pictures\Screenshots\Capture d'écran 2024-10-30 014305.png : could not open file "C:\Users\DELL LATITUDE 5420\OneDrive\Images\Pictures\Screenshots\Capture d'écran 2024-10-30 014305.png"
2026-08-07 19:26:35 [WARNING] MENACE : None → Capture d'écran 2024-10-30 014305.png
2026-08-07 19:26:36 [ERROR]  Erreur scan YARA sur C:\Users\DELL LATITUDE 5420\OneDrive\Images\Pictures\Screenshots\Capture d'écran 2024-10-30 014315.png : could not open file "C:\Users\DELL LATITUDE 5420\OneDrive\Images\Pictures\Screenshots\Capture d'écran 2024-10-30 014315.png"
2026-08-07 19:26:36 [WARNING] MENACE : None → Capture d'écran 2024-10-30 014315.png
2026-08-07 19:26:36 [ERROR]  Erreur scan YARA sur C:\Users\DELL LATITUDE 5420\OneDrive\Images\Pictures\Screenshots\Capture d'écran 2024-10-30 014333.png : could not open file "C:\Users\DELL LATITUDE 5420\OneDrive\Images\Pictures\Screenshots\Capture d'écran 2024-10-30 014333.png"
2026-08-07 19:26:36 [WARNING] MENACE : None → Capture d'écran 2024-10-30 014333.png
2026-08-07 19:26:36 [ERROR]  Erreur scan YARA sur C:\Users\DELL LATITUDE 5420\OneDrive\Images\Pictures\Screenshots\Capture d'écran 2024-10-30 014347.png : could not open file "C:\Users\DELL LATITUDE 5420\OneDrive\Images\Pictures\Screenshots\Capture d'écran 2024-10-30 014347.png"
2026-08-07 19:26:36 [WARNING] MENACE : None → Capture d'écran 2024-10-30 014347.png
2026-08-07 19:26:36 [ERROR]  Erreur scan YARA sur C:\Users\DELL LATITUDE 5420\OneDrive\Images\Pictures\Screenshots\Capture d'écran 2024-11-01 214235.png : could not open file "C:\Users\DELL LATITUDE 5420\OneDrive\Images\Pictures\Screenshots\Capture d'écran 2024-11-01 214235.png"
2026-08-07 19:26:36 [WARNING] MENACE : None → Capture d'écran 2024-11-01 214235.png
2026-08-07 19:26:36 [ERROR]  Erreur scan YARA sur C:\Users\DELL LATITUDE 5420\OneDrive\Images\Pictures\Screenshots\Capture d'écran 2024-11-05 033834.png : could not open file "C:\Users\DELL LATITUDE 5420\OneDrive\Images\Pictures\Screenshots\Capture d'écran 2024-11-05 033834.png"
2026-08-07 19:26:36 [WARNING] MENACE : None → Capture d'écran 2024-11-05 033834.png
2026-08-07 19:26:36 [ERROR]  Erreur scan YARA sur C:\Users\DELL LATITUDE 5420\OneDrive\Images\Pictures\Screenshots\Capture d'écran 2024-11-05 163823.png : could not open file "C:\Users\DELL LATITUDE 5420\OneDrive\Images\Pictures\Screenshots\Capture d'écran 2024-11-05 163823.png"
2026-08-07 19:26:36 [WARNING] MENACE : None → Capture d'écran 2024-11-05 163823.png
2026-08-07 19:26:36 [ERROR]  Erreur scan YARA sur C:\Users\DELL LATITUDE 5420\OneDrive\Images\Pictures\Screenshots\Capture d'écran 2024-11-06 024716.png : could not open file "C:\Users\DELL LATITUDE 5420\OneDrive\Images\Pictures\Screenshots\Capture d'écran 2024-11-06 024716.png"
2026-08-07 19:26:36 [WARNING] MENACE : None → Capture d'écran 2024-11-06 024716.png
2026-08-07 19:26:36 [ERROR]  Erreur scan YARA sur C:\Users\DELL LATITUDE 5420\OneDrive\Images\Pictures\Screenshots\Capture d'écran 2024-11-06 033201.png : could not open file "C:\Users\DELL LATITUDE 5420\OneDrive\Images\Pictures\Screenshots\Capture d'écran 2024-11-06 033201.png"
2026-08-07 19:26:36 [WARNING] MENACE : None → Capture d'écran 2024-11-06 033201.png
2026-08-07 19:26:36 [ERROR]  Erreur scan YARA sur C:\Users\DELL LATITUDE 5420\OneDrive\Images\Pictures\Screenshots\Capture d'écran 2024-11-06 202340.png : could not open file "C:\Users\DELL LATITUDE 5420\OneDrive\Images\Pictures\Screenshots\Capture d'écran 2024-11-06 202340.png"
2026-08-07 19:26:36 [WARNING] MENACE : None → Capture d'écran 2024-11-06 202340.png
2026-08-07 19:26:36 [ERROR]  Erreur scan YARA sur C:\Users\DELL LATITUDE 5420\OneDrive\Images\Pictures\Screenshots\Capture d'écran 2024-11-06 202356.png : could not open file "C:\Users\DELL LATITUDE 5420\OneDrive\Images\Pictures\Screenshots\Capture d'écran 2024-11-06 202356.png"
2026-08-07 19:26:36 [WARNING] MENACE : None → Capture d'écran 2024-11-06 202356.png
2026-08-07 19:26:36 [ERROR]  Erreur scan YARA sur C:\Users\DELL LATITUDE 5420\OneDrive\Images\Pictures\Screenshots\Capture d'écran 2024-11-06 202410.png : could not open file "C:\Users\DELL LATITUDE 5420\OneDrive\Images\Pictures\Screenshots\Capture d'écran 2024-11-06 202410.png"
2026-08-07 19:26:36 [WARNING] MENACE : None → Capture d'écran 2024-11-06 202410.png
2026-08-07 19:26:36 [ERROR]  Erreur scan YARA sur C:\Users\DELL LATITUDE 5420\OneDrive\Images\Pictures\Screenshots\Capture d'écran 2024-11-08 172910.png : could not open file "C:\Users\DELL LATITUDE 5420\OneDrive\Images\Pictures\Screenshots\Capture d'écran 2024-11-08 172910.png"
2026-08-07 19:26:36 [WARNING] MENACE : None → Capture d'écran 2024-11-08 172910.png
2026-08-07 19:26:36 [ERROR]  Erreur scan YARA sur C:\Users\DELL LATITUDE 5420\OneDrive\Images\Pictures\Screenshots\Capture d'écran 2024-11-08 172925.png : could not open file "C:\Users\DELL LATITUDE 5420\OneDrive\Images\Pictures\Screenshots\Capture d'écran 2024-11-08 172925.png"
2026-08-07 19:26:36 [WARNING] MENACE : None → Capture d'écran 2024-11-08 172925.png
2026-08-07 19:26:36 [ERROR]  Erreur scan YARA sur C:\Users\DELL LATITUDE 5420\OneDrive\Images\Pictures\Screenshots\Capture d'écran 2024-11-11 031303.png : could not open file "C:\Users\DELL LATITUDE 5420\OneDrive\Images\Pictures\Screenshots\Capture d'écran 2024-11-11 031303.png"
2026-08-07 19:26:36 [WARNING] MENACE : None → Capture d'écran 2024-11-11 031303.png
2026-08-07 19:26:36 [ERROR]  Erreur scan YARA sur C:\Users\DELL LATITUDE 5420\OneDrive\Images\Pictures\Screenshots\Capture d'écran 2024-11-11 035852.png : could not open file "C:\Users\DELL LATITUDE 5420\OneDrive\Images\Pictures\Screenshots\Capture d'écran 2024-11-11 035852.png"
2026-08-07 19:26:36 [WARNING] MENACE : None → Capture d'écran 2024-11-11 035852.png
2026-08-07 19:26:36 [ERROR]  Erreur scan YARA sur C:\Users\DELL LATITUDE 5420\OneDrive\Images\Pictures\Screenshots\Capture d'écran 2024-11-11 040741.png : could not open file "C:\Users\DELL LATITUDE 5420\OneDrive\Images\Pictures\Screenshots\Capture d'écran 2024-11-11 040741.png"
2026-08-07 19:26:36 [WARNING] MENACE : None → Capture d'écran 2024-11-11 040741.png
2026-08-07 19:26:36 [ERROR]  Erreur scan YARA sur C:\Users\DELL LATITUDE 5420\OneDrive\Images\Pictures\Screenshots\Capture d'écran 2024-11-12 215709.png : could not open file "C:\Users\DELL LATITUDE 5420\OneDrive\Images\Pictures\Screenshots\Capture d'écran 2024-11-12 215709.png"
2026-08-07 19:26:36 [WARNING] MENACE : None → Capture d'écran 2024-11-12 215709.png
2026-08-07 19:26:36 [ERROR]  Erreur scan YARA sur C:\Users\DELL LATITUDE 5420\OneDrive\Images\Pictures\Screenshots\Capture d'écran 2024-11-12 215733.png : could not open file "C:\Users\DELL LATITUDE 5420\OneDrive\Images\Pictures\Screenshots\Capture d'écran 2024-11-12 215733.png"
2026-08-07 19:26:36 [WARNING] MENACE : None → Capture d'écran 2024-11-12 215733.png
2026-08-07 19:26:36 [ERROR]  Erreur scan YARA sur C:\Users\DELL LATITUDE 5420\OneDrive\Images\Pictures\Screenshots\Capture d'écran 2024-11-12 215744.png : could not open file "C:\Users\DELL LATITUDE 5420\OneDrive\Images\Pictures\Screenshots\Capture d'écran 2024-11-12 215744.png"
2026-08-07 19:26:36 [WARNING] MENACE : None → Capture d'écran 2024-11-12 215744.png
2026-08-07 19:26:36 [ERROR]  Erreur scan YARA sur C:\Users\DELL LATITUDE 5420\OneDrive\Images\Pictures\Screenshots\Capture d'écran 2024-11-12 215753.png : could not open file "C:\Users\DELL LATITUDE 5420\OneDrive\Images\Pictures\Screenshots\Capture d'écran 2024-11-12 215753.png"
2026-08-07 19:26:36 [WARNING] MENACE : None → Capture d'écran 2024-11-12 215753.png
2026-08-07 19:26:36 [ERROR]  Erreur scan YARA sur C:\Users\DELL LATITUDE 5420\OneDrive\Images\Pictures\Screenshots\Capture d'écran 2024-11-14 203441.png : could not open file "C:\Users\DELL LATITUDE 5420\OneDrive\Images\Pictures\Screenshots\Capture d'écran 2024-11-14 203441.png"
2026-08-07 19:26:36 [WARNING] MENACE : None → Capture d'écran 2024-11-14 203441.png
2026-08-07 19:26:36 [ERROR]  Erreur scan YARA sur C:\Users\DELL LATITUDE 5420\OneDrive\Images\Pictures\Screenshots\Capture d'écran 2024-11-18 015542.png : could not open file "C:\Users\DELL LATITUDE 5420\OneDrive\Images\Pictures\Screenshots\Capture d'écran 2024-11-18 015542.png"
2026-08-07 19:26:36 [WARNING] MENACE : None → Capture d'écran 2024-11-18 015542.png
2026-08-07 19:26:36 [ERROR]  Erreur scan YARA sur C:\Users\DELL LATITUDE 5420\OneDrive\Images\Pictures\Screenshots\Capture d'écran 2024-11-18 015631.png : could not open file "C:\Users\DELL LATITUDE 5420\OneDrive\Images\Pictures\Screenshots\Capture d'écran 2024-11-18 015631.png"
2026-08-07 19:26:36 [WARNING] MENACE : None → Capture d'écran 2024-11-18 015631.png
2026-08-07 19:26:37 [ERROR]  Erreur scan YARA sur C:\Users\DELL LATITUDE 5420\OneDrive\Images\Pictures\Screenshots\Capture d'écran 2024-11-18 015840.png : could not open file "C:\Users\DELL LATITUDE 5420\OneDrive\Images\Pictures\Screenshots\Capture d'écran 2024-11-18 015840.png"
2026-08-07 19:26:37 [WARNING] MENACE : None → Capture d'écran 2024-11-18 015840.png
2026-08-07 19:26:37 [ERROR]  Erreur scan YARA sur C:\Users\DELL LATITUDE 5420\OneDrive\Images\Pictures\Screenshots\Capture d'écran 2024-11-24 173134.png : could not open file "C:\Users\DELL LATITUDE 5420\OneDrive\Images\Pictures\Screenshots\Capture d'écran 2024-11-24 173134.png"
2026-08-07 19:26:37 [WARNING] MENACE : None → Capture d'écran 2024-11-24 173134.png
2026-08-07 19:26:37 [ERROR]  Erreur scan YARA sur C:\Users\DELL LATITUDE 5420\OneDrive\Images\Pictures\Screenshots\Capture d'écran 2024-11-24 235705.png : could not open file "C:\Users\DELL LATITUDE 5420\OneDrive\Images\Pictures\Screenshots\Capture d'écran 2024-11-24 235705.png"
2026-08-07 19:26:37 [WARNING] MENACE : None → Capture d'écran 2024-11-24 235705.png
2026-08-07 19:26:37 [ERROR]  Erreur scan YARA sur C:\Users\DELL LATITUDE 5420\OneDrive\Images\Pictures\Screenshots\Capture d'écran 2024-11-25 000350.png : could not open file "C:\Users\DELL LATITUDE 5420\OneDrive\Images\Pictures\Screenshots\Capture d'écran 2024-11-25 000350.png"
2026-08-07 19:26:37 [WARNING] MENACE : None → Capture d'écran 2024-11-25 000350.png
2026-08-07 19:26:37 [ERROR]  Erreur scan YARA sur C:\Users\DELL LATITUDE 5420\OneDrive\Images\Pictures\Screenshots\Capture d'écran 2024-11-25 220920.png : could not open file "C:\Users\DELL LATITUDE 5420\OneDrive\Images\Pictures\Screenshots\Capture d'écran 2024-11-25 220920.png"
2026-08-07 19:26:37 [WARNING] MENACE : None → Capture d'écran 2024-11-25 220920.png
2026-08-07 19:26:37 [ERROR]  Erreur scan YARA sur C:\Users\DELL LATITUDE 5420\OneDrive\Images\Pictures\Screenshots\Capture d'écran 2024-11-29 004633.png : could not open file "C:\Users\DELL LATITUDE 5420\OneDrive\Images\Pictures\Screenshots\Capture d'écran 2024-11-29 004633.png"
2026-08-07 19:26:37 [WARNING] MENACE : None → Capture d'écran 2024-11-29 004633.png
2026-08-07 19:26:37 [ERROR]  Erreur scan YARA sur C:\Users\DELL LATITUDE 5420\OneDrive\Images\Pictures\Screenshots\Capture d'écran 2024-11-29 010711.png : could not open file "C:\Users\DELL LATITUDE 5420\OneDrive\Images\Pictures\Screenshots\Capture d'écran 2024-11-29 010711.png"
2026-08-07 19:26:37 [WARNING] MENACE : None → Capture d'écran 2024-11-29 010711.png
2026-08-07 19:26:37 [ERROR]  Erreur scan YARA sur C:\Users\DELL LATITUDE 5420\OneDrive\Images\Pictures\Screenshots\Capture d'écran 2024-11-30 162154.png : could not open file "C:\Users\DELL LATITUDE 5420\OneDrive\Images\Pictures\Screenshots\Capture d'écran 2024-11-30 162154.png"
2026-08-07 19:26:37 [WARNING] MENACE : None → Capture d'écran 2024-11-30 162154.png
2026-08-07 19:26:37 [ERROR]  Erreur scan YARA sur C:\Users\DELL LATITUDE 5420\OneDrive\Images\Pictures\Screenshots\Capture d'écran 2024-12-01 001110.png : could not open file "C:\Users\DELL LATITUDE 5420\OneDrive\Images\Pictures\Screenshots\Capture d'écran 2024-12-01 001110.png"
2026-08-07 19:26:37 [WARNING] MENACE : None → Capture d'écran 2024-12-01 001110.png
2026-08-07 19:26:37 [ERROR]  Erreur scan YARA sur C:\Users\DELL LATITUDE 5420\OneDrive\Images\Pictures\Screenshots\Capture d'écran 2024-12-01 001123.png : could not open file "C:\Users\DELL LATITUDE 5420\OneDrive\Images\Pictures\Screenshots\Capture d'écran 2024-12-01 001123.png"
2026-08-07 19:26:37 [WARNING] MENACE : None → Capture d'écran 2024-12-01 001123.png
2026-08-07 19:26:37 [ERROR]  Erreur scan YARA sur C:\Users\DELL LATITUDE 5420\OneDrive\Images\Pictures\Screenshots\Capture d'écran 2024-12-01 004214.png : could not open file "C:\Users\DELL LATITUDE 5420\OneDrive\Images\Pictures\Screenshots\Capture d'écran 2024-12-01 004214.png"
2026-08-07 19:26:37 [WARNING] MENACE : None → Capture d'écran 2024-12-01 004214.png
2026-08-07 19:26:37 [ERROR]  Erreur scan YARA sur C:\Users\DELL LATITUDE 5420\OneDrive\Images\Pictures\Screenshots\Capture d'écran 2024-12-02 010658.png : could not open file "C:\Users\DELL LATITUDE 5420\OneDrive\Images\Pictures\Screenshots\Capture d'écran 2024-12-02 010658.png"
2026-08-07 19:26:37 [WARNING] MENACE : None → Capture d'écran 2024-12-02 010658.png
2026-08-07 19:26:37 [ERROR]  Erreur scan YARA sur C:\Users\DELL LATITUDE 5420\OneDrive\Images\Pictures\Screenshots\Capture d'écran 2024-12-02 010711.png : could not open file "C:\Users\DELL LATITUDE 5420\OneDrive\Images\Pictures\Screenshots\Capture d'écran 2024-12-02 010711.png"
2026-08-07 19:26:37 [WARNING] MENACE : None → Capture d'écran 2024-12-02 010711.png
2026-08-07 19:26:37 [ERROR]  Erreur scan YARA sur C:\Users\DELL LATITUDE 5420\OneDrive\Images\Pictures\Screenshots\Capture d'écran 2024-12-02 010719.png : could not open file "C:\Users\DELL LATITUDE 5420\OneDrive\Images\Pictures\Screenshots\Capture d'écran 2024-12-02 010719.png"
2026-08-07 19:26:37 [WARNING] MENACE : None → Capture d'écran 2024-12-02 010719.png
2026-08-07 19:26:37 [ERROR]  Erreur scan YARA sur C:\Users\DELL LATITUDE 5420\OneDrive\Images\Pictures\Screenshots\Capture d'écran 2024-12-03 110531.png : could not open file "C:\Users\DELL LATITUDE 5420\OneDrive\Images\Pictures\Screenshots\Capture d'écran 2024-12-03 110531.png"
2026-08-07 19:26:37 [WARNING] MENACE : None → Capture d'écran 2024-12-03 110531.png
2026-08-07 19:26:37 [ERROR]  Erreur scan YARA sur C:\Users\DELL LATITUDE 5420\OneDrive\Images\Pictures\Screenshots\Capture d'écran 2024-12-03 122013.png : could not open file "C:\Users\DELL LATITUDE 5420\OneDrive\Images\Pictures\Screenshots\Capture d'écran 2024-12-03 122013.png"
2026-08-07 19:26:37 [WARNING] MENACE : None → Capture d'écran 2024-12-03 122013.png
2026-08-07 19:26:37 [ERROR]  Erreur scan YARA sur C:\Users\DELL LATITUDE 5420\OneDrive\Images\Pictures\Screenshots\Capture d'écran 2024-12-03 122332.png : could not open file "C:\Users\DELL LATITUDE 5420\OneDrive\Images\Pictures\Screenshots\Capture d'écran 2024-12-03 122332.png"
2026-08-07 19:26:37 [WARNING] MENACE : None → Capture d'écran 2024-12-03 122332.png
2026-08-07 19:26:37 [ERROR]  Erreur scan YARA sur C:\Users\DELL LATITUDE 5420\OneDrive\Images\Pictures\Screenshots\Capture d'écran 2024-12-03 122726.png : could not open file "C:\Users\DELL LATITUDE 5420\OneDrive\Images\Pictures\Screenshots\Capture d'écran 2024-12-03 122726.png"
2026-08-07 19:26:37 [WARNING] MENACE : None → Capture d'écran 2024-12-03 122726.png
2026-08-07 19:26:37 [ERROR]  Erreur scan YARA sur C:\Users\DELL LATITUDE 5420\OneDrive\Images\Pictures\Screenshots\Capture d'écran 2024-12-03 163429.png : could not open file "C:\Users\DELL LATITUDE 5420\OneDrive\Images\Pictures\Screenshots\Capture d'écran 2024-12-03 163429.png"
2026-08-07 19:26:37 [WARNING] MENACE : None → Capture d'écran 2024-12-03 163429.png
2026-08-07 19:26:37 [ERROR]  Erreur scan YARA sur C:\Users\DELL LATITUDE 5420\OneDrive\Images\Pictures\Screenshots\Capture d'écran 2024-12-12 005854.png : could not open file "C:\Users\DELL LATITUDE 5420\OneDrive\Images\Pictures\Screenshots\Capture d'écran 2024-12-12 005854.png"
2026-08-07 19:26:37 [WARNING] MENACE : None → Capture d'écran 2024-12-12 005854.png
2026-08-07 19:26:37 [ERROR]  Erreur scan YARA sur C:\Users\DELL LATITUDE 5420\OneDrive\Images\Pictures\Screenshots\Capture d'écran 2024-12-16 154126.png : could not open file "C:\Users\DELL LATITUDE 5420\OneDrive\Images\Pictures\Screenshots\Capture d'écran 2024-12-16 154126.png"
2026-08-07 19:26:37 [WARNING] MENACE : None → Capture d'écran 2024-12-16 154126.png
2026-08-07 19:26:37 [ERROR]  Erreur scan YARA sur C:\Users\DELL LATITUDE 5420\OneDrive\Images\Pictures\Screenshots\Capture d'écran 2024-12-24 022225.png : could not open file "C:\Users\DELL LATITUDE 5420\OneDrive\Images\Pictures\Screenshots\Capture d'écran 2024-12-24 022225.png"
2026-08-07 19:26:37 [WARNING] MENACE : None → Capture d'écran 2024-12-24 022225.png
2026-08-07 19:26:38 [ERROR]  Erreur scan YARA sur C:\Users\DELL LATITUDE 5420\OneDrive\Images\Pictures\Screenshots\Capture d'écran 2024-12-24 022427.png : could not open file "C:\Users\DELL LATITUDE 5420\OneDrive\Images\Pictures\Screenshots\Capture d'écran 2024-12-24 022427.png"
2026-08-07 19:26:38 [WARNING] MENACE : None → Capture d'écran 2024-12-24 022427.png
2026-08-07 19:26:38 [ERROR]  Erreur scan YARA sur C:\Users\DELL LATITUDE 5420\OneDrive\Images\Pictures\Screenshots\Capture d'écran 2024-12-24 022731.png : could not open file "C:\Users\DELL LATITUDE 5420\OneDrive\Images\Pictures\Screenshots\Capture d'écran 2024-12-24 022731.png"
2026-08-07 19:26:38 [WARNING] MENACE : None → Capture d'écran 2024-12-24 022731.png
2026-08-07 19:26:38 [ERROR]  Erreur scan YARA sur C:\Users\DELL LATITUDE 5420\OneDrive\Images\Pictures\Screenshots\Capture d'écran 2024-12-24 022846.png : could not open file "C:\Users\DELL LATITUDE 5420\OneDrive\Images\Pictures\Screenshots\Capture d'écran 2024-12-24 022846.png"
2026-08-07 19:26:38 [WARNING] MENACE : None → Capture d'écran 2024-12-24 022846.png
2026-08-07 19:26:38 [ERROR]  Erreur scan YARA sur C:\Users\DELL LATITUDE 5420\OneDrive\Images\Pictures\Screenshots\Capture d'écran 2024-12-24 023140.png : could not open file "C:\Users\DELL LATITUDE 5420\OneDrive\Images\Pictures\Screenshots\Capture d'écran 2024-12-24 023140.png"
2026-08-07 19:26:38 [WARNING] MENACE : None → Capture d'écran 2024-12-24 023140.png
2026-08-07 19:26:38 [ERROR]  Erreur scan YARA sur C:\Users\DELL LATITUDE 5420\OneDrive\Images\Pictures\Screenshots\Capture d'écran 2024-12-24 023156.png : could not open file "C:\Users\DELL LATITUDE 5420\OneDrive\Images\Pictures\Screenshots\Capture d'écran 2024-12-24 023156.png"
2026-08-07 19:26:38 [WARNING] MENACE : None → Capture d'écran 2024-12-24 023156.png
2026-08-07 19:26:39 [ERROR]  Erreur scan YARA sur C:\Users\DELL LATITUDE 5420\OneDrive\Images\Pictures\Screenshots\Capture d'écran 2024-12-24 023241.png : could not open file "C:\Users\DELL LATITUDE 5420\OneDrive\Images\Pictures\Screenshots\Capture d'écran 2024-12-24 023241.png"
2026-08-07 19:26:39 [WARNING] MENACE : None → Capture d'écran 2024-12-24 023241.png
2026-08-07 19:26:39 [ERROR]  Erreur scan YARA sur C:\Users\DELL LATITUDE 5420\OneDrive\Images\Pictures\Screenshots\Capture d'écran 2025-01-02 025537.png : could not open file "C:\Users\DELL LATITUDE 5420\OneDrive\Images\Pictures\Screenshots\Capture d'écran 2025-01-02 025537.png"
2026-08-07 19:26:39 [ERROR]  Erreur scan YARA sur C:\Users\DELL LATITUDE 5420\OneDrive\Images\Pictures\Screenshots\Capture d'écran 2025-01-05 174923.png : could not open file "C:\Users\DELL LATITUDE 5420\OneDrive\Images\Pictures\Screenshots\Capture d'écran 2025-01-05 174923.png"
2026-08-07 19:26:39 [WARNING] MENACE : None → Capture d'écran 2025-01-05 174923.png
2026-08-07 19:26:39 [ERROR]  Erreur scan YARA sur C:\Users\DELL LATITUDE 5420\OneDrive\Images\Pictures\Screenshots\Capture d'écran 2025-01-07 044348.png : could not open file "C:\Users\DELL LATITUDE 5420\OneDrive\Images\Pictures\Screenshots\Capture d'écran 2025-01-07 044348.png"
2026-08-07 19:26:39 [WARNING] MENACE : None → Capture d'écran 2025-01-07 044348.png
2026-08-07 19:26:39 [ERROR]  Erreur scan YARA sur C:\Users\DELL LATITUDE 5420\OneDrive\Images\Pictures\Screenshots\Capture d'écran 2025-01-08 015341.png : could not open file "C:\Users\DELL LATITUDE 5420\OneDrive\Images\Pictures\Screenshots\Capture d'écran 2025-01-08 015341.png"
2026-08-07 19:26:39 [WARNING] MENACE : None → Capture d'écran 2025-01-08 015341.png
2026-08-07 19:26:39 [ERROR]  Erreur scan YARA sur C:\Users\DELL LATITUDE 5420\OneDrive\Images\Pictures\Screenshots\Capture d'écran 2025-01-10 013351.png : could not open file "C:\Users\DELL LATITUDE 5420\OneDrive\Images\Pictures\Screenshots\Capture d'écran 2025-01-10 013351.png"
2026-08-07 19:26:39 [WARNING] MENACE : None → Capture d'écran 2025-01-10 013351.png
2026-08-07 19:26:39 [ERROR]  Erreur scan YARA sur C:\Users\DELL LATITUDE 5420\OneDrive\Images\Pictures\Screenshots\Capture d'écran 2025-01-11 013027.png : could not open file "C:\Users\DELL LATITUDE 5420\OneDrive\Images\Pictures\Screenshots\Capture d'écran 2025-01-11 013027.png"
2026-08-07 19:26:39 [WARNING] MENACE : None → Capture d'écran 2025-01-11 013027.png
2026-08-07 19:26:39 [ERROR]  Erreur scan YARA sur C:\Users\DELL LATITUDE 5420\OneDrive\Images\Pictures\Screenshots\Capture d'écran 2025-01-11 013145.png : could not open file "C:\Users\DELL LATITUDE 5420\OneDrive\Images\Pictures\Screenshots\Capture d'écran 2025-01-11 013145.png"
2026-08-07 19:26:39 [WARNING] MENACE : None → Capture d'écran 2025-01-11 013145.png
2026-08-07 19:26:39 [ERROR]  Erreur scan YARA sur C:\Users\DELL LATITUDE 5420\OneDrive\Images\Pictures\Screenshots\Capture d'écran 2025-01-11 035836.png : could not open file "C:\Users\DELL LATITUDE 5420\OneDrive\Images\Pictures\Screenshots\Capture d'écran 2025-01-11 035836.png"
2026-08-07 19:26:39 [WARNING] MENACE : None → Capture d'écran 2025-01-11 035836.png
2026-08-07 19:26:39 [ERROR]  Erreur scan YARA sur C:\Users\DELL LATITUDE 5420\OneDrive\Images\Pictures\Screenshots\Capture d'écran 2025-01-11 041308.png : could not open file "C:\Users\DELL LATITUDE 5420\OneDrive\Images\Pictures\Screenshots\Capture d'écran 2025-01-11 041308.png"
2026-08-07 19:26:39 [WARNING] MENACE : None → Capture d'écran 2025-01-11 041308.png
2026-08-07 19:26:39 [ERROR]  Erreur scan YARA sur C:\Users\DELL LATITUDE 5420\OneDrive\Images\Pictures\Screenshots\Capture d'écran 2025-01-11 140950.png : could not open file "C:\Users\DELL LATITUDE 5420\OneDrive\Images\Pictures\Screenshots\Capture d'écran 2025-01-11 140950.png"
2026-08-07 19:26:39 [WARNING] MENACE : None → Capture d'écran 2025-01-11 140950.png
2026-08-07 19:26:39 [ERROR]  Erreur scan YARA sur C:\Users\DELL LATITUDE 5420\OneDrive\Images\Pictures\Screenshots\Capture d'écran 2025-01-11 210036.png : could not open file "C:\Users\DELL LATITUDE 5420\OneDrive\Images\Pictures\Screenshots\Capture d'écran 2025-01-11 210036.png"
2026-08-07 19:26:39 [WARNING] MENACE : None → Capture d'écran 2025-01-11 210036.png
2026-08-07 19:26:39 [ERROR]  Erreur scan YARA sur C:\Users\DELL LATITUDE 5420\OneDrive\Images\Pictures\Screenshots\Capture d'écran 2025-01-12 021620.png : could not open file "C:\Users\DELL LATITUDE 5420\OneDrive\Images\Pictures\Screenshots\Capture d'écran 2025-01-12 021620.png"
2026-08-07 19:26:39 [WARNING] MENACE : None → Capture d'écran 2025-01-12 021620.png
2026-08-07 19:26:39 [ERROR]  Erreur scan YARA sur C:\Users\DELL LATITUDE 5420\OneDrive\Images\Pictures\Screenshots\Capture d'écran 2025-01-12 023352.png : could not open file "C:\Users\DELL LATITUDE 5420\OneDrive\Images\Pictures\Screenshots\Capture d'écran 2025-01-12 023352.png"
2026-08-07 19:26:39 [WARNING] MENACE : None → Capture d'écran 2025-01-12 023352.png
2026-08-07 19:26:39 [ERROR]  Erreur scan YARA sur C:\Users\DELL LATITUDE 5420\OneDrive\Images\Pictures\Screenshots\Capture d'écran 2025-01-12 025230.png : could not open file "C:\Users\DELL LATITUDE 5420\OneDrive\Images\Pictures\Screenshots\Capture d'écran 2025-01-12 025230.png"
2026-08-07 19:26:39 [WARNING] MENACE : None → Capture d'écran 2025-01-12 025230.png
2026-08-07 19:26:39 [ERROR]  Erreur scan YARA sur C:\Users\DELL LATITUDE 5420\OneDrive\Images\Pictures\Screenshots\Capture d'écran 2025-01-12 032019.png : could not open file "C:\Users\DELL LATITUDE 5420\OneDrive\Images\Pictures\Screenshots\Capture d'écran 2025-01-12 032019.png"
2026-08-07 19:26:39 [WARNING] MENACE : None → Capture d'écran 2025-01-12 032019.png
2026-08-07 19:26:39 [ERROR]  Erreur scan YARA sur C:\Users\DELL LATITUDE 5420\OneDrive\Images\Pictures\Screenshots\Capture d'écran 2025-01-18 021021.png : could not open file "C:\Users\DELL LATITUDE 5420\OneDrive\Images\Pictures\Screenshots\Capture d'écran 2025-01-18 021021.png"
2026-08-07 19:26:39 [WARNING] MENACE : None → Capture d'écran 2025-01-18 021021.png
2026-08-07 19:26:39 [ERROR]  Erreur scan YARA sur C:\Users\DELL LATITUDE 5420\OneDrive\Images\Pictures\Screenshots\Capture d'écran 2025-01-20 204759.png : could not open file "C:\Users\DELL LATITUDE 5420\OneDrive\Images\Pictures\Screenshots\Capture d'écran 2025-01-20 204759.png"
2026-08-07 19:26:39 [WARNING] MENACE : None → Capture d'écran 2025-01-20 204759.png
2026-08-07 19:26:39 [ERROR]  Erreur scan YARA sur C:\Users\DELL LATITUDE 5420\OneDrive\Images\Pictures\Screenshots\Capture d'écran 2025-01-26 021030.png : could not open file "C:\Users\DELL LATITUDE 5420\OneDrive\Images\Pictures\Screenshots\Capture d'écran 2025-01-26 021030.png"
2026-08-07 19:26:39 [WARNING] MENACE : None → Capture d'écran 2025-01-26 021030.png
2026-08-07 19:26:39 [ERROR]  Erreur scan YARA sur C:\Users\DELL LATITUDE 5420\OneDrive\Images\Pictures\Screenshots\Capture d'écran 2025-01-27 010120.png : could not open file "C:\Users\DELL LATITUDE 5420\OneDrive\Images\Pictures\Screenshots\Capture d'écran 2025-01-27 010120.png"
2026-08-07 19:26:39 [WARNING] MENACE : None → Capture d'écran 2025-01-27 010120.png
2026-08-07 19:26:39 [ERROR]  Erreur scan YARA sur C:\Users\DELL LATITUDE 5420\OneDrive\Images\Pictures\Screenshots\Capture d'écran 2025-01-27 010128.png : could not open file "C:\Users\DELL LATITUDE 5420\OneDrive\Images\Pictures\Screenshots\Capture d'écran 2025-01-27 010128.png"
2026-08-07 19:26:39 [WARNING] MENACE : None → Capture d'écran 2025-01-27 010128.png
2026-08-07 19:26:39 [ERROR]  Erreur scan YARA sur C:\Users\DELL LATITUDE 5420\OneDrive\Images\Pictures\Screenshots\Capture d'écran 2025-01-28 002414.png : could not open file "C:\Users\DELL LATITUDE 5420\OneDrive\Images\Pictures\Screenshots\Capture d'écran 2025-01-28 002414.png"
2026-08-07 19:26:39 [WARNING] MENACE : None → Capture d'écran 2025-01-28 002414.png
2026-08-07 19:26:39 [ERROR]  Erreur scan YARA sur C:\Users\DELL LATITUDE 5420\OneDrive\Images\Pictures\Screenshots\Capture d'écran 2025-02-02 194653.png : could not open file "C:\Users\DELL LATITUDE 5420\OneDrive\Images\Pictures\Screenshots\Capture d'écran 2025-02-02 194653.png"
2026-08-07 19:26:39 [WARNING] MENACE : None → Capture d'écran 2025-02-02 194653.png
2026-08-07 19:26:40 [ERROR]  Erreur scan YARA sur C:\Users\DELL LATITUDE 5420\OneDrive\Images\Pictures\Screenshots\Capture d'écran 2025-02-06 160346.png : could not open file "C:\Users\DELL LATITUDE 5420\OneDrive\Images\Pictures\Screenshots\Capture d'écran 2025-02-06 160346.png"
2026-08-07 19:26:40 [WARNING] MENACE : None → Capture d'écran 2025-02-06 160346.png
2026-08-07 19:26:40 [ERROR]  Erreur scan YARA sur C:\Users\DELL LATITUDE 5420\OneDrive\Images\Pictures\Screenshots\Capture d'écran 2025-02-08 170930.png : could not open file "C:\Users\DELL LATITUDE 5420\OneDrive\Images\Pictures\Screenshots\Capture d'écran 2025-02-08 170930.png"
2026-08-07 19:26:40 [WARNING] MENACE : None → Capture d'écran 2025-02-08 170930.png
2026-08-07 19:26:40 [ERROR]  Erreur scan YARA sur C:\Users\DELL LATITUDE 5420\OneDrive\Images\Pictures\Screenshots\Capture d'écran 2025-02-09 184732.png : could not open file "C:\Users\DELL LATITUDE 5420\OneDrive\Images\Pictures\Screenshots\Capture d'écran 2025-02-09 184732.png"
2026-08-07 19:26:40 [WARNING] MENACE : None → Capture d'écran 2025-02-09 184732.png
2026-08-07 19:26:40 [ERROR]  Erreur scan YARA sur C:\Users\DELL LATITUDE 5420\OneDrive\Images\Pictures\Screenshots\Capture d'écran 2025-02-13 011430.png : could not open file "C:\Users\DELL LATITUDE 5420\OneDrive\Images\Pictures\Screenshots\Capture d'écran 2025-02-13 011430.png"
2026-08-07 19:26:40 [ERROR]  Erreur scan YARA sur C:\Users\DELL LATITUDE 5420\OneDrive\Images\Pictures\Screenshots\Capture d'écran 2025-02-13 011451.png : could not open file "C:\Users\DELL LATITUDE 5420\OneDrive\Images\Pictures\Screenshots\Capture d'écran 2025-02-13 011451.png"
2026-08-07 19:26:40 [WARNING] MENACE : None → Capture d'écran 2025-02-13 011451.png
2026-08-07 19:26:40 [ERROR]  Erreur scan YARA sur C:\Users\DELL LATITUDE 5420\OneDrive\Images\Pictures\Screenshots\Capture d'écran 2025-02-20 222005.png : could not open file "C:\Users\DELL LATITUDE 5420\OneDrive\Images\Pictures\Screenshots\Capture d'écran 2025-02-20 222005.png"
2026-08-07 19:26:40 [WARNING] MENACE : None → Capture d'écran 2025-02-20 222005.png
2026-08-07 19:26:40 [ERROR]  Erreur scan YARA sur C:\Users\DELL LATITUDE 5420\OneDrive\Images\Pictures\Screenshots\Capture d'écran 2025-02-22 222721.png : could not open file "C:\Users\DELL LATITUDE 5420\OneDrive\Images\Pictures\Screenshots\Capture d'écran 2025-02-22 222721.png"
2026-08-07 19:26:40 [WARNING] MENACE : None → Capture d'écran 2025-02-22 222721.png
2026-08-07 19:26:40 [ERROR]  Erreur scan YARA sur C:\Users\DELL LATITUDE 5420\OneDrive\Images\Pictures\Screenshots\Capture d'écran 2025-02-23 130107.png : could not open file "C:\Users\DELL LATITUDE 5420\OneDrive\Images\Pictures\Screenshots\Capture d'écran 2025-02-23 130107.png"
2026-08-07 19:26:40 [WARNING] MENACE : None → Capture d'écran 2025-02-23 130107.png
2026-08-07 19:26:40 [ERROR]  Erreur scan YARA sur C:\Users\DELL LATITUDE 5420\OneDrive\Images\Pictures\Screenshots\Capture d'écran 2025-02-25 225516.png : could not open file "C:\Users\DELL LATITUDE 5420\OneDrive\Images\Pictures\Screenshots\Capture d'écran 2025-02-25 225516.png"
2026-08-07 19:26:40 [WARNING] MENACE : None → Capture d'écran 2025-02-25 225516.png
2026-08-07 19:26:40 [ERROR]  Erreur scan YARA sur C:\Users\DELL LATITUDE 5420\OneDrive\Images\Pictures\Screenshots\Capture d'écran 2025-02-27 185106.png : could not open file "C:\Users\DELL LATITUDE 5420\OneDrive\Images\Pictures\Screenshots\Capture d'écran 2025-02-27 185106.png"
2026-08-07 19:26:40 [WARNING] MENACE : None → Capture d'écran 2025-02-27 185106.png
2026-08-07 19:26:40 [ERROR]  Erreur scan YARA sur C:\Users\DELL LATITUDE 5420\OneDrive\Images\Pictures\Screenshots\Capture d'écran 2025-02-28 053040.png : could not open file "C:\Users\DELL LATITUDE 5420\OneDrive\Images\Pictures\Screenshots\Capture d'écran 2025-02-28 053040.png"
2026-08-07 19:26:40 [WARNING] MENACE : None → Capture d'écran 2025-02-28 053040.png
2026-08-07 19:26:40 [ERROR]  Erreur scan YARA sur C:\Users\DELL LATITUDE 5420\OneDrive\Images\Pictures\Screenshots\Capture d'écran 2025-02-28 133115.png : could not open file "C:\Users\DELL LATITUDE 5420\OneDrive\Images\Pictures\Screenshots\Capture d'écran 2025-02-28 133115.png"
2026-08-07 19:26:40 [WARNING] MENACE : None → Capture d'écran 2025-02-28 133115.png
2026-08-07 19:26:40 [ERROR]  Erreur scan YARA sur C:\Users\DELL LATITUDE 5420\OneDrive\Images\Pictures\Screenshots\Capture d'écran 2025-03-02 170944.png : could not open file "C:\Users\DELL LATITUDE 5420\OneDrive\Images\Pictures\Screenshots\Capture d'écran 2025-03-02 170944.png"
2026-08-07 19:26:40 [WARNING] MENACE : None → Capture d'écran 2025-03-02 170944.png
2026-08-07 19:26:40 [ERROR]  Erreur scan YARA sur C:\Users\DELL LATITUDE 5420\OneDrive\Images\Pictures\Screenshots\Capture d'écran 2025-03-02 170952.png : could not open file "C:\Users\DELL LATITUDE 5420\OneDrive\Images\Pictures\Screenshots\Capture d'écran 2025-03-02 170952.png"
2026-08-07 19:26:40 [WARNING] MENACE : None → Capture d'écran 2025-03-02 170952.png
2026-08-07 19:26:40 [ERROR]  Erreur scan YARA sur C:\Users\DELL LATITUDE 5420\OneDrive\Images\Pictures\Screenshots\Capture d'écran 2025-03-10 141151.png : could not open file "C:\Users\DELL LATITUDE 5420\OneDrive\Images\Pictures\Screenshots\Capture d'écran 2025-03-10 141151.png"
2026-08-07 19:26:40 [WARNING] MENACE : None → Capture d'écran 2025-03-10 141151.png
2026-08-07 19:26:40 [ERROR]  Erreur scan YARA sur C:\Users\DELL LATITUDE 5420\OneDrive\Images\Pictures\Screenshots\Capture d'écran 2025-03-10 141204.png : could not open file "C:\Users\DELL LATITUDE 5420\OneDrive\Images\Pictures\Screenshots\Capture d'écran 2025-03-10 141204.png"
2026-08-07 19:26:40 [WARNING] MENACE : None → Capture d'écran 2025-03-10 141204.png
2026-08-07 19:26:41 [ERROR]  Erreur scan YARA sur C:\Users\DELL LATITUDE 5420\OneDrive\Images\Pictures\Screenshots\Capture d'écran 2025-03-10 141542.png : could not open file "C:\Users\DELL LATITUDE 5420\OneDrive\Images\Pictures\Screenshots\Capture d'écran 2025-03-10 141542.png"
2026-08-07 19:26:41 [WARNING] MENACE : None → Capture d'écran 2025-03-10 141542.png
2026-08-07 19:26:41 [ERROR]  Erreur scan YARA sur C:\Users\DELL LATITUDE 5420\OneDrive\Images\Pictures\Screenshots\Capture d'écran 2025-03-16 230854.png : could not open file "C:\Users\DELL LATITUDE 5420\OneDrive\Images\Pictures\Screenshots\Capture d'écran 2025-03-16 230854.png"
2026-08-07 19:26:41 [WARNING] MENACE : None → Capture d'écran 2025-03-16 230854.png
2026-08-07 19:26:41 [ERROR]  Erreur scan YARA sur C:\Users\DELL LATITUDE 5420\OneDrive\Images\Pictures\Screenshots\Capture d'écran 2025-04-06 045252.png : could not open file "C:\Users\DELL LATITUDE 5420\OneDrive\Images\Pictures\Screenshots\Capture d'écran 2025-04-06 045252.png"
2026-08-07 19:26:41 [WARNING] MENACE : None → Capture d'écran 2025-04-06 045252.png
2026-08-07 19:26:41 [ERROR]  Erreur scan YARA sur C:\Users\DELL LATITUDE 5420\OneDrive\Images\Pictures\Screenshots\Capture d'écran 2025-04-06 050221.png : could not open file "C:\Users\DELL LATITUDE 5420\OneDrive\Images\Pictures\Screenshots\Capture d'écran 2025-04-06 050221.png"
2026-08-07 19:26:41 [WARNING] MENACE : None → Capture d'écran 2025-04-06 050221.png
2026-08-07 19:26:41 [ERROR]  Erreur scan YARA sur C:\Users\DELL LATITUDE 5420\OneDrive\Images\Pictures\Screenshots\Capture d'écran 2025-04-06 051252.png : could not open file "C:\Users\DELL LATITUDE 5420\OneDrive\Images\Pictures\Screenshots\Capture d'écran 2025-04-06 051252.png"
2026-08-07 19:26:41 [WARNING] MENACE : None → Capture d'écran 2025-04-06 051252.png
2026-08-07 19:26:41 [ERROR]  Erreur scan YARA sur C:\Users\DELL LATITUDE 5420\OneDrive\Images\Pictures\Screenshots\Capture d'écran 2025-04-06 210734.png : could not open file "C:\Users\DELL LATITUDE 5420\OneDrive\Images\Pictures\Screenshots\Capture d'écran 2025-04-06 210734.png"
2026-08-07 19:26:41 [WARNING] MENACE : None → Capture d'écran 2025-04-06 210734.png
2026-08-07 19:26:41 [ERROR]  Erreur scan YARA sur C:\Users\DELL LATITUDE 5420\OneDrive\Images\Pictures\Screenshots\Capture d'écran 2025-04-06 220019.png : could not open file "C:\Users\DELL LATITUDE 5420\OneDrive\Images\Pictures\Screenshots\Capture d'écran 2025-04-06 220019.png"
2026-08-07 19:26:41 [WARNING] MENACE : None → Capture d'écran 2025-04-06 220019.png
2026-08-07 19:26:41 [ERROR]  Erreur scan YARA sur C:\Users\DELL LATITUDE 5420\OneDrive\Images\Pictures\Screenshots\Capture d'écran 2025-04-10 225551.png : could not open file "C:\Users\DELL LATITUDE 5420\OneDrive\Images\Pictures\Screenshots\Capture d'écran 2025-04-10 225551.png"
2026-08-07 19:26:41 [WARNING] MENACE : None → Capture d'écran 2025-04-10 225551.png
2026-08-07 19:26:41 [ERROR]  Erreur scan YARA sur C:\Users\DELL LATITUDE 5420\OneDrive\Images\Pictures\Screenshots\Capture d'écran 2025-04-10 230112.png : could not open file "C:\Users\DELL LATITUDE 5420\OneDrive\Images\Pictures\Screenshots\Capture d'écran 2025-04-10 230112.png"
2026-08-07 19:26:41 [WARNING] MENACE : None → Capture d'écran 2025-04-10 230112.png
2026-08-07 19:26:41 [ERROR]  Erreur scan YARA sur C:\Users\DELL LATITUDE 5420\OneDrive\Images\Pictures\Screenshots\Capture d'écran 2025-04-22 153306.png : could not open file "C:\Users\DELL LATITUDE 5420\OneDrive\Images\Pictures\Screenshots\Capture d'écran 2025-04-22 153306.png"
2026-08-07 19:26:41 [WARNING] MENACE : None → Capture d'écran 2025-04-22 153306.png
2026-08-07 19:26:41 [ERROR]  Erreur scan YARA sur C:\Users\DELL LATITUDE 5420\OneDrive\Images\Pictures\Screenshots\Capture d'écran 2025-04-22 153318.png : could not open file "C:\Users\DELL LATITUDE 5420\OneDrive\Images\Pictures\Screenshots\Capture d'écran 2025-04-22 153318.png"
2026-08-07 19:26:41 [WARNING] MENACE : None → Capture d'écran 2025-04-22 153318.png
2026-08-07 19:26:41 [ERROR]  Erreur scan YARA sur C:\Users\DELL LATITUDE 5420\OneDrive\Images\Pictures\Screenshots\Capture d'écran 2025-04-27 204746.png : could not open file "C:\Users\DELL LATITUDE 5420\OneDrive\Images\Pictures\Screenshots\Capture d'écran 2025-04-27 204746.png"
2026-08-07 19:26:41 [WARNING] MENACE : None → Capture d'écran 2025-04-27 204746.png
2026-08-07 19:26:41 [ERROR]  Erreur scan YARA sur C:\Users\DELL LATITUDE 5420\OneDrive\Images\Pictures\Screenshots\Capture d'écran 2025-04-27 204759.png : could not open file "C:\Users\DELL LATITUDE 5420\OneDrive\Images\Pictures\Screenshots\Capture d'écran 2025-04-27 204759.png"
2026-08-07 19:26:41 [WARNING] MENACE : None → Capture d'écran 2025-04-27 204759.png
2026-08-07 19:26:41 [ERROR]  Erreur scan YARA sur C:\Users\DELL LATITUDE 5420\OneDrive\Images\Pictures\Screenshots\Capture d'écran 2025-05-09 145350.png : could not open file "C:\Users\DELL LATITUDE 5420\OneDrive\Images\Pictures\Screenshots\Capture d'écran 2025-05-09 145350.png"
2026-08-07 19:26:41 [WARNING] MENACE : None → Capture d'écran 2025-05-09 145350.png
2026-08-07 19:26:41 [ERROR]  Erreur scan YARA sur C:\Users\DELL LATITUDE 5420\OneDrive\Images\Pictures\Screenshots\Capture d'écran 2025-05-13 012841.png : could not open file "C:\Users\DELL LATITUDE 5420\OneDrive\Images\Pictures\Screenshots\Capture d'écran 2025-05-13 012841.png"
2026-08-07 19:26:41 [WARNING] MENACE : None → Capture d'écran 2025-05-13 012841.png
2026-08-07 19:26:41 [ERROR]  Erreur scan YARA sur C:\Users\DELL LATITUDE 5420\OneDrive\Images\Pictures\Screenshots\Capture d'écran 2025-05-13 012854.png : could not open file "C:\Users\DELL LATITUDE 5420\OneDrive\Images\Pictures\Screenshots\Capture d'écran 2025-05-13 012854.png"
2026-08-07 19:26:41 [WARNING] MENACE : None → Capture d'écran 2025-05-13 012854.png
2026-08-07 19:26:41 [ERROR]  Erreur scan YARA sur C:\Users\DELL LATITUDE 5420\OneDrive\Images\Pictures\Screenshots\Capture d'écran 2025-05-20 150906.png : could not open file "C:\Users\DELL LATITUDE 5420\OneDrive\Images\Pictures\Screenshots\Capture d'écran 2025-05-20 150906.png"
2026-08-07 19:26:41 [WARNING] MENACE : None → Capture d'écran 2025-05-20 150906.png
2026-08-07 19:26:41 [ERROR]  Erreur scan YARA sur C:\Users\DELL LATITUDE 5420\OneDrive\Images\Pictures\Screenshots\Capture d'écran 2025-05-24 151542.png : could not open file "C:\Users\DELL LATITUDE 5420\OneDrive\Images\Pictures\Screenshots\Capture d'écran 2025-05-24 151542.png"
2026-08-07 19:26:41 [WARNING] MENACE : None → Capture d'écran 2025-05-24 151542.png
2026-08-07 19:26:41 [ERROR]  Erreur scan YARA sur C:\Users\DELL LATITUDE 5420\OneDrive\Images\Pictures\Screenshots\Capture d'écran 2025-06-02 142115.png : could not open file "C:\Users\DELL LATITUDE 5420\OneDrive\Images\Pictures\Screenshots\Capture d'écran 2025-06-02 142115.png"
2026-08-07 19:26:41 [WARNING] MENACE : None → Capture d'écran 2025-06-02 142115.png
2026-08-07 19:26:41 [ERROR]  Erreur scan YARA sur C:\Users\DELL LATITUDE 5420\OneDrive\Images\Pictures\Screenshots\Capture d'écran 2025-06-11 010944.png : could not open file "C:\Users\DELL LATITUDE 5420\OneDrive\Images\Pictures\Screenshots\Capture d'écran 2025-06-11 010944.png"
2026-08-07 19:26:41 [WARNING] MENACE : None → Capture d'écran 2025-06-11 010944.png
2026-08-07 19:26:41 [ERROR]  Erreur scan YARA sur C:\Users\DELL LATITUDE 5420\OneDrive\Images\Pictures\Screenshots\Capture d'écran 2025-06-11 024337.png : could not open file "C:\Users\DELL LATITUDE 5420\OneDrive\Images\Pictures\Screenshots\Capture d'écran 2025-06-11 024337.png"
2026-08-07 19:26:41 [WARNING] MENACE : None → Capture d'écran 2025-06-11 024337.png
2026-08-07 19:26:41 [ERROR]  Erreur scan YARA sur C:\Users\DELL LATITUDE 5420\OneDrive\Images\Pictures\Screenshots\Capture d'écran 2025-06-11 160347.png : could not open file "C:\Users\DELL LATITUDE 5420\OneDrive\Images\Pictures\Screenshots\Capture d'écran 2025-06-11 160347.png"
2026-08-07 19:26:41 [WARNING] MENACE : None → Capture d'écran 2025-06-11 160347.png
2026-08-07 19:26:41 [ERROR]  Erreur scan YARA sur C:\Users\DELL LATITUDE 5420\OneDrive\Images\Pictures\Screenshots\Capture d'écran 2025-06-13 012714.png : could not open file "C:\Users\DELL LATITUDE 5420\OneDrive\Images\Pictures\Screenshots\Capture d'écran 2025-06-13 012714.png"
2026-08-07 19:26:41 [WARNING] MENACE : None → Capture d'écran 2025-06-13 012714.png
2026-08-07 19:26:41 [ERROR]  Erreur scan YARA sur C:\Users\DELL LATITUDE 5420\OneDrive\Images\Pictures\Screenshots\Capture d'écran 2025-06-15 172510.png : could not open file "C:\Users\DELL LATITUDE 5420\OneDrive\Images\Pictures\Screenshots\Capture d'écran 2025-06-15 172510.png"
2026-08-07 19:26:41 [WARNING] MENACE : None → Capture d'écran 2025-06-15 172510.png
2026-08-07 19:26:41 [ERROR]  Erreur scan YARA sur C:\Users\DELL LATITUDE 5420\OneDrive\Images\Pictures\Screenshots\Capture d'écran 2025-06-15 190649.png : could not open file "C:\Users\DELL LATITUDE 5420\OneDrive\Images\Pictures\Screenshots\Capture d'écran 2025-06-15 190649.png"
2026-08-07 19:26:41 [WARNING] MENACE : None → Capture d'écran 2025-06-15 190649.png
2026-08-07 19:26:41 [ERROR]  Erreur scan YARA sur C:\Users\DELL LATITUDE 5420\OneDrive\Images\Pictures\Screenshots\Capture d'écran 2025-06-15 190659.png : could not open file "C:\Users\DELL LATITUDE 5420\OneDrive\Images\Pictures\Screenshots\Capture d'écran 2025-06-15 190659.png"
2026-08-07 19:26:41 [WARNING] MENACE : None → Capture d'écran 2025-06-15 190659.png
2026-08-07 19:26:41 [ERROR]  Erreur scan YARA sur C:\Users\DELL LATITUDE 5420\OneDrive\Images\Pictures\Screenshots\Capture d'écran 2025-06-21 031843.png : could not open file "C:\Users\DELL LATITUDE 5420\OneDrive\Images\Pictures\Screenshots\Capture d'écran 2025-06-21 031843.png"
2026-08-07 19:26:41 [WARNING] MENACE : None → Capture d'écran 2025-06-21 031843.png
2026-08-07 19:26:41 [ERROR]  Erreur scan YARA sur C:\Users\DELL LATITUDE 5420\OneDrive\Images\Pictures\Screenshots\Capture d'écran 2025-06-22 124204.png : could not open file "C:\Users\DELL LATITUDE 5420\OneDrive\Images\Pictures\Screenshots\Capture d'écran 2025-06-22 124204.png"
2026-08-07 19:26:41 [WARNING] MENACE : None → Capture d'écran 2025-06-22 124204.png
2026-08-07 19:26:41 [ERROR]  Erreur scan YARA sur C:\Users\DELL LATITUDE 5420\OneDrive\Images\Pictures\Screenshots\Capture d'écran 2025-06-22 171723.png : could not open file "C:\Users\DELL LATITUDE 5420\OneDrive\Images\Pictures\Screenshots\Capture d'écran 2025-06-22 171723.png"
2026-08-07 19:26:41 [WARNING] MENACE : None → Capture d'écran 2025-06-22 171723.png
2026-08-07 19:26:41 [ERROR]  Erreur scan YARA sur C:\Users\DELL LATITUDE 5420\OneDrive\Images\Pictures\Screenshots\Capture d'écran 2025-06-22 200802.png : could not open file "C:\Users\DELL LATITUDE 5420\OneDrive\Images\Pictures\Screenshots\Capture d'écran 2025-06-22 200802.png"
2026-08-07 19:26:41 [WARNING] MENACE : None → Capture d'écran 2025-06-22 200802.png
2026-08-07 19:26:41 [ERROR]  Erreur scan YARA sur C:\Users\DELL LATITUDE 5420\OneDrive\Images\Pictures\Screenshots\Capture d'écran 2025-06-26 172501.png : could not open file "C:\Users\DELL LATITUDE 5420\OneDrive\Images\Pictures\Screenshots\Capture d'écran 2025-06-26 172501.png"
2026-08-07 19:26:41 [WARNING] MENACE : None → Capture d'écran 2025-06-26 172501.png
2026-08-07 19:26:41 [ERROR]  Erreur scan YARA sur C:\Users\DELL LATITUDE 5420\OneDrive\Images\Pictures\Screenshots\Capture d'écran 2025-06-29 183358.png : could not open file "C:\Users\DELL LATITUDE 5420\OneDrive\Images\Pictures\Screenshots\Capture d'écran 2025-06-29 183358.png"
2026-08-07 19:26:41 [WARNING] MENACE : None → Capture d'écran 2025-06-29 183358.png
2026-08-07 19:26:41 [ERROR]  Erreur scan YARA sur C:\Users\DELL LATITUDE 5420\OneDrive\Images\Pictures\Screenshots\Capture d'écran 2025-07-02 000412.png : could not open file "C:\Users\DELL LATITUDE 5420\OneDrive\Images\Pictures\Screenshots\Capture d'écran 2025-07-02 000412.png"
2026-08-07 19:26:41 [WARNING] MENACE : None → Capture d'écran 2025-07-02 000412.png
2026-08-07 19:26:42 [ERROR]  Erreur scan YARA sur C:\Users\DELL LATITUDE 5420\OneDrive\Images\Pictures\Screenshots\Capture d'écran 2025-07-02 034754.png : could not open file "C:\Users\DELL LATITUDE 5420\OneDrive\Images\Pictures\Screenshots\Capture d'écran 2025-07-02 034754.png"
2026-08-07 19:26:42 [WARNING] MENACE : None → Capture d'écran 2025-07-02 034754.png
2026-08-07 19:26:42 [ERROR]  Erreur scan YARA sur C:\Users\DELL LATITUDE 5420\OneDrive\Images\Pictures\Screenshots\Capture d'écran 2025-07-06 185214.png : could not open file "C:\Users\DELL LATITUDE 5420\OneDrive\Images\Pictures\Screenshots\Capture d'écran 2025-07-06 185214.png"
2026-08-07 19:26:42 [WARNING] MENACE : None → Capture d'écran 2025-07-06 185214.png
2026-08-07 19:26:42 [ERROR]  Erreur scan YARA sur C:\Users\DELL LATITUDE 5420\OneDrive\Images\Pictures\Screenshots\Capture d'écran 2025-07-07 213303.png : could not open file "C:\Users\DELL LATITUDE 5420\OneDrive\Images\Pictures\Screenshots\Capture d'écran 2025-07-07 213303.png"
2026-08-07 19:26:42 [WARNING] MENACE : None → Capture d'écran 2025-07-07 213303.png
2026-08-07 19:26:42 [ERROR]  Erreur scan YARA sur C:\Users\DELL LATITUDE 5420\OneDrive\Images\Pictures\Screenshots\Capture d'écran 2025-07-07 213313.png : could not open file "C:\Users\DELL LATITUDE 5420\OneDrive\Images\Pictures\Screenshots\Capture d'écran 2025-07-07 213313.png"
2026-08-07 19:26:42 [WARNING] MENACE : None → Capture d'écran 2025-07-07 213313.png
2026-08-07 19:26:42 [ERROR]  Erreur scan YARA sur C:\Users\DELL LATITUDE 5420\OneDrive\Images\Pictures\Screenshots\Capture d'écran 2025-07-07 213326.png : could not open file "C:\Users\DELL LATITUDE 5420\OneDrive\Images\Pictures\Screenshots\Capture d'écran 2025-07-07 213326.png"
2026-08-07 19:26:42 [WARNING] MENACE : None → Capture d'écran 2025-07-07 213326.png
2026-08-07 19:26:42 [ERROR]  Erreur scan YARA sur C:\Users\DELL LATITUDE 5420\OneDrive\Images\Pictures\Screenshots\Capture d'écran 2025-07-07 213338.png : could not open file "C:\Users\DELL LATITUDE 5420\OneDrive\Images\Pictures\Screenshots\Capture d'écran 2025-07-07 213338.png"
2026-08-07 19:26:42 [WARNING] MENACE : None → Capture d'écran 2025-07-07 213338.png
2026-08-07 19:26:42 [ERROR]  Erreur scan YARA sur C:\Users\DELL LATITUDE 5420\OneDrive\Images\Pictures\Screenshots\Capture d'écran 2025-07-07 213347.png : could not open file "C:\Users\DELL LATITUDE 5420\OneDrive\Images\Pictures\Screenshots\Capture d'écran 2025-07-07 213347.png"
2026-08-07 19:26:42 [WARNING] MENACE : None → Capture d'écran 2025-07-07 213347.png
2026-08-07 19:26:42 [ERROR]  Erreur scan YARA sur C:\Users\DELL LATITUDE 5420\OneDrive\Images\Pictures\Screenshots\Capture d'écran 2025-07-31 211857.png : could not open file "C:\Users\DELL LATITUDE 5420\OneDrive\Images\Pictures\Screenshots\Capture d'écran 2025-07-31 211857.png"
2026-08-07 19:26:42 [WARNING] MENACE : None → Capture d'écran 2025-07-31 211857.png
2026-08-07 19:26:42 [ERROR]  Erreur scan YARA sur C:\Users\DELL LATITUDE 5420\OneDrive\Images\Pictures\Screenshots\Capture d'écran 2025-08-15 043105.png : could not open file "C:\Users\DELL LATITUDE 5420\OneDrive\Images\Pictures\Screenshots\Capture d'écran 2025-08-15 043105.png"
2026-08-07 19:26:42 [WARNING] MENACE : None → Capture d'écran 2025-08-15 043105.png
2026-08-07 19:26:42 [ERROR]  Erreur scan YARA sur C:\Users\DELL LATITUDE 5420\OneDrive\Images\Pictures\Screenshots\Capture d'écran 2025-08-17 153750.png : could not open file "C:\Users\DELL LATITUDE 5420\OneDrive\Images\Pictures\Screenshots\Capture d'écran 2025-08-17 153750.png"
2026-08-07 19:26:42 [WARNING] MENACE : None → Capture d'écran 2025-08-17 153750.png
2026-08-07 19:26:42 [ERROR]  Erreur scan YARA sur C:\Users\DELL LATITUDE 5420\OneDrive\Images\Pictures\Screenshots\Capture d'écran 2025-08-17 154227.png : could not open file "C:\Users\DELL LATITUDE 5420\OneDrive\Images\Pictures\Screenshots\Capture d'écran 2025-08-17 154227.png"
2026-08-07 19:26:42 [WARNING] MENACE : None → Capture d'écran 2025-08-17 154227.png
2026-08-07 19:26:42 [ERROR]  Erreur scan YARA sur C:\Users\DELL LATITUDE 5420\OneDrive\Images\Pictures\Screenshots\Capture d'écran 2025-08-17 205042.png : could not open file "C:\Users\DELL LATITUDE 5420\OneDrive\Images\Pictures\Screenshots\Capture d'écran 2025-08-17 205042.png"
2026-08-07 19:26:42 [WARNING] MENACE : None → Capture d'écran 2025-08-17 205042.png
2026-08-07 19:26:42 [ERROR]  Erreur scan YARA sur C:\Users\DELL LATITUDE 5420\OneDrive\Images\Pictures\Screenshots\Capture d'écran 2025-08-18 173840.png : could not open file "C:\Users\DELL LATITUDE 5420\OneDrive\Images\Pictures\Screenshots\Capture d'écran 2025-08-18 173840.png"
2026-08-07 19:26:42 [WARNING] MENACE : None → Capture d'écran 2025-08-18 173840.png
2026-08-07 19:26:42 [ERROR]  Erreur scan YARA sur C:\Users\DELL LATITUDE 5420\OneDrive\Images\Pictures\Screenshots\Capture d'écran 2025-08-18 173914.png : could not open file "C:\Users\DELL LATITUDE 5420\OneDrive\Images\Pictures\Screenshots\Capture d'écran 2025-08-18 173914.png"
2026-08-07 19:26:42 [WARNING] MENACE : None → Capture d'écran 2025-08-18 173914.png
2026-08-07 19:26:42 [ERROR]  Erreur scan YARA sur C:\Users\DELL LATITUDE 5420\OneDrive\Images\Pictures\Screenshots\Capture d'écran 2025-08-18 173929.png : could not open file "C:\Users\DELL LATITUDE 5420\OneDrive\Images\Pictures\Screenshots\Capture d'écran 2025-08-18 173929.png"
2026-08-07 19:26:42 [WARNING] MENACE : None → Capture d'écran 2025-08-18 173929.png
2026-08-07 19:26:42 [ERROR]  Erreur scan YARA sur C:\Users\DELL LATITUDE 5420\OneDrive\Images\Pictures\Screenshots\Capture d'écran 2025-08-18 173941.png : could not open file "C:\Users\DELL LATITUDE 5420\OneDrive\Images\Pictures\Screenshots\Capture d'écran 2025-08-18 173941.png"
2026-08-07 19:26:42 [WARNING] MENACE : None → Capture d'écran 2025-08-18 173941.png
2026-08-07 19:26:42 [ERROR]  Erreur scan YARA sur C:\Users\DELL LATITUDE 5420\OneDrive\Images\Pictures\Screenshots\Capture d'écran 2025-08-18 173947.png : could not open file "C:\Users\DELL LATITUDE 5420\OneDrive\Images\Pictures\Screenshots\Capture d'écran 2025-08-18 173947.png"
2026-08-07 19:26:42 [WARNING] MENACE : None → Capture d'écran 2025-08-18 173947.png
2026-08-07 19:26:42 [ERROR]  Erreur scan YARA sur C:\Users\DELL LATITUDE 5420\OneDrive\Images\Pictures\Screenshots\Capture d'écran 2025-09-03 124426.png : could not open file "C:\Users\DELL LATITUDE 5420\OneDrive\Images\Pictures\Screenshots\Capture d'écran 2025-09-03 124426.png"
2026-08-07 19:26:42 [WARNING] MENACE : None → Capture d'écran 2025-09-03 124426.png
2026-08-07 19:26:42 [ERROR]  Erreur scan YARA sur C:\Users\DELL LATITUDE 5420\OneDrive\Images\Pictures\Screenshots\Capture d'écran 2025-09-03 223748.png : could not open file "C:\Users\DELL LATITUDE 5420\OneDrive\Images\Pictures\Screenshots\Capture d'écran 2025-09-03 223748.png"
2026-08-07 19:26:42 [WARNING] MENACE : None → Capture d'écran 2025-09-03 223748.png
2026-08-07 19:26:42 [ERROR]  Erreur scan YARA sur C:\Users\DELL LATITUDE 5420\OneDrive\Images\Pictures\Screenshots\Capture d'écran 2025-09-03 223759.png : could not open file "C:\Users\DELL LATITUDE 5420\OneDrive\Images\Pictures\Screenshots\Capture d'écran 2025-09-03 223759.png"
2026-08-07 19:26:42 [WARNING] MENACE : None → Capture d'écran 2025-09-03 223759.png
2026-08-07 19:26:42 [ERROR]  Erreur scan YARA sur C:\Users\DELL LATITUDE 5420\OneDrive\Images\Pictures\Screenshots\Capture d'écran 2025-09-03 223806.png : could not open file "C:\Users\DELL LATITUDE 5420\OneDrive\Images\Pictures\Screenshots\Capture d'écran 2025-09-03 223806.png"
2026-08-07 19:26:42 [WARNING] MENACE : None → Capture d'écran 2025-09-03 223806.png
2026-08-07 19:26:42 [ERROR]  Erreur scan YARA sur C:\Users\DELL LATITUDE 5420\OneDrive\Images\Pictures\Screenshots\Capture d'écran 2025-09-03 223820.png : could not open file "C:\Users\DELL LATITUDE 5420\OneDrive\Images\Pictures\Screenshots\Capture d'écran 2025-09-03 223820.png"
2026-08-07 19:26:42 [WARNING] MENACE : None → Capture d'écran 2025-09-03 223820.png
2026-08-07 19:26:42 [ERROR]  Erreur scan YARA sur C:\Users\DELL LATITUDE 5420\OneDrive\Images\Pictures\Screenshots\Capture d'écran 2025-09-03 223831.png : could not open file "C:\Users\DELL LATITUDE 5420\OneDrive\Images\Pictures\Screenshots\Capture d'écran 2025-09-03 223831.png"
2026-08-07 19:26:42 [WARNING] MENACE : None → Capture d'écran 2025-09-03 223831.png
2026-08-07 19:26:43 [ERROR]  Erreur scan YARA sur C:\Users\DELL LATITUDE 5420\OneDrive\Images\Pictures\Screenshots\Capture d'écran 2025-09-03 223836.png : could not open file "C:\Users\DELL LATITUDE 5420\OneDrive\Images\Pictures\Screenshots\Capture d'écran 2025-09-03 223836.png"
2026-08-07 19:26:43 [WARNING] MENACE : None → Capture d'écran 2025-09-03 223836.png
2026-08-07 19:26:43 [ERROR]  Erreur scan YARA sur C:\Users\DELL LATITUDE 5420\OneDrive\Images\Pictures\Screenshots\Capture d'écran 2025-09-03 225057.png : could not open file "C:\Users\DELL LATITUDE 5420\OneDrive\Images\Pictures\Screenshots\Capture d'écran 2025-09-03 225057.png"
2026-08-07 19:26:43 [WARNING] MENACE : None → Capture d'écran 2025-09-03 225057.png
2026-08-07 19:26:43 [ERROR]  Erreur scan YARA sur C:\Users\DELL LATITUDE 5420\OneDrive\Images\Pictures\Screenshots\Capture d'écran 2025-09-03 225105.png : could not open file "C:\Users\DELL LATITUDE 5420\OneDrive\Images\Pictures\Screenshots\Capture d'écran 2025-09-03 225105.png"
2026-08-07 19:26:43 [WARNING] MENACE : None → Capture d'écran 2025-09-03 225105.png
2026-08-07 19:26:43 [ERROR]  Erreur scan YARA sur C:\Users\DELL LATITUDE 5420\OneDrive\Images\Pictures\Screenshots\Capture d'écran 2025-09-03 225121.png : could not open file "C:\Users\DELL LATITUDE 5420\OneDrive\Images\Pictures\Screenshots\Capture d'écran 2025-09-03 225121.png"
2026-08-07 19:26:43 [WARNING] MENACE : None → Capture d'écran 2025-09-03 225121.png
2026-08-07 19:26:43 [ERROR]  Erreur scan YARA sur C:\Users\DELL LATITUDE 5420\OneDrive\Images\Pictures\Screenshots\Capture d'écran 2025-09-03 225136.png : could not open file "C:\Users\DELL LATITUDE 5420\OneDrive\Images\Pictures\Screenshots\Capture d'écran 2025-09-03 225136.png"
2026-08-07 19:26:43 [WARNING] MENACE : None → Capture d'écran 2025-09-03 225136.png
2026-08-07 19:26:43 [ERROR]  Erreur scan YARA sur C:\Users\DELL LATITUDE 5420\OneDrive\Images\Pictures\Screenshots\Capture d'écran 2025-09-03 225147.png : could not open file "C:\Users\DELL LATITUDE 5420\OneDrive\Images\Pictures\Screenshots\Capture d'écran 2025-09-03 225147.png"
2026-08-07 19:26:43 [WARNING] MENACE : None → Capture d'écran 2025-09-03 225147.png
2026-08-07 19:26:43 [ERROR]  Erreur scan YARA sur C:\Users\DELL LATITUDE 5420\OneDrive\Images\Pictures\Screenshots\Capture d'écran 2025-09-06 115457.png : could not open file "C:\Users\DELL LATITUDE 5420\OneDrive\Images\Pictures\Screenshots\Capture d'écran 2025-09-06 115457.png"
2026-08-07 19:26:43 [WARNING] MENACE : None → Capture d'écran 2025-09-06 115457.png
2026-08-07 19:26:43 [ERROR]  Erreur scan YARA sur C:\Users\DELL LATITUDE 5420\OneDrive\Images\Pictures\Screenshots\Capture d'écran 2025-09-12 013838.png : could not open file "C:\Users\DELL LATITUDE 5420\OneDrive\Images\Pictures\Screenshots\Capture d'écran 2025-09-12 013838.png"
2026-08-07 19:26:43 [WARNING] MENACE : None → Capture d'écran 2025-09-12 013838.png
2026-08-07 19:26:43 [ERROR]  Erreur scan YARA sur C:\Users\DELL LATITUDE 5420\OneDrive\Images\Pictures\Screenshots\Capture d'écran 2025-09-12 014351.png : could not open file "C:\Users\DELL LATITUDE 5420\OneDrive\Images\Pictures\Screenshots\Capture d'écran 2025-09-12 014351.png"
2026-08-07 19:26:43 [WARNING] MENACE : None → Capture d'écran 2025-09-12 014351.png
2026-08-07 19:26:43 [ERROR]  Erreur scan YARA sur C:\Users\DELL LATITUDE 5420\OneDrive\Images\Pictures\Screenshots\Capture d'écran 2025-09-20 215624.png : could not open file "C:\Users\DELL LATITUDE 5420\OneDrive\Images\Pictures\Screenshots\Capture d'écran 2025-09-20 215624.png"
2026-08-07 19:26:43 [WARNING] MENACE : None → Capture d'écran 2025-09-20 215624.png
2026-08-07 19:26:43 [ERROR]  Erreur scan YARA sur C:\Users\DELL LATITUDE 5420\OneDrive\Images\Pictures\Screenshots\Capture d'écran 2025-09-20 215714.png : could not open file "C:\Users\DELL LATITUDE 5420\OneDrive\Images\Pictures\Screenshots\Capture d'écran 2025-09-20 215714.png"
2026-08-07 19:26:43 [WARNING] MENACE : None → Capture d'écran 2025-09-20 215714.png
2026-08-07 19:26:43 [ERROR]  Erreur scan YARA sur C:\Users\DELL LATITUDE 5420\OneDrive\Images\Pictures\Screenshots\Capture d'écran 2025-09-27 224442.png : could not open file "C:\Users\DELL LATITUDE 5420\OneDrive\Images\Pictures\Screenshots\Capture d'écran 2025-09-27 224442.png"
2026-08-07 19:26:43 [WARNING] MENACE : None → Capture d'écran 2025-09-27 224442.png
2026-08-07 19:26:43 [ERROR]  Erreur scan YARA sur C:\Users\DELL LATITUDE 5420\OneDrive\Images\Pictures\Screenshots\Capture d'écran 2025-09-27 224455.png : could not open file "C:\Users\DELL LATITUDE 5420\OneDrive\Images\Pictures\Screenshots\Capture d'écran 2025-09-27 224455.png"
2026-08-07 19:26:43 [WARNING] MENACE : None → Capture d'écran 2025-09-27 224455.png
2026-08-07 19:26:43 [ERROR]  Erreur scan YARA sur C:\Users\DELL LATITUDE 5420\OneDrive\Images\Pictures\Screenshots\Capture d'écran 2025-09-28 000207.png : could not open file "C:\Users\DELL LATITUDE 5420\OneDrive\Images\Pictures\Screenshots\Capture d'écran 2025-09-28 000207.png"
2026-08-07 19:26:43 [WARNING] MENACE : None → Capture d'écran 2025-09-28 000207.png
2026-08-07 19:26:43 [ERROR]  Erreur scan YARA sur C:\Users\DELL LATITUDE 5420\OneDrive\Images\Pictures\Screenshots\Capture d'écran 2025-10-04 112410.png : could not open file "C:\Users\DELL LATITUDE 5420\OneDrive\Images\Pictures\Screenshots\Capture d'écran 2025-10-04 112410.png"
2026-08-07 19:26:43 [WARNING] MENACE : None → Capture d'écran 2025-10-04 112410.png
2026-08-07 19:26:43 [ERROR]  Erreur scan YARA sur C:\Users\DELL LATITUDE 5420\OneDrive\Images\Pictures\Screenshots\Capture d'écran 2025-10-04 113622.png : could not open file "C:\Users\DELL LATITUDE 5420\OneDrive\Images\Pictures\Screenshots\Capture d'écran 2025-10-04 113622.png"
2026-08-07 19:26:43 [WARNING] MENACE : None → Capture d'écran 2025-10-04 113622.png
2026-08-07 19:26:43 [ERROR]  Erreur scan YARA sur C:\Users\DELL LATITUDE 5420\OneDrive\Images\Pictures\Screenshots\Capture d'écran 2025-10-05 181139.png : could not open file "C:\Users\DELL LATITUDE 5420\OneDrive\Images\Pictures\Screenshots\Capture d'écran 2025-10-05 181139.png"
2026-08-07 19:26:43 [WARNING] MENACE : None → Capture d'écran 2025-10-05 181139.png
2026-08-07 19:26:43 [ERROR]  Erreur scan YARA sur C:\Users\DELL LATITUDE 5420\OneDrive\Images\Pictures\Screenshots\Capture d'écran 2025-10-08 163716.png : could not open file "C:\Users\DELL LATITUDE 5420\OneDrive\Images\Pictures\Screenshots\Capture d'écran 2025-10-08 163716.png"
2026-08-07 19:26:43 [WARNING] MENACE : None → Capture d'écran 2025-10-08 163716.png
2026-08-07 19:26:43 [ERROR]  Erreur scan YARA sur C:\Users\DELL LATITUDE 5420\OneDrive\Images\Pictures\Screenshots\Capture d'écran 2025-10-08 163723.png : could not open file "C:\Users\DELL LATITUDE 5420\OneDrive\Images\Pictures\Screenshots\Capture d'écran 2025-10-08 163723.png"
2026-08-07 19:26:43 [WARNING] MENACE : None → Capture d'écran 2025-10-08 163723.png
2026-08-07 19:26:43 [ERROR]  Erreur scan YARA sur C:\Users\DELL LATITUDE 5420\OneDrive\Images\Pictures\Screenshots\Capture d'écran 2025-10-10 095836.png : could not open file "C:\Users\DELL LATITUDE 5420\OneDrive\Images\Pictures\Screenshots\Capture d'écran 2025-10-10 095836.png"
2026-08-07 19:26:43 [WARNING] MENACE : None → Capture d'écran 2025-10-10 095836.png
2026-08-07 19:26:43 [ERROR]  Erreur scan YARA sur C:\Users\DELL LATITUDE 5420\OneDrive\Images\Pictures\Screenshots\Capture d'écran 2025-10-10 101917.png : could not open file "C:\Users\DELL LATITUDE 5420\OneDrive\Images\Pictures\Screenshots\Capture d'écran 2025-10-10 101917.png"
2026-08-07 19:26:43 [WARNING] MENACE : None → Capture d'écran 2025-10-10 101917.png
2026-08-07 19:26:43 [ERROR]  Erreur scan YARA sur C:\Users\DELL LATITUDE 5420\OneDrive\Images\Pictures\Screenshots\Capture d'écran 2025-10-10 102050.png : could not open file "C:\Users\DELL LATITUDE 5420\OneDrive\Images\Pictures\Screenshots\Capture d'écran 2025-10-10 102050.png"
2026-08-07 19:26:43 [WARNING] MENACE : None → Capture d'écran 2025-10-10 102050.png
2026-08-07 19:26:43 [ERROR]  Erreur scan YARA sur C:\Users\DELL LATITUDE 5420\OneDrive\Images\Pictures\Screenshots\Capture d'écran 2025-10-17 202129.png : could not open file "C:\Users\DELL LATITUDE 5420\OneDrive\Images\Pictures\Screenshots\Capture d'écran 2025-10-17 202129.png"
2026-08-07 19:26:43 [WARNING] MENACE : None → Capture d'écran 2025-10-17 202129.png
2026-08-07 19:26:43 [ERROR]  Erreur scan YARA sur C:\Users\DELL LATITUDE 5420\OneDrive\Images\Pictures\Screenshots\Capture d'écran 2025-10-17 203016.png : could not open file "C:\Users\DELL LATITUDE 5420\OneDrive\Images\Pictures\Screenshots\Capture d'écran 2025-10-17 203016.png"
2026-08-07 19:26:43 [WARNING] MENACE : None → Capture d'écran 2025-10-17 203016.png
2026-08-07 19:26:43 [ERROR]  Erreur scan YARA sur C:\Users\DELL LATITUDE 5420\OneDrive\Images\Pictures\Screenshots\Capture d'écran 2025-10-18 181927.png : could not open file "C:\Users\DELL LATITUDE 5420\OneDrive\Images\Pictures\Screenshots\Capture d'écran 2025-10-18 181927.png"
2026-08-07 19:26:43 [WARNING] MENACE : None → Capture d'écran 2025-10-18 181927.png
2026-08-07 19:26:43 [ERROR]  Erreur scan YARA sur C:\Users\DELL LATITUDE 5420\OneDrive\Images\Pictures\Screenshots\Capture d'écran 2025-10-21 092510.png : could not open file "C:\Users\DELL LATITUDE 5420\OneDrive\Images\Pictures\Screenshots\Capture d'écran 2025-10-21 092510.png"
2026-08-07 19:26:43 [WARNING] MENACE : None → Capture d'écran 2025-10-21 092510.png
2026-08-07 19:26:43 [ERROR]  Erreur scan YARA sur C:\Users\DELL LATITUDE 5420\OneDrive\Images\Pictures\Screenshots\Capture d'écran 2025-10-22 133156.png : could not open file "C:\Users\DELL LATITUDE 5420\OneDrive\Images\Pictures\Screenshots\Capture d'écran 2025-10-22 133156.png"
2026-08-07 19:26:43 [WARNING] MENACE : None → Capture d'écran 2025-10-22 133156.png
2026-08-07 19:26:43 [ERROR]  Erreur scan YARA sur C:\Users\DELL LATITUDE 5420\OneDrive\Images\Pictures\Screenshots\Capture d'écran 2025-10-22 133230.png : could not open file "C:\Users\DELL LATITUDE 5420\OneDrive\Images\Pictures\Screenshots\Capture d'écran 2025-10-22 133230.png"
2026-08-07 19:26:43 [WARNING] MENACE : None → Capture d'écran 2025-10-22 133230.png
2026-08-07 19:26:43 [ERROR]  Erreur scan YARA sur C:\Users\DELL LATITUDE 5420\OneDrive\Images\Pictures\Screenshots\Capture d'écran 2025-10-24 114327.png : could not open file "C:\Users\DELL LATITUDE 5420\OneDrive\Images\Pictures\Screenshots\Capture d'écran 2025-10-24 114327.png"
2026-08-07 19:26:43 [WARNING] MENACE : None → Capture d'écran 2025-10-24 114327.png
2026-08-07 19:26:43 [ERROR]  Erreur scan YARA sur C:\Users\DELL LATITUDE 5420\OneDrive\Images\Pictures\Screenshots\Capture d'écran 2025-10-24 184656.png : could not open file "C:\Users\DELL LATITUDE 5420\OneDrive\Images\Pictures\Screenshots\Capture d'écran 2025-10-24 184656.png"
2026-08-07 19:26:43 [WARNING] MENACE : None → Capture d'écran 2025-10-24 184656.png
2026-08-07 19:26:43 [ERROR]  Erreur scan YARA sur C:\Users\DELL LATITUDE 5420\OneDrive\Images\Pictures\Screenshots\Capture d'écran 2025-10-25 131942.png : could not open file "C:\Users\DELL LATITUDE 5420\OneDrive\Images\Pictures\Screenshots\Capture d'écran 2025-10-25 131942.png"
2026-08-07 19:26:43 [WARNING] MENACE : None → Capture d'écran 2025-10-25 131942.png
2026-08-07 19:26:43 [ERROR]  Erreur scan YARA sur C:\Users\DELL LATITUDE 5420\OneDrive\Images\Pictures\Screenshots\Capture d'écran 2025-10-25 131950.png : could not open file "C:\Users\DELL LATITUDE 5420\OneDrive\Images\Pictures\Screenshots\Capture d'écran 2025-10-25 131950.png"
2026-08-07 19:26:43 [WARNING] MENACE : None → Capture d'écran 2025-10-25 131950.png
2026-08-07 19:26:43 [ERROR]  Erreur scan YARA sur C:\Users\DELL LATITUDE 5420\OneDrive\Images\Pictures\Screenshots\Capture d'écran 2025-10-25 202759.png : could not open file "C:\Users\DELL LATITUDE 5420\OneDrive\Images\Pictures\Screenshots\Capture d'écran 2025-10-25 202759.png"
2026-08-07 19:26:43 [WARNING] MENACE : None → Capture d'écran 2025-10-25 202759.png
2026-08-07 19:26:43 [ERROR]  Erreur scan YARA sur C:\Users\DELL LATITUDE 5420\OneDrive\Images\Pictures\Screenshots\Capture d'écran 2025-10-25 202817.png : could not open file "C:\Users\DELL LATITUDE 5420\OneDrive\Images\Pictures\Screenshots\Capture d'écran 2025-10-25 202817.png"
2026-08-07 19:26:43 [WARNING] MENACE : None → Capture d'écran 2025-10-25 202817.png
2026-08-07 19:26:43 [ERROR]  Erreur scan YARA sur C:\Users\DELL LATITUDE 5420\OneDrive\Images\Pictures\Screenshots\Capture d'écran 2025-10-25 202851.png : could not open file "C:\Users\DELL LATITUDE 5420\OneDrive\Images\Pictures\Screenshots\Capture d'écran 2025-10-25 202851.png"
2026-08-07 19:26:43 [WARNING] MENACE : None → Capture d'écran 2025-10-25 202851.png
2026-08-07 19:26:43 [ERROR]  Erreur scan YARA sur C:\Users\DELL LATITUDE 5420\OneDrive\Images\Pictures\Screenshots\Capture d'écran 2025-10-25 202919.png : could not open file "C:\Users\DELL LATITUDE 5420\OneDrive\Images\Pictures\Screenshots\Capture d'écran 2025-10-25 202919.png"
2026-08-07 19:26:43 [WARNING] MENACE : None → Capture d'écran 2025-10-25 202919.png
2026-08-07 19:26:43 [ERROR]  Erreur scan YARA sur C:\Users\DELL LATITUDE 5420\OneDrive\Images\Pictures\Screenshots\Capture d'écran 2025-10-26 141114.png : could not open file "C:\Users\DELL LATITUDE 5420\OneDrive\Images\Pictures\Screenshots\Capture d'écran 2025-10-26 141114.png"
2026-08-07 19:26:43 [WARNING] MENACE : None → Capture d'écran 2025-10-26 141114.png
2026-08-07 19:26:43 [ERROR]  Erreur scan YARA sur C:\Users\DELL LATITUDE 5420\OneDrive\Images\Pictures\Screenshots\Capture d'écran 2025-10-26 141206.png : could not open file "C:\Users\DELL LATITUDE 5420\OneDrive\Images\Pictures\Screenshots\Capture d'écran 2025-10-26 141206.png"
2026-08-07 19:26:43 [WARNING] MENACE : None → Capture d'écran 2025-10-26 141206.png
2026-08-07 19:26:43 [ERROR]  Erreur scan YARA sur C:\Users\DELL LATITUDE 5420\OneDrive\Images\Pictures\Screenshots\Capture d'écran 2025-10-29 140928.png : could not open file "C:\Users\DELL LATITUDE 5420\OneDrive\Images\Pictures\Screenshots\Capture d'écran 2025-10-29 140928.png"
2026-08-07 19:26:43 [WARNING] MENACE : None → Capture d'écran 2025-10-29 140928.png
2026-08-07 19:26:43 [ERROR]  Erreur scan YARA sur C:\Users\DELL LATITUDE 5420\OneDrive\Images\Pictures\Screenshots\Capture d'écran 2025-10-29 140934.png : could not open file "C:\Users\DELL LATITUDE 5420\OneDrive\Images\Pictures\Screenshots\Capture d'écran 2025-10-29 140934.png"
2026-08-07 19:26:43 [WARNING] MENACE : None → Capture d'écran 2025-10-29 140934.png
2026-08-07 19:26:43 [ERROR]  Erreur scan YARA sur C:\Users\DELL LATITUDE 5420\OneDrive\Images\Pictures\Screenshots\Capture d'écran 2025-10-29 141041.png : could not open file "C:\Users\DELL LATITUDE 5420\OneDrive\Images\Pictures\Screenshots\Capture d'écran 2025-10-29 141041.png"
2026-08-07 19:26:43 [WARNING] MENACE : None → Capture d'écran 2025-10-29 141041.png
2026-08-07 19:26:44 [ERROR]  Erreur scan YARA sur C:\Users\DELL LATITUDE 5420\OneDrive\Images\Pictures\Screenshots\Capture d'écran 2025-10-29 141110.png : could not open file "C:\Users\DELL LATITUDE 5420\OneDrive\Images\Pictures\Screenshots\Capture d'écran 2025-10-29 141110.png"
2026-08-07 19:26:44 [WARNING] MENACE : None → Capture d'écran 2025-10-29 141110.png
2026-08-07 19:26:44 [ERROR]  Erreur scan YARA sur C:\Users\DELL LATITUDE 5420\OneDrive\Images\Pictures\Screenshots\Capture d'écran 2025-10-30 225853.png : could not open file "C:\Users\DELL LATITUDE 5420\OneDrive\Images\Pictures\Screenshots\Capture d'écran 2025-10-30 225853.png"
2026-08-07 19:26:44 [WARNING] MENACE : None → Capture d'écran 2025-10-30 225853.png
2026-08-07 19:26:44 [ERROR]  Erreur scan YARA sur C:\Users\DELL LATITUDE 5420\OneDrive\Images\Pictures\Screenshots\Capture d'écran 2025-10-30 230321.png : could not open file "C:\Users\DELL LATITUDE 5420\OneDrive\Images\Pictures\Screenshots\Capture d'écran 2025-10-30 230321.png"
2026-08-07 19:26:44 [WARNING] MENACE : None → Capture d'écran 2025-10-30 230321.png
2026-08-07 19:26:44 [ERROR]  Erreur scan YARA sur C:\Users\DELL LATITUDE 5420\OneDrive\Images\Pictures\Screenshots\Capture d'écran 2025-10-31 101034.png : could not open file "C:\Users\DELL LATITUDE 5420\OneDrive\Images\Pictures\Screenshots\Capture d'écran 2025-10-31 101034.png"
2026-08-07 19:26:44 [WARNING] MENACE : None → Capture d'écran 2025-10-31 101034.png
2026-08-07 19:26:44 [ERROR]  Erreur scan YARA sur C:\Users\DELL LATITUDE 5420\OneDrive\Images\Pictures\Screenshots\Capture d'écran 2025-10-31 101639.png : could not open file "C:\Users\DELL LATITUDE 5420\OneDrive\Images\Pictures\Screenshots\Capture d'écran 2025-10-31 101639.png"
2026-08-07 19:26:44 [WARNING] MENACE : None → Capture d'écran 2025-10-31 101639.png
2026-08-07 19:26:44 [ERROR]  Erreur scan YARA sur C:\Users\DELL LATITUDE 5420\OneDrive\Images\Pictures\Screenshots\Capture d'écran 2025-10-31 221929.png : could not open file "C:\Users\DELL LATITUDE 5420\OneDrive\Images\Pictures\Screenshots\Capture d'écran 2025-10-31 221929.png"
2026-08-07 19:26:44 [WARNING] MENACE : None → Capture d'écran 2025-10-31 221929.png
2026-08-07 19:26:44 [ERROR]  Erreur scan YARA sur C:\Users\DELL LATITUDE 5420\OneDrive\Images\Pictures\Screenshots\Capture d'écran 2025-11-01 000105.png : could not open file "C:\Users\DELL LATITUDE 5420\OneDrive\Images\Pictures\Screenshots\Capture d'écran 2025-11-01 000105.png"
2026-08-07 19:26:44 [WARNING] MENACE : None → Capture d'écran 2025-11-01 000105.png
2026-08-07 19:26:44 [ERROR]  Erreur scan YARA sur C:\Users\DELL LATITUDE 5420\OneDrive\Images\Pictures\Screenshots\Capture d'écran 2025-11-01 004106.png : could not open file "C:\Users\DELL LATITUDE 5420\OneDrive\Images\Pictures\Screenshots\Capture d'écran 2025-11-01 004106.png"
2026-08-07 19:26:44 [ERROR]  Erreur scan YARA sur C:\Users\DELL LATITUDE 5420\OneDrive\Images\Pictures\Screenshots\Capture d'écran 2025-11-01 004249.png : could not open file "C:\Users\DELL LATITUDE 5420\OneDrive\Images\Pictures\Screenshots\Capture d'écran 2025-11-01 004249.png"
2026-08-07 19:26:44 [ERROR]  Erreur scan YARA sur C:\Users\DELL LATITUDE 5420\OneDrive\Images\Pictures\Screenshots\Capture d'écran 2025-11-01 010608.png : could not open file "C:\Users\DELL LATITUDE 5420\OneDrive\Images\Pictures\Screenshots\Capture d'écran 2025-11-01 010608.png"
2026-08-07 19:26:44 [ERROR]  Erreur scan YARA sur C:\Users\DELL LATITUDE 5420\OneDrive\Images\Pictures\Screenshots\Capture d'écran 2025-11-01 010621.png : could not open file "C:\Users\DELL LATITUDE 5420\OneDrive\Images\Pictures\Screenshots\Capture d'écran 2025-11-01 010621.png"
2026-08-07 19:26:44 [ERROR]  Erreur scan YARA sur C:\Users\DELL LATITUDE 5420\OneDrive\Images\Pictures\Screenshots\Capture d'écran 2025-11-01 011004.png : could not open file "C:\Users\DELL LATITUDE 5420\OneDrive\Images\Pictures\Screenshots\Capture d'écran 2025-11-01 011004.png"
2026-08-07 19:26:44 [ERROR]  Erreur scan YARA sur C:\Users\DELL LATITUDE 5420\OneDrive\Images\Pictures\Screenshots\Capture d'écran 2025-11-01 150008.png : could not open file "C:\Users\DELL LATITUDE 5420\OneDrive\Images\Pictures\Screenshots\Capture d'écran 2025-11-01 150008.png"
2026-08-07 19:26:44 [WARNING] MENACE : None → Capture d'écran 2025-11-01 150008.png
2026-08-07 19:26:44 [ERROR]  Erreur scan YARA sur C:\Users\DELL LATITUDE 5420\OneDrive\Images\Pictures\Screenshots\Capture d'écran 2025-11-02 151613.png : could not open file "C:\Users\DELL LATITUDE 5420\OneDrive\Images\Pictures\Screenshots\Capture d'écran 2025-11-02 151613.png"
2026-08-07 19:26:44 [WARNING] MENACE : None → Capture d'écran 2025-11-02 151613.png
2026-08-07 19:26:44 [ERROR]  Erreur scan YARA sur C:\Users\DELL LATITUDE 5420\OneDrive\Images\Pictures\Screenshots\Capture d'écran 2025-11-03 202052.png : could not open file "C:\Users\DELL LATITUDE 5420\OneDrive\Images\Pictures\Screenshots\Capture d'écran 2025-11-03 202052.png"
2026-08-07 19:26:44 [WARNING] MENACE : None → Capture d'écran 2025-11-03 202052.png
2026-08-07 19:26:44 [ERROR]  Erreur scan YARA sur C:\Users\DELL LATITUDE 5420\OneDrive\Images\Pictures\Screenshots\Capture d'écran 2025-11-05 001522.png : could not open file "C:\Users\DELL LATITUDE 5420\OneDrive\Images\Pictures\Screenshots\Capture d'écran 2025-11-05 001522.png"
2026-08-07 19:26:44 [WARNING] MENACE : None → Capture d'écran 2025-11-05 001522.png
2026-08-07 19:26:44 [ERROR]  Erreur scan YARA sur C:\Users\DELL LATITUDE 5420\OneDrive\Images\Pictures\Screenshots\Capture d'écran 2025-11-05 001549.png : could not open file "C:\Users\DELL LATITUDE 5420\OneDrive\Images\Pictures\Screenshots\Capture d'écran 2025-11-05 001549.png"
2026-08-07 19:26:44 [WARNING] MENACE : None → Capture d'écran 2025-11-05 001549.png
2026-08-07 19:26:44 [ERROR]  Erreur scan YARA sur C:\Users\DELL LATITUDE 5420\OneDrive\Images\Pictures\Screenshots\Capture d'écran 2025-11-05 001620.png : could not open file "C:\Users\DELL LATITUDE 5420\OneDrive\Images\Pictures\Screenshots\Capture d'écran 2025-11-05 001620.png"
2026-08-07 19:26:44 [WARNING] MENACE : None → Capture d'écran 2025-11-05 001620.png
2026-08-07 19:26:44 [ERROR]  Erreur scan YARA sur C:\Users\DELL LATITUDE 5420\OneDrive\Images\Pictures\Screenshots\Capture d'écran 2025-11-05 001759.png : could not open file "C:\Users\DELL LATITUDE 5420\OneDrive\Images\Pictures\Screenshots\Capture d'écran 2025-11-05 001759.png"
2026-08-07 19:26:44 [WARNING] MENACE : None → Capture d'écran 2025-11-05 001759.png
2026-08-07 19:26:44 [ERROR]  Erreur scan YARA sur C:\Users\DELL LATITUDE 5420\OneDrive\Images\Pictures\Screenshots\Capture d'écran 2025-11-05 001804.png : could not open file "C:\Users\DELL LATITUDE 5420\OneDrive\Images\Pictures\Screenshots\Capture d'écran 2025-11-05 001804.png"
2026-08-07 19:26:44 [WARNING] MENACE : None → Capture d'écran 2025-11-05 001804.png
2026-08-07 19:26:45 [ERROR]  Erreur scan YARA sur C:\Users\DELL LATITUDE 5420\OneDrive\Images\Pictures\Screenshots\Capture d'écran 2025-11-05 001810.png : could not open file "C:\Users\DELL LATITUDE 5420\OneDrive\Images\Pictures\Screenshots\Capture d'écran 2025-11-05 001810.png"
2026-08-07 19:26:45 [WARNING] MENACE : None → Capture d'écran 2025-11-05 001810.png
2026-08-07 19:26:45 [ERROR]  Erreur scan YARA sur C:\Users\DELL LATITUDE 5420\OneDrive\Images\Pictures\Screenshots\Capture d'écran 2025-11-07 211129.png : could not open file "C:\Users\DELL LATITUDE 5420\OneDrive\Images\Pictures\Screenshots\Capture d'écran 2025-11-07 211129.png"
2026-08-07 19:26:45 [WARNING] MENACE : None → Capture d'écran 2025-11-07 211129.png
2026-08-07 19:26:45 [ERROR]  Erreur scan YARA sur C:\Users\DELL LATITUDE 5420\OneDrive\Images\Pictures\Screenshots\Capture d'écran 2025-11-08 012711.png : could not open file "C:\Users\DELL LATITUDE 5420\OneDrive\Images\Pictures\Screenshots\Capture d'écran 2025-11-08 012711.png"
2026-08-07 19:26:45 [WARNING] MENACE : None → Capture d'écran 2025-11-08 012711.png
2026-08-07 19:26:45 [ERROR]  Erreur scan YARA sur C:\Users\DELL LATITUDE 5420\OneDrive\Images\Pictures\Screenshots\Capture d'écran 2025-11-08 012722.png : could not open file "C:\Users\DELL LATITUDE 5420\OneDrive\Images\Pictures\Screenshots\Capture d'écran 2025-11-08 012722.png"
2026-08-07 19:26:45 [WARNING] MENACE : None → Capture d'écran 2025-11-08 012722.png
2026-08-07 19:26:45 [ERROR]  Erreur scan YARA sur C:\Users\DELL LATITUDE 5420\OneDrive\Images\Pictures\Screenshots\Capture d'écran 2025-11-08 171023.png : could not open file "C:\Users\DELL LATITUDE 5420\OneDrive\Images\Pictures\Screenshots\Capture d'écran 2025-11-08 171023.png"
2026-08-07 19:26:45 [WARNING] MENACE : None → Capture d'écran 2025-11-08 171023.png
2026-08-07 19:26:45 [ERROR]  Erreur scan YARA sur C:\Users\DELL LATITUDE 5420\OneDrive\Images\Pictures\Screenshots\Capture d'écran 2025-11-12 231903.png : could not open file "C:\Users\DELL LATITUDE 5420\OneDrive\Images\Pictures\Screenshots\Capture d'écran 2025-11-12 231903.png"
2026-08-07 19:26:45 [WARNING] MENACE : None → Capture d'écran 2025-11-12 231903.png
2026-08-07 19:26:45 [ERROR]  Erreur scan YARA sur C:\Users\DELL LATITUDE 5420\OneDrive\Images\Pictures\Screenshots\Capture d'écran 2025-11-12 231908.png : could not open file "C:\Users\DELL LATITUDE 5420\OneDrive\Images\Pictures\Screenshots\Capture d'écran 2025-11-12 231908.png"
2026-08-07 19:26:45 [WARNING] MENACE : None → Capture d'écran 2025-11-12 231908.png
2026-08-07 19:26:45 [ERROR]  Erreur scan YARA sur C:\Users\DELL LATITUDE 5420\OneDrive\Images\Pictures\Screenshots\Capture d'écran 2025-11-12 231914.png : could not open file "C:\Users\DELL LATITUDE 5420\OneDrive\Images\Pictures\Screenshots\Capture d'écran 2025-11-12 231914.png"
2026-08-07 19:26:45 [WARNING] MENACE : None → Capture d'écran 2025-11-12 231914.png
2026-08-07 19:26:45 [ERROR]  Erreur scan YARA sur C:\Users\DELL LATITUDE 5420\OneDrive\Images\Pictures\Screenshots\Capture d'écran 2025-11-12 233534.png : could not open file "C:\Users\DELL LATITUDE 5420\OneDrive\Images\Pictures\Screenshots\Capture d'écran 2025-11-12 233534.png"
2026-08-07 19:26:45 [WARNING] MENACE : None → Capture d'écran 2025-11-12 233534.png
2026-08-07 19:26:45 [ERROR]  Erreur scan YARA sur C:\Users\DELL LATITUDE 5420\OneDrive\Images\Pictures\Screenshots\Capture d'écran 2025-11-12 235539.png : could not open file "C:\Users\DELL LATITUDE 5420\OneDrive\Images\Pictures\Screenshots\Capture d'écran 2025-11-12 235539.png"
2026-08-07 19:26:45 [WARNING] MENACE : None → Capture d'écran 2025-11-12 235539.png
2026-08-07 19:26:45 [ERROR]  Erreur scan YARA sur C:\Users\DELL LATITUDE 5420\OneDrive\Images\Pictures\Screenshots\Capture d'écran 2025-11-13 051751.png : could not open file "C:\Users\DELL LATITUDE 5420\OneDrive\Images\Pictures\Screenshots\Capture d'écran 2025-11-13 051751.png"
2026-08-07 19:26:45 [WARNING] MENACE : None → Capture d'écran 2025-11-13 051751.png
2026-08-07 19:26:45 [ERROR]  Erreur scan YARA sur C:\Users\DELL LATITUDE 5420\OneDrive\Images\Pictures\Screenshots\Capture d'écran 2025-11-13 052047.png : could not open file "C:\Users\DELL LATITUDE 5420\OneDrive\Images\Pictures\Screenshots\Capture d'écran 2025-11-13 052047.png"
2026-08-07 19:26:45 [WARNING] MENACE : None → Capture d'écran 2025-11-13 052047.png
2026-08-07 19:26:45 [ERROR]  Erreur scan YARA sur C:\Users\DELL LATITUDE 5420\OneDrive\Images\Pictures\Screenshots\Capture d'écran 2025-11-13 053403.png : could not open file "C:\Users\DELL LATITUDE 5420\OneDrive\Images\Pictures\Screenshots\Capture d'écran 2025-11-13 053403.png"
2026-08-07 19:26:45 [WARNING] MENACE : None → Capture d'écran 2025-11-13 053403.png
2026-08-07 19:26:45 [ERROR]  Erreur scan YARA sur C:\Users\DELL LATITUDE 5420\OneDrive\Images\Pictures\Screenshots\Capture d'écran 2025-11-13 053621.png : could not open file "C:\Users\DELL LATITUDE 5420\OneDrive\Images\Pictures\Screenshots\Capture d'écran 2025-11-13 053621.png"
2026-08-07 19:26:45 [WARNING] MENACE : None → Capture d'écran 2025-11-13 053621.png
2026-08-07 19:26:45 [ERROR]  Erreur scan YARA sur C:\Users\DELL LATITUDE 5420\OneDrive\Images\Pictures\Screenshots\Capture d'écran 2025-11-13 053719.png : could not open file "C:\Users\DELL LATITUDE 5420\OneDrive\Images\Pictures\Screenshots\Capture d'écran 2025-11-13 053719.png"
2026-08-07 19:26:45 [WARNING] MENACE : None → Capture d'écran 2025-11-13 053719.png
2026-08-07 19:26:45 [ERROR]  Erreur scan YARA sur C:\Users\DELL LATITUDE 5420\OneDrive\Images\Pictures\Screenshots\Capture d'écran 2025-11-13 053733.png : could not open file "C:\Users\DELL LATITUDE 5420\OneDrive\Images\Pictures\Screenshots\Capture d'écran 2025-11-13 053733.png"
2026-08-07 19:26:45 [WARNING] MENACE : None → Capture d'écran 2025-11-13 053733.png
2026-08-07 19:26:45 [ERROR]  Erreur scan YARA sur C:\Users\DELL LATITUDE 5420\OneDrive\Images\Pictures\Screenshots\Capture d'écran 2025-11-13 053743.png : could not open file "C:\Users\DELL LATITUDE 5420\OneDrive\Images\Pictures\Screenshots\Capture d'écran 2025-11-13 053743.png"
2026-08-07 19:26:45 [WARNING] MENACE : None → Capture d'écran 2025-11-13 053743.png
2026-08-07 19:26:45 [ERROR]  Erreur scan YARA sur C:\Users\DELL LATITUDE 5420\OneDrive\Images\Pictures\Screenshots\Capture d'écran 2025-11-13 053815.png : could not open file "C:\Users\DELL LATITUDE 5420\OneDrive\Images\Pictures\Screenshots\Capture d'écran 2025-11-13 053815.png"
2026-08-07 19:26:45 [WARNING] MENACE : None → Capture d'écran 2025-11-13 053815.png
2026-08-07 19:26:45 [ERROR]  Erreur scan YARA sur C:\Users\DELL LATITUDE 5420\OneDrive\Images\Pictures\Screenshots\Capture d'écran 2025-11-13 165957.png : could not open file "C:\Users\DELL LATITUDE 5420\OneDrive\Images\Pictures\Screenshots\Capture d'écran 2025-11-13 165957.png"
2026-08-07 19:26:45 [WARNING] MENACE : None → Capture d'écran 2025-11-13 165957.png
2026-08-07 19:26:45 [ERROR]  Erreur scan YARA sur C:\Users\DELL LATITUDE 5420\OneDrive\Images\Pictures\Screenshots\Capture d'écran 2025-11-13 171906.png : could not open file "C:\Users\DELL LATITUDE 5420\OneDrive\Images\Pictures\Screenshots\Capture d'écran 2025-11-13 171906.png"
2026-08-07 19:26:45 [WARNING] MENACE : None → Capture d'écran 2025-11-13 171906.png
2026-08-07 19:26:45 [ERROR]  Erreur scan YARA sur C:\Users\DELL LATITUDE 5420\OneDrive\Images\Pictures\Screenshots\Capture d'écran 2025-11-16 012047.png : could not open file "C:\Users\DELL LATITUDE 5420\OneDrive\Images\Pictures\Screenshots\Capture d'écran 2025-11-16 012047.png"
2026-08-07 19:26:45 [WARNING] MENACE : None → Capture d'écran 2025-11-16 012047.png
2026-08-07 19:26:45 [ERROR]  Erreur scan YARA sur C:\Users\DELL LATITUDE 5420\OneDrive\Images\Pictures\Screenshots\Capture d'écran 2025-11-16 175555.png : could not open file "C:\Users\DELL LATITUDE 5420\OneDrive\Images\Pictures\Screenshots\Capture d'écran 2025-11-16 175555.png"
2026-08-07 19:26:45 [WARNING] MENACE : None → Capture d'écran 2025-11-16 175555.png
2026-08-07 19:26:45 [ERROR]  Erreur scan YARA sur C:\Users\DELL LATITUDE 5420\OneDrive\Images\Pictures\Screenshots\Capture d'écran 2025-11-16 175737.png : could not open file "C:\Users\DELL LATITUDE 5420\OneDrive\Images\Pictures\Screenshots\Capture d'écran 2025-11-16 175737.png"
2026-08-07 19:26:45 [WARNING] MENACE : None → Capture d'écran 2025-11-16 175737.png
2026-08-07 19:26:45 [ERROR]  Erreur scan YARA sur C:\Users\DELL LATITUDE 5420\OneDrive\Images\Pictures\Screenshots\Capture d'écran 2025-11-16 175807.png : could not open file "C:\Users\DELL LATITUDE 5420\OneDrive\Images\Pictures\Screenshots\Capture d'écran 2025-11-16 175807.png"
2026-08-07 19:26:45 [WARNING] MENACE : None → Capture d'écran 2025-11-16 175807.png
2026-08-07 19:26:45 [ERROR]  Erreur scan YARA sur C:\Users\DELL LATITUDE 5420\OneDrive\Images\Pictures\Screenshots\Capture d'écran 2025-11-16 175833.png : could not open file "C:\Users\DELL LATITUDE 5420\OneDrive\Images\Pictures\Screenshots\Capture d'écran 2025-11-16 175833.png"
2026-08-07 19:26:45 [WARNING] MENACE : None → Capture d'écran 2025-11-16 175833.png
2026-08-07 19:26:45 [ERROR]  Erreur scan YARA sur C:\Users\DELL LATITUDE 5420\OneDrive\Images\Pictures\Screenshots\Capture d'écran 2025-11-16 175857.png : could not open file "C:\Users\DELL LATITUDE 5420\OneDrive\Images\Pictures\Screenshots\Capture d'écran 2025-11-16 175857.png"
2026-08-07 19:26:45 [WARNING] MENACE : None → Capture d'écran 2025-11-16 175857.png
2026-08-07 19:26:45 [ERROR]  Erreur scan YARA sur C:\Users\DELL LATITUDE 5420\OneDrive\Images\Pictures\Screenshots\Capture d'écran 2025-11-16 175926.png : could not open file "C:\Users\DELL LATITUDE 5420\OneDrive\Images\Pictures\Screenshots\Capture d'écran 2025-11-16 175926.png"
2026-08-07 19:26:45 [WARNING] MENACE : None → Capture d'écran 2025-11-16 175926.png
2026-08-07 19:26:46 [ERROR]  Erreur scan YARA sur C:\Users\DELL LATITUDE 5420\OneDrive\Images\Pictures\Screenshots\Capture d'écran 2025-11-19 234849.png : could not open file "C:\Users\DELL LATITUDE 5420\OneDrive\Images\Pictures\Screenshots\Capture d'écran 2025-11-19 234849.png"
2026-08-07 19:26:46 [WARNING] MENACE : None → Capture d'écran 2025-11-19 234849.png
2026-08-07 19:26:46 [ERROR]  Erreur scan YARA sur C:\Users\DELL LATITUDE 5420\OneDrive\Images\Pictures\Screenshots\Capture d'écran 2025-11-20 011358.png : could not open file "C:\Users\DELL LATITUDE 5420\OneDrive\Images\Pictures\Screenshots\Capture d'écran 2025-11-20 011358.png"
2026-08-07 19:26:46 [WARNING] MENACE : None → Capture d'écran 2025-11-20 011358.png
2026-08-07 19:26:46 [ERROR]  Erreur scan YARA sur C:\Users\DELL LATITUDE 5420\OneDrive\Images\Pictures\Screenshots\Capture d'écran 2025-11-20 011443.png : could not open file "C:\Users\DELL LATITUDE 5420\OneDrive\Images\Pictures\Screenshots\Capture d'écran 2025-11-20 011443.png"
2026-08-07 19:26:46 [WARNING] MENACE : None → Capture d'écran 2025-11-20 011443.png
2026-08-07 19:26:46 [ERROR]  Erreur scan YARA sur C:\Users\DELL LATITUDE 5420\OneDrive\Images\Pictures\Screenshots\Capture d'écran 2025-11-20 011508.png : could not open file "C:\Users\DELL LATITUDE 5420\OneDrive\Images\Pictures\Screenshots\Capture d'écran 2025-11-20 011508.png"
2026-08-07 19:26:46 [WARNING] MENACE : None → Capture d'écran 2025-11-20 011508.png
2026-08-07 19:26:46 [ERROR]  Erreur scan YARA sur C:\Users\DELL LATITUDE 5420\OneDrive\Images\Pictures\Screenshots\Capture d'écran 2025-11-20 132342.png : could not open file "C:\Users\DELL LATITUDE 5420\OneDrive\Images\Pictures\Screenshots\Capture d'écran 2025-11-20 132342.png"
2026-08-07 19:26:46 [WARNING] MENACE : None → Capture d'écran 2025-11-20 132342.png
2026-08-07 19:26:46 [ERROR]  Erreur scan YARA sur C:\Users\DELL LATITUDE 5420\OneDrive\Images\Pictures\Screenshots\Capture d'écran 2025-11-20 161238.png : could not open file "C:\Users\DELL LATITUDE 5420\OneDrive\Images\Pictures\Screenshots\Capture d'écran 2025-11-20 161238.png"
2026-08-07 19:26:46 [WARNING] MENACE : None → Capture d'écran 2025-11-20 161238.png
2026-08-07 19:26:46 [ERROR]  Erreur scan YARA sur C:\Users\DELL LATITUDE 5420\OneDrive\Images\Pictures\Screenshots\Capture d'écran 2025-11-21 164325.png : could not open file "C:\Users\DELL LATITUDE 5420\OneDrive\Images\Pictures\Screenshots\Capture d'écran 2025-11-21 164325.png"
2026-08-07 19:26:46 [WARNING] MENACE : None → Capture d'écran 2025-11-21 164325.png
2026-08-07 19:26:46 [ERROR]  Erreur scan YARA sur C:\Users\DELL LATITUDE 5420\OneDrive\Images\Pictures\Screenshots\Capture d'écran 2025-11-21 165901.png : could not open file "C:\Users\DELL LATITUDE 5420\OneDrive\Images\Pictures\Screenshots\Capture d'écran 2025-11-21 165901.png"
2026-08-07 19:26:46 [WARNING] MENACE : None → Capture d'écran 2025-11-21 165901.png
2026-08-07 19:26:46 [ERROR]  Erreur scan YARA sur C:\Users\DELL LATITUDE 5420\OneDrive\Images\Pictures\Screenshots\Capture d'écran 2025-11-21 235655.png : could not open file "C:\Users\DELL LATITUDE 5420\OneDrive\Images\Pictures\Screenshots\Capture d'écran 2025-11-21 235655.png"
2026-08-07 19:26:46 [WARNING] MENACE : None → Capture d'écran 2025-11-21 235655.png
2026-08-07 19:26:46 [ERROR]  Erreur scan YARA sur C:\Users\DELL LATITUDE 5420\OneDrive\Images\Pictures\Screenshots\Capture d'écran 2025-11-25 111734.png : could not open file "C:\Users\DELL LATITUDE 5420\OneDrive\Images\Pictures\Screenshots\Capture d'écran 2025-11-25 111734.png"
2026-08-07 19:26:46 [WARNING] MENACE : None → Capture d'écran 2025-11-25 111734.png
2026-08-07 19:26:46 [ERROR]  Erreur scan YARA sur C:\Users\DELL LATITUDE 5420\OneDrive\Images\Pictures\Screenshots\Capture d'écran 2025-11-25 111935.png : could not open file "C:\Users\DELL LATITUDE 5420\OneDrive\Images\Pictures\Screenshots\Capture d'écran 2025-11-25 111935.png"
2026-08-07 19:26:46 [WARNING] MENACE : None → Capture d'écran 2025-11-25 111935.png
2026-08-07 19:26:46 [ERROR]  Erreur scan YARA sur C:\Users\DELL LATITUDE 5420\OneDrive\Images\Pictures\Screenshots\Capture d'écran 2025-11-25 112015.png : could not open file "C:\Users\DELL LATITUDE 5420\OneDrive\Images\Pictures\Screenshots\Capture d'écran 2025-11-25 112015.png"
2026-08-07 19:26:46 [WARNING] MENACE : None → Capture d'écran 2025-11-25 112015.png
2026-08-07 19:26:46 [ERROR]  Erreur scan YARA sur C:\Users\DELL LATITUDE 5420\OneDrive\Images\Pictures\Screenshots\Capture d'écran 2025-11-25 113232.png : could not open file "C:\Users\DELL LATITUDE 5420\OneDrive\Images\Pictures\Screenshots\Capture d'écran 2025-11-25 113232.png"
2026-08-07 19:26:46 [WARNING] MENACE : None → Capture d'écran 2025-11-25 113232.png
2026-08-07 19:26:46 [ERROR]  Erreur scan YARA sur C:\Users\DELL LATITUDE 5420\OneDrive\Images\Pictures\Screenshots\Capture d'écran 2025-11-25 114229.png : could not open file "C:\Users\DELL LATITUDE 5420\OneDrive\Images\Pictures\Screenshots\Capture d'écran 2025-11-25 114229.png"
2026-08-07 19:26:46 [WARNING] MENACE : None → Capture d'écran 2025-11-25 114229.png
2026-08-07 19:26:46 [ERROR]  Erreur scan YARA sur C:\Users\DELL LATITUDE 5420\OneDrive\Images\Pictures\Screenshots\Capture d'écran 2025-11-25 114432.png : could not open file "C:\Users\DELL LATITUDE 5420\OneDrive\Images\Pictures\Screenshots\Capture d'écran 2025-11-25 114432.png"
2026-08-07 19:26:46 [WARNING] MENACE : None → Capture d'écran 2025-11-25 114432.png
2026-08-07 19:26:46 [ERROR]  Erreur scan YARA sur C:\Users\DELL LATITUDE 5420\OneDrive\Images\Pictures\Screenshots\Capture d'écran 2025-11-25 114504.png : could not open file "C:\Users\DELL LATITUDE 5420\OneDrive\Images\Pictures\Screenshots\Capture d'écran 2025-11-25 114504.png"
2026-08-07 19:26:46 [WARNING] MENACE : None → Capture d'écran 2025-11-25 114504.png
2026-08-07 19:26:46 [ERROR]  Erreur scan YARA sur C:\Users\DELL LATITUDE 5420\OneDrive\Images\Pictures\Screenshots\Capture d'écran 2025-11-25 114915.png : could not open file "C:\Users\DELL LATITUDE 5420\OneDrive\Images\Pictures\Screenshots\Capture d'écran 2025-11-25 114915.png"
2026-08-07 19:26:46 [WARNING] MENACE : None → Capture d'écran 2025-11-25 114915.png
2026-08-07 19:26:46 [ERROR]  Erreur scan YARA sur C:\Users\DELL LATITUDE 5420\OneDrive\Images\Pictures\Screenshots\Capture d'écran 2025-11-27 115906.png : could not open file "C:\Users\DELL LATITUDE 5420\OneDrive\Images\Pictures\Screenshots\Capture d'écran 2025-11-27 115906.png"
2026-08-07 19:26:46 [WARNING] MENACE : None → Capture d'écran 2025-11-27 115906.png
2026-08-07 19:26:46 [ERROR]  Erreur scan YARA sur C:\Users\DELL LATITUDE 5420\OneDrive\Images\Pictures\Screenshots\Capture d'écran 2025-11-27 203322.png : could not open file "C:\Users\DELL LATITUDE 5420\OneDrive\Images\Pictures\Screenshots\Capture d'écran 2025-11-27 203322.png"
2026-08-07 19:26:46 [WARNING] MENACE : None → Capture d'écran 2025-11-27 203322.png
2026-08-07 19:26:46 [ERROR]  Erreur scan YARA sur C:\Users\DELL LATITUDE 5420\OneDrive\Images\Pictures\Screenshots\Capture d'écran 2025-11-28 112321.png : could not open file "C:\Users\DELL LATITUDE 5420\OneDrive\Images\Pictures\Screenshots\Capture d'écran 2025-11-28 112321.png"
2026-08-07 19:26:46 [WARNING] MENACE : None → Capture d'écran 2025-11-28 112321.png
2026-08-07 19:26:46 [ERROR]  Erreur scan YARA sur C:\Users\DELL LATITUDE 5420\OneDrive\Images\Pictures\Screenshots\Capture d'écran 2025-11-28 113302.png : could not open file "C:\Users\DELL LATITUDE 5420\OneDrive\Images\Pictures\Screenshots\Capture d'écran 2025-11-28 113302.png"
2026-08-07 19:26:46 [WARNING] MENACE : None → Capture d'écran 2025-11-28 113302.png
2026-08-07 19:26:46 [ERROR]  Erreur scan YARA sur C:\Users\DELL LATITUDE 5420\OneDrive\Images\Pictures\Screenshots\Capture d'écran 2025-11-28 113515.png : could not open file "C:\Users\DELL LATITUDE 5420\OneDrive\Images\Pictures\Screenshots\Capture d'écran 2025-11-28 113515.png"
2026-08-07 19:26:46 [WARNING] MENACE : None → Capture d'écran 2025-11-28 113515.png
2026-08-07 19:26:46 [ERROR]  Erreur scan YARA sur C:\Users\DELL LATITUDE 5420\OneDrive\Images\Pictures\Screenshots\Capture d'écran 2025-11-28 114306.png : could not open file "C:\Users\DELL LATITUDE 5420\OneDrive\Images\Pictures\Screenshots\Capture d'écran 2025-11-28 114306.png"
2026-08-07 19:26:46 [WARNING] MENACE : None → Capture d'écran 2025-11-28 114306.png
2026-08-07 19:26:46 [ERROR]  Erreur scan YARA sur C:\Users\DELL LATITUDE 5420\OneDrive\Images\Pictures\Screenshots\Capture d'écran 2025-12-02 131749.png : could not open file "C:\Users\DELL LATITUDE 5420\OneDrive\Images\Pictures\Screenshots\Capture d'écran 2025-12-02 131749.png"
2026-08-07 19:26:46 [WARNING] MENACE : None → Capture d'écran 2025-12-02 131749.png
2026-08-07 19:26:46 [ERROR]  Erreur scan YARA sur C:\Users\DELL LATITUDE 5420\OneDrive\Images\Pictures\Screenshots\Capture d'écran 2025-12-02 131840.png : could not open file "C:\Users\DELL LATITUDE 5420\OneDrive\Images\Pictures\Screenshots\Capture d'écran 2025-12-02 131840.png"
2026-08-07 19:26:46 [WARNING] MENACE : None → Capture d'écran 2025-12-02 131840.png
2026-08-07 19:26:46 [ERROR]  Erreur scan YARA sur C:\Users\DELL LATITUDE 5420\OneDrive\Images\Pictures\Screenshots\Capture d'écran 2025-12-02 213826.png : could not open file "C:\Users\DELL LATITUDE 5420\OneDrive\Images\Pictures\Screenshots\Capture d'écran 2025-12-02 213826.png"
2026-08-07 19:26:46 [WARNING] MENACE : None → Capture d'écran 2025-12-02 213826.png
2026-08-07 19:26:46 [ERROR]  Erreur scan YARA sur C:\Users\DELL LATITUDE 5420\OneDrive\Images\Pictures\Screenshots\Capture d'écran 2025-12-02 221637.png : could not open file "C:\Users\DELL LATITUDE 5420\OneDrive\Images\Pictures\Screenshots\Capture d'écran 2025-12-02 221637.png"
2026-08-07 19:26:46 [WARNING] MENACE : None → Capture d'écran 2025-12-02 221637.png
2026-08-07 19:26:46 [ERROR]  Erreur scan YARA sur C:\Users\DELL LATITUDE 5420\OneDrive\Images\Pictures\Screenshots\Capture d'écran 2025-12-02 223509.png : could not open file "C:\Users\DELL LATITUDE 5420\OneDrive\Images\Pictures\Screenshots\Capture d'écran 2025-12-02 223509.png"
2026-08-07 19:26:46 [ERROR]  Erreur scan YARA sur C:\Users\DELL LATITUDE 5420\OneDrive\Images\Pictures\Screenshots\Capture d'écran 2025-12-02 223527.png : could not open file "C:\Users\DELL LATITUDE 5420\OneDrive\Images\Pictures\Screenshots\Capture d'écran 2025-12-02 223527.png"
2026-08-07 19:26:46 [WARNING] MENACE : None → Capture d'écran 2025-12-02 223527.png
2026-08-07 19:26:46 [ERROR]  Erreur scan YARA sur C:\Users\DELL LATITUDE 5420\OneDrive\Images\Pictures\Screenshots\Capture d'écran 2025-12-02 232454.png : could not open file "C:\Users\DELL LATITUDE 5420\OneDrive\Images\Pictures\Screenshots\Capture d'écran 2025-12-02 232454.png"
2026-08-07 19:26:46 [WARNING] MENACE : None → Capture d'écran 2025-12-02 232454.png
2026-08-07 19:26:46 [ERROR]  Erreur scan YARA sur C:\Users\DELL LATITUDE 5420\OneDrive\Images\Pictures\Screenshots\Capture d'écran 2025-12-02 233742.png : could not open file "C:\Users\DELL LATITUDE 5420\OneDrive\Images\Pictures\Screenshots\Capture d'écran 2025-12-02 233742.png"
2026-08-07 19:26:46 [WARNING] MENACE : None → Capture d'écran 2025-12-02 233742.png
2026-08-07 19:26:46 [ERROR]  Erreur scan YARA sur C:\Users\DELL LATITUDE 5420\OneDrive\Images\Pictures\Screenshots\Capture d'écran 2025-12-03 225757.png : could not open file "C:\Users\DELL LATITUDE 5420\OneDrive\Images\Pictures\Screenshots\Capture d'écran 2025-12-03 225757.png"
2026-08-07 19:26:46 [WARNING] MENACE : None → Capture d'écran 2025-12-03 225757.png
2026-08-07 19:26:46 [ERROR]  Erreur scan YARA sur C:\Users\DELL LATITUDE 5420\OneDrive\Images\Pictures\Screenshots\Capture d'écran 2025-12-04 004539.png : could not open file "C:\Users\DELL LATITUDE 5420\OneDrive\Images\Pictures\Screenshots\Capture d'écran 2025-12-04 004539.png"
2026-08-07 19:26:46 [WARNING] MENACE : None → Capture d'écran 2025-12-04 004539.png
2026-08-07 19:26:46 [ERROR]  Erreur scan YARA sur C:\Users\DELL LATITUDE 5420\OneDrive\Images\Pictures\Screenshots\Capture d'écran 2025-12-04 004539ghj.png : could not open file "C:\Users\DELL LATITUDE 5420\OneDrive\Images\Pictures\Screenshots\Capture d'écran 2025-12-04 004539ghj.png"
2026-08-07 19:26:46 [WARNING] MENACE : None → Capture d'écran 2025-12-04 004539ghj.png
2026-08-07 19:26:47 [ERROR]  Erreur scan YARA sur C:\Users\DELL LATITUDE 5420\OneDrive\Images\Pictures\Screenshots\Capture d'écran 2025-12-04 102134.png : could not open file "C:\Users\DELL LATITUDE 5420\OneDrive\Images\Pictures\Screenshots\Capture d'écran 2025-12-04 102134.png"
2026-08-07 19:26:47 [WARNING] MENACE : None → Capture d'écran 2025-12-04 102134.png
2026-08-07 19:26:47 [ERROR]  Erreur scan YARA sur C:\Users\DELL LATITUDE 5420\OneDrive\Images\Pictures\Screenshots\Capture d'écran 2025-12-04 102139.png : could not open file "C:\Users\DELL LATITUDE 5420\OneDrive\Images\Pictures\Screenshots\Capture d'écran 2025-12-04 102139.png"
2026-08-07 19:26:47 [WARNING] MENACE : None → Capture d'écran 2025-12-04 102139.png
2026-08-07 19:26:47 [ERROR]  Erreur scan YARA sur C:\Users\DELL LATITUDE 5420\OneDrive\Images\Pictures\Screenshots\Capture d'écran 2025-12-04 131017.png : could not open file "C:\Users\DELL LATITUDE 5420\OneDrive\Images\Pictures\Screenshots\Capture d'écran 2025-12-04 131017.png"
2026-08-07 19:26:47 [WARNING] MENACE : None → Capture d'écran 2025-12-04 131017.png
2026-08-07 19:26:47 [ERROR]  Erreur scan YARA sur C:\Users\DELL LATITUDE 5420\OneDrive\Images\Pictures\Screenshots\Capture d'écran 2025-12-08 201448.png : could not open file "C:\Users\DELL LATITUDE 5420\OneDrive\Images\Pictures\Screenshots\Capture d'écran 2025-12-08 201448.png"
2026-08-07 19:26:47 [WARNING] MENACE : None → Capture d'écran 2025-12-08 201448.png
2026-08-07 19:26:47 [ERROR]  Erreur scan YARA sur C:\Users\DELL LATITUDE 5420\OneDrive\Images\Pictures\Screenshots\Capture d'écran 2025-12-08 201503.png : could not open file "C:\Users\DELL LATITUDE 5420\OneDrive\Images\Pictures\Screenshots\Capture d'écran 2025-12-08 201503.png"
2026-08-07 19:26:47 [WARNING] MENACE : None → Capture d'écran 2025-12-08 201503.png
2026-08-07 19:26:47 [ERROR]  Erreur scan YARA sur C:\Users\DELL LATITUDE 5420\OneDrive\Images\Pictures\Screenshots\Capture d'écran 2025-12-08 201511.png : could not open file "C:\Users\DELL LATITUDE 5420\OneDrive\Images\Pictures\Screenshots\Capture d'écran 2025-12-08 201511.png"
2026-08-07 19:26:47 [WARNING] MENACE : None → Capture d'écran 2025-12-08 201511.png
2026-08-07 19:26:47 [ERROR]  Erreur scan YARA sur C:\Users\DELL LATITUDE 5420\OneDrive\Images\Pictures\Screenshots\Capture d'écran 2025-12-09 193226.png : could not open file "C:\Users\DELL LATITUDE 5420\OneDrive\Images\Pictures\Screenshots\Capture d'écran 2025-12-09 193226.png"
2026-08-07 19:26:47 [WARNING] MENACE : None → Capture d'écran 2025-12-09 193226.png
2026-08-07 19:26:47 [ERROR]  Erreur scan YARA sur C:\Users\DELL LATITUDE 5420\OneDrive\Images\Pictures\Screenshots\Capture d'écran 2025-12-09 193954.png : could not open file "C:\Users\DELL LATITUDE 5420\OneDrive\Images\Pictures\Screenshots\Capture d'écran 2025-12-09 193954.png"
2026-08-07 19:26:47 [WARNING] MENACE : None → Capture d'écran 2025-12-09 193954.png
2026-08-07 19:26:47 [ERROR]  Erreur scan YARA sur C:\Users\DELL LATITUDE 5420\OneDrive\Images\Pictures\Screenshots\Capture d'écran 2025-12-11 124716.png : could not open file "C:\Users\DELL LATITUDE 5420\OneDrive\Images\Pictures\Screenshots\Capture d'écran 2025-12-11 124716.png"
2026-08-07 19:26:47 [WARNING] MENACE : None → Capture d'écran 2025-12-11 124716.png
2026-08-07 19:26:47 [ERROR]  Erreur scan YARA sur C:\Users\DELL LATITUDE 5420\OneDrive\Images\Pictures\Screenshots\Capture d'écran 2025-12-11 135123.png : could not open file "C:\Users\DELL LATITUDE 5420\OneDrive\Images\Pictures\Screenshots\Capture d'écran 2025-12-11 135123.png"
2026-08-07 19:26:47 [WARNING] MENACE : None → Capture d'écran 2025-12-11 135123.png
2026-08-07 19:26:47 [ERROR]  Erreur scan YARA sur C:\Users\DELL LATITUDE 5420\OneDrive\Images\Pictures\Screenshots\Capture d'écran 2025-12-11 135123cc.png : could not open file "C:\Users\DELL LATITUDE 5420\OneDrive\Images\Pictures\Screenshots\Capture d'écran 2025-12-11 135123cc.png"
2026-08-07 19:26:47 [WARNING] MENACE : None → Capture d'écran 2025-12-11 135123cc.png
2026-08-07 19:26:48 [ERROR]  Erreur scan YARA sur C:\Users\DELL LATITUDE 5420\OneDrive\Images\Pictures\Screenshots\Capture d'écran 2025-12-11 145825.png : could not open file "C:\Users\DELL LATITUDE 5420\OneDrive\Images\Pictures\Screenshots\Capture d'écran 2025-12-11 145825.png"
2026-08-07 19:26:48 [WARNING] MENACE : None → Capture d'écran 2025-12-11 145825.png
2026-08-07 19:26:48 [ERROR]  Erreur scan YARA sur C:\Users\DELL LATITUDE 5420\OneDrive\Images\Pictures\Screenshots\Capture d'écran 2025-12-12 132122.png : could not open file "C:\Users\DELL LATITUDE 5420\OneDrive\Images\Pictures\Screenshots\Capture d'écran 2025-12-12 132122.png"
2026-08-07 19:26:48 [WARNING] MENACE : None → Capture d'écran 2025-12-12 132122.png
2026-08-07 19:26:48 [ERROR]  Erreur scan YARA sur C:\Users\DELL LATITUDE 5420\OneDrive\Images\Pictures\Screenshots\Capture d'écran 2025-12-14 133455.png : could not open file "C:\Users\DELL LATITUDE 5420\OneDrive\Images\Pictures\Screenshots\Capture d'écran 2025-12-14 133455.png"
2026-08-07 19:26:48 [WARNING] MENACE : None → Capture d'écran 2025-12-14 133455.png
2026-08-07 19:26:48 [ERROR]  Erreur scan YARA sur C:\Users\DELL LATITUDE 5420\OneDrive\Images\Pictures\Screenshots\Capture d'écran 2025-12-14 142435.png : could not open file "C:\Users\DELL LATITUDE 5420\OneDrive\Images\Pictures\Screenshots\Capture d'écran 2025-12-14 142435.png"
2026-08-07 19:26:48 [WARNING] MENACE : None → Capture d'écran 2025-12-14 142435.png
2026-08-07 19:26:48 [ERROR]  Erreur scan YARA sur C:\Users\DELL LATITUDE 5420\OneDrive\Images\Pictures\Screenshots\Capture d'écran 2025-12-14 144626.png : could not open file "C:\Users\DELL LATITUDE 5420\OneDrive\Images\Pictures\Screenshots\Capture d'écran 2025-12-14 144626.png"
2026-08-07 19:26:48 [WARNING] MENACE : None → Capture d'écran 2025-12-14 144626.png
2026-08-07 19:26:48 [ERROR]  Erreur scan YARA sur C:\Users\DELL LATITUDE 5420\OneDrive\Images\Pictures\Screenshots\Capture d'écran 2025-12-14 144701.png : could not open file "C:\Users\DELL LATITUDE 5420\OneDrive\Images\Pictures\Screenshots\Capture d'écran 2025-12-14 144701.png"
2026-08-07 19:26:48 [WARNING] MENACE : None → Capture d'écran 2025-12-14 144701.png
2026-08-07 19:26:48 [ERROR]  Erreur scan YARA sur C:\Users\DELL LATITUDE 5420\OneDrive\Images\Pictures\Screenshots\Capture d'écran 2025-12-14 144710.png : could not open file "C:\Users\DELL LATITUDE 5420\OneDrive\Images\Pictures\Screenshots\Capture d'écran 2025-12-14 144710.png"
2026-08-07 19:26:48 [WARNING] MENACE : None → Capture d'écran 2025-12-14 144710.png
2026-08-07 19:26:48 [ERROR]  Erreur scan YARA sur C:\Users\DELL LATITUDE 5420\OneDrive\Images\Pictures\Screenshots\Capture d'écran 2025-12-18 133635.png : could not open file "C:\Users\DELL LATITUDE 5420\OneDrive\Images\Pictures\Screenshots\Capture d'écran 2025-12-18 133635.png"
2026-08-07 19:26:48 [WARNING] MENACE : None → Capture d'écran 2025-12-18 133635.png
2026-08-07 19:26:48 [ERROR]  Erreur scan YARA sur C:\Users\DELL LATITUDE 5420\OneDrive\Images\Pictures\Screenshots\Capture d'écran 2025-12-18 133835.png : could not open file "C:\Users\DELL LATITUDE 5420\OneDrive\Images\Pictures\Screenshots\Capture d'écran 2025-12-18 133835.png"
2026-08-07 19:26:48 [WARNING] MENACE : None → Capture d'écran 2025-12-18 133835.png
2026-08-07 19:26:48 [ERROR]  Erreur scan YARA sur C:\Users\DELL LATITUDE 5420\OneDrive\Images\Pictures\Screenshots\Capture d'écran 2025-12-18 134101.png : could not open file "C:\Users\DELL LATITUDE 5420\OneDrive\Images\Pictures\Screenshots\Capture d'écran 2025-12-18 134101.png"
2026-08-07 19:26:48 [WARNING] MENACE : None → Capture d'écran 2025-12-18 134101.png
2026-08-07 19:26:48 [ERROR]  Erreur scan YARA sur C:\Users\DELL LATITUDE 5420\OneDrive\Images\Pictures\Screenshots\Capture d'écran 2025-12-18 134345.png : could not open file "C:\Users\DELL LATITUDE 5420\OneDrive\Images\Pictures\Screenshots\Capture d'écran 2025-12-18 134345.png"
2026-08-07 19:26:48 [WARNING] MENACE : None → Capture d'écran 2025-12-18 134345.png
2026-08-07 19:26:48 [ERROR]  Erreur scan YARA sur C:\Users\DELL LATITUDE 5420\OneDrive\Images\Pictures\Screenshots\Capture d'écran 2025-12-18 134541.png : could not open file "C:\Users\DELL LATITUDE 5420\OneDrive\Images\Pictures\Screenshots\Capture d'écran 2025-12-18 134541.png"
2026-08-07 19:26:48 [WARNING] MENACE : None → Capture d'écran 2025-12-18 134541.png
2026-08-07 19:26:48 [ERROR]  Erreur scan YARA sur C:\Users\DELL LATITUDE 5420\OneDrive\Images\Pictures\Screenshots\Capture d'écran 2025-12-18 134827.png : could not open file "C:\Users\DELL LATITUDE 5420\OneDrive\Images\Pictures\Screenshots\Capture d'écran 2025-12-18 134827.png"
2026-08-07 19:26:48 [WARNING] MENACE : None → Capture d'écran 2025-12-18 134827.png
2026-08-07 19:26:48 [ERROR]  Erreur scan YARA sur C:\Users\DELL LATITUDE 5420\OneDrive\Images\Pictures\Screenshots\Capture d'écran 2025-12-18 135050.png : could not open file "C:\Users\DELL LATITUDE 5420\OneDrive\Images\Pictures\Screenshots\Capture d'écran 2025-12-18 135050.png"
2026-08-07 19:26:48 [WARNING] MENACE : None → Capture d'écran 2025-12-18 135050.png
2026-08-07 19:26:48 [ERROR]  Erreur scan YARA sur C:\Users\DELL LATITUDE 5420\OneDrive\Images\Pictures\Screenshots\Capture d'écran 2025-12-18 135222.png : could not open file "C:\Users\DELL LATITUDE 5420\OneDrive\Images\Pictures\Screenshots\Capture d'écran 2025-12-18 135222.png"
2026-08-07 19:26:48 [WARNING] MENACE : None → Capture d'écran 2025-12-18 135222.png
2026-08-07 19:26:48 [ERROR]  Erreur scan YARA sur C:\Users\DELL LATITUDE 5420\OneDrive\Images\Pictures\Screenshots\Capture d'écran 2025-12-18 135413.png : could not open file "C:\Users\DELL LATITUDE 5420\OneDrive\Images\Pictures\Screenshots\Capture d'écran 2025-12-18 135413.png"
2026-08-07 19:26:48 [WARNING] MENACE : None → Capture d'écran 2025-12-18 135413.png
2026-08-07 19:26:48 [ERROR]  Erreur scan YARA sur C:\Users\DELL LATITUDE 5420\OneDrive\Images\Pictures\Screenshots\Capture d'écran 2025-12-18 135537.png : could not open file "C:\Users\DELL LATITUDE 5420\OneDrive\Images\Pictures\Screenshots\Capture d'écran 2025-12-18 135537.png"
2026-08-07 19:26:48 [WARNING] MENACE : None → Capture d'écran 2025-12-18 135537.png
2026-08-07 19:26:48 [ERROR]  Erreur scan YARA sur C:\Users\DELL LATITUDE 5420\OneDrive\Images\Pictures\Screenshots\Capture d'écran 2025-12-18 135721.png : could not open file "C:\Users\DELL LATITUDE 5420\OneDrive\Images\Pictures\Screenshots\Capture d'écran 2025-12-18 135721.png"
2026-08-07 19:26:48 [WARNING] MENACE : None → Capture d'écran 2025-12-18 135721.png
2026-08-07 19:26:48 [ERROR]  Erreur scan YARA sur C:\Users\DELL LATITUDE 5420\OneDrive\Images\Pictures\Screenshots\Capture d'écran 2025-12-18 135925.png : could not open file "C:\Users\DELL LATITUDE 5420\OneDrive\Images\Pictures\Screenshots\Capture d'écran 2025-12-18 135925.png"
2026-08-07 19:26:48 [WARNING] MENACE : None → Capture d'écran 2025-12-18 135925.png
2026-08-07 19:26:48 [ERROR]  Erreur scan YARA sur C:\Users\DELL LATITUDE 5420\OneDrive\Images\Pictures\Screenshots\Capture d'écran 2025-12-18 154420.png : could not open file "C:\Users\DELL LATITUDE 5420\OneDrive\Images\Pictures\Screenshots\Capture d'écran 2025-12-18 154420.png"
2026-08-07 19:26:48 [WARNING] MENACE : None → Capture d'écran 2025-12-18 154420.png
2026-08-07 19:26:48 [ERROR]  Erreur scan YARA sur C:\Users\DELL LATITUDE 5420\OneDrive\Images\Pictures\Screenshots\Capture d'écran 2025-12-19 094511.png : could not open file "C:\Users\DELL LATITUDE 5420\OneDrive\Images\Pictures\Screenshots\Capture d'écran 2025-12-19 094511.png"
2026-08-07 19:26:48 [WARNING] MENACE : None → Capture d'écran 2025-12-19 094511.png
2026-08-07 19:26:48 [ERROR]  Erreur scan YARA sur C:\Users\DELL LATITUDE 5420\OneDrive\Images\Pictures\Screenshots\Capture d'écran 2025-12-19 100423.png : could not open file "C:\Users\DELL LATITUDE 5420\OneDrive\Images\Pictures\Screenshots\Capture d'écran 2025-12-19 100423.png"
2026-08-07 19:26:48 [WARNING] MENACE : None → Capture d'écran 2025-12-19 100423.png
2026-08-07 19:26:48 [ERROR]  Erreur scan YARA sur C:\Users\DELL LATITUDE 5420\OneDrive\Images\Pictures\Screenshots\Capture d'écran 2025-12-19 102353.png : could not open file "C:\Users\DELL LATITUDE 5420\OneDrive\Images\Pictures\Screenshots\Capture d'écran 2025-12-19 102353.png"
2026-08-07 19:26:48 [WARNING] MENACE : None → Capture d'écran 2025-12-19 102353.png
2026-08-07 19:26:48 [ERROR]  Erreur scan YARA sur C:\Users\DELL LATITUDE 5420\OneDrive\Images\Pictures\Screenshots\Capture d'écran 2025-12-19 103021.png : could not open file "C:\Users\DELL LATITUDE 5420\OneDrive\Images\Pictures\Screenshots\Capture d'écran 2025-12-19 103021.png"
2026-08-07 19:26:48 [WARNING] MENACE : None → Capture d'écran 2025-12-19 103021.png
2026-08-07 19:26:48 [ERROR]  Erreur scan YARA sur C:\Users\DELL LATITUDE 5420\OneDrive\Images\Pictures\Screenshots\Capture d'écran 2025-12-20 151413.png : could not open file "C:\Users\DELL LATITUDE 5420\OneDrive\Images\Pictures\Screenshots\Capture d'écran 2025-12-20 151413.png"
2026-08-07 19:26:48 [WARNING] MENACE : None → Capture d'écran 2025-12-20 151413.png
2026-08-07 19:26:48 [ERROR]  Erreur scan YARA sur C:\Users\DELL LATITUDE 5420\OneDrive\Images\Pictures\Screenshots\Capture d'écran 2025-12-21 005837.png : could not open file "C:\Users\DELL LATITUDE 5420\OneDrive\Images\Pictures\Screenshots\Capture d'écran 2025-12-21 005837.png"
2026-08-07 19:26:48 [WARNING] MENACE : None → Capture d'écran 2025-12-21 005837.png
2026-08-07 19:26:49 [ERROR]  Erreur scan YARA sur C:\Users\DELL LATITUDE 5420\OneDrive\Images\Pictures\Screenshots\Capture d'écran 2025-12-25 230559.png : could not open file "C:\Users\DELL LATITUDE 5420\OneDrive\Images\Pictures\Screenshots\Capture d'écran 2025-12-25 230559.png"
2026-08-07 19:26:49 [WARNING] MENACE : None → Capture d'écran 2025-12-25 230559.png
2026-08-07 19:26:49 [ERROR]  Erreur scan YARA sur C:\Users\DELL LATITUDE 5420\OneDrive\Images\Pictures\Screenshots\Capture d'écran 2025-12-26 033732.png : could not open file "C:\Users\DELL LATITUDE 5420\OneDrive\Images\Pictures\Screenshots\Capture d'écran 2025-12-26 033732.png"
2026-08-07 19:26:49 [WARNING] MENACE : None → Capture d'écran 2025-12-26 033732.png
2026-08-07 19:26:49 [ERROR]  Erreur scan YARA sur C:\Users\DELL LATITUDE 5420\OneDrive\Images\Pictures\Screenshots\Capture d'écran 2025-12-28 184812.png : could not open file "C:\Users\DELL LATITUDE 5420\OneDrive\Images\Pictures\Screenshots\Capture d'écran 2025-12-28 184812.png"
2026-08-07 19:26:49 [WARNING] MENACE : None → Capture d'écran 2025-12-28 184812.png
2026-08-07 19:26:49 [ERROR]  Erreur scan YARA sur C:\Users\DELL LATITUDE 5420\OneDrive\Images\Pictures\Screenshots\Capture d'écran 2025-12-29 104134.png : could not open file "C:\Users\DELL LATITUDE 5420\OneDrive\Images\Pictures\Screenshots\Capture d'écran 2025-12-29 104134.png"
2026-08-07 19:26:49 [WARNING] MENACE : None → Capture d'écran 2025-12-29 104134.png
2026-08-07 19:26:49 [ERROR]  Erreur scan YARA sur C:\Users\DELL LATITUDE 5420\OneDrive\Images\Pictures\Screenshots\Capture d'écran 2025-12-29 213525.png : could not open file "C:\Users\DELL LATITUDE 5420\OneDrive\Images\Pictures\Screenshots\Capture d'écran 2025-12-29 213525.png"
2026-08-07 19:26:49 [WARNING] MENACE : None → Capture d'écran 2025-12-29 213525.png
2026-08-07 19:26:49 [ERROR]  Erreur scan YARA sur C:\Users\DELL LATITUDE 5420\OneDrive\Images\Pictures\Screenshots\Capture d'écran 2025-12-30 142403.png : could not open file "C:\Users\DELL LATITUDE 5420\OneDrive\Images\Pictures\Screenshots\Capture d'écran 2025-12-30 142403.png"
2026-08-07 19:26:49 [WARNING] MENACE : None → Capture d'écran 2025-12-30 142403.png
2026-08-07 19:26:49 [ERROR]  Erreur scan YARA sur C:\Users\DELL LATITUDE 5420\OneDrive\Images\Pictures\Screenshots\Capture d'écran 2025-12-30 143423.png : could not open file "C:\Users\DELL LATITUDE 5420\OneDrive\Images\Pictures\Screenshots\Capture d'écran 2025-12-30 143423.png"
2026-08-07 19:26:49 [WARNING] MENACE : None → Capture d'écran 2025-12-30 143423.png
2026-08-07 19:26:49 [ERROR]  Erreur scan YARA sur C:\Users\DELL LATITUDE 5420\OneDrive\Images\Pictures\Screenshots\Capture d'écran 2025-12-30 143930.png : could not open file "C:\Users\DELL LATITUDE 5420\OneDrive\Images\Pictures\Screenshots\Capture d'écran 2025-12-30 143930.png"
2026-08-07 19:26:49 [WARNING] MENACE : None → Capture d'écran 2025-12-30 143930.png
2026-08-07 19:26:49 [ERROR]  Erreur scan YARA sur C:\Users\DELL LATITUDE 5420\OneDrive\Images\Pictures\Screenshots\Capture d'écran 2025-12-30 150538.png : could not open file "C:\Users\DELL LATITUDE 5420\OneDrive\Images\Pictures\Screenshots\Capture d'écran 2025-12-30 150538.png"
2026-08-07 19:26:49 [WARNING] MENACE : None → Capture d'écran 2025-12-30 150538.png
2026-08-07 19:26:49 [ERROR]  Erreur scan YARA sur C:\Users\DELL LATITUDE 5420\OneDrive\Images\Pictures\Screenshots\Capture d'écran 2025-12-30 164251.png : could not open file "C:\Users\DELL LATITUDE 5420\OneDrive\Images\Pictures\Screenshots\Capture d'écran 2025-12-30 164251.png"
2026-08-07 19:26:49 [WARNING] MENACE : None → Capture d'écran 2025-12-30 164251.png
2026-08-07 19:26:49 [ERROR]  Erreur scan YARA sur C:\Users\DELL LATITUDE 5420\OneDrive\Images\Pictures\Screenshots\Capture d'écran 2025-12-31 174453.png : could not open file "C:\Users\DELL LATITUDE 5420\OneDrive\Images\Pictures\Screenshots\Capture d'écran 2025-12-31 174453.png"
2026-08-07 19:26:49 [WARNING] MENACE : None → Capture d'écran 2025-12-31 174453.png
2026-08-07 19:26:49 [ERROR]  Erreur scan YARA sur C:\Users\DELL LATITUDE 5420\OneDrive\Images\Pictures\Screenshots\Capture d'écran 2025-12-31 174529.png : could not open file "C:\Users\DELL LATITUDE 5420\OneDrive\Images\Pictures\Screenshots\Capture d'écran 2025-12-31 174529.png"
2026-08-07 19:26:49 [WARNING] MENACE : None → Capture d'écran 2025-12-31 174529.png
2026-08-07 19:26:49 [ERROR]  Erreur scan YARA sur C:\Users\DELL LATITUDE 5420\OneDrive\Images\Pictures\Screenshots\Capture d'écran 2025-12-31 174734.png : could not open file "C:\Users\DELL LATITUDE 5420\OneDrive\Images\Pictures\Screenshots\Capture d'écran 2025-12-31 174734.png"
2026-08-07 19:26:49 [WARNING] MENACE : None → Capture d'écran 2025-12-31 174734.png
2026-08-07 19:26:50 [ERROR]  Erreur scan YARA sur C:\Users\DELL LATITUDE 5420\OneDrive\Images\Pictures\Screenshots\Capture d'écran 2025-12-31 175657.png : could not open file "C:\Users\DELL LATITUDE 5420\OneDrive\Images\Pictures\Screenshots\Capture d'écran 2025-12-31 175657.png"
2026-08-07 19:26:50 [WARNING] MENACE : None → Capture d'écran 2025-12-31 175657.png
2026-08-07 19:26:50 [ERROR]  Erreur scan YARA sur C:\Users\DELL LATITUDE 5420\OneDrive\Images\Pictures\Screenshots\Capture d'écran 2025-12-31 175809.png : could not open file "C:\Users\DELL LATITUDE 5420\OneDrive\Images\Pictures\Screenshots\Capture d'écran 2025-12-31 175809.png"
2026-08-07 19:26:50 [WARNING] MENACE : None → Capture d'écran 2025-12-31 175809.png
2026-08-07 19:26:50 [ERROR]  Erreur scan YARA sur C:\Users\DELL LATITUDE 5420\OneDrive\Images\Pictures\Screenshots\Capture d'écran 2026-01-04 205817.png : could not open file "C:\Users\DELL LATITUDE 5420\OneDrive\Images\Pictures\Screenshots\Capture d'écran 2026-01-04 205817.png"
2026-08-07 19:26:50 [WARNING] MENACE : None → Capture d'écran 2026-01-04 205817.png
2026-08-07 19:26:50 [ERROR]  Erreur scan YARA sur C:\Users\DELL LATITUDE 5420\OneDrive\Images\Pictures\Screenshots\Capture d'écran 2026-01-04 205914.png : could not open file "C:\Users\DELL LATITUDE 5420\OneDrive\Images\Pictures\Screenshots\Capture d'écran 2026-01-04 205914.png"
2026-08-07 19:26:50 [WARNING] MENACE : None → Capture d'écran 2026-01-04 205914.png
2026-08-07 19:26:50 [ERROR]  Erreur scan YARA sur C:\Users\DELL LATITUDE 5420\OneDrive\Images\Pictures\Screenshots\Capture d'écran 2026-01-06 023114.png : could not open file "C:\Users\DELL LATITUDE 5420\OneDrive\Images\Pictures\Screenshots\Capture d'écran 2026-01-06 023114.png"
2026-08-07 19:26:50 [WARNING] MENACE : None → Capture d'écran 2026-01-06 023114.png
2026-08-07 19:26:50 [ERROR]  Erreur scan YARA sur C:\Users\DELL LATITUDE 5420\OneDrive\Images\Pictures\Screenshots\Capture d'écran 2026-01-06 023225.png : could not open file "C:\Users\DELL LATITUDE 5420\OneDrive\Images\Pictures\Screenshots\Capture d'écran 2026-01-06 023225.png"
2026-08-07 19:26:50 [WARNING] MENACE : None → Capture d'écran 2026-01-06 023225.png
2026-08-07 19:26:50 [ERROR]  Erreur scan YARA sur C:\Users\DELL LATITUDE 5420\OneDrive\Images\Pictures\Screenshots\Capture d'écran 2026-01-06 023524.png : could not open file "C:\Users\DELL LATITUDE 5420\OneDrive\Images\Pictures\Screenshots\Capture d'écran 2026-01-06 023524.png"
2026-08-07 19:26:50 [WARNING] MENACE : None → Capture d'écran 2026-01-06 023524.png
2026-08-07 19:26:50 [ERROR]  Erreur scan YARA sur C:\Users\DELL LATITUDE 5420\OneDrive\Images\Pictures\Screenshots\Capture d'écran 2026-01-06 025206.png : could not open file "C:\Users\DELL LATITUDE 5420\OneDrive\Images\Pictures\Screenshots\Capture d'écran 2026-01-06 025206.png"
2026-08-07 19:26:50 [WARNING] MENACE : None → Capture d'écran 2026-01-06 025206.png
2026-08-07 19:26:50 [ERROR]  Erreur scan YARA sur C:\Users\DELL LATITUDE 5420\OneDrive\Images\Pictures\Screenshots\Capture d'écran 2026-01-06 202416.png : could not open file "C:\Users\DELL LATITUDE 5420\OneDrive\Images\Pictures\Screenshots\Capture d'écran 2026-01-06 202416.png"
2026-08-07 19:26:50 [WARNING] MENACE : None → Capture d'écran 2026-01-06 202416.png
2026-08-07 19:26:51 [ERROR]  Erreur scan YARA sur C:\Users\DELL LATITUDE 5420\OneDrive\Images\Pictures\Screenshots\Capture d'écran 2026-01-06 211120.png : could not open file "C:\Users\DELL LATITUDE 5420\OneDrive\Images\Pictures\Screenshots\Capture d'écran 2026-01-06 211120.png"
2026-08-07 19:26:51 [WARNING] MENACE : None → Capture d'écran 2026-01-06 211120.png
2026-08-07 19:26:51 [ERROR]  Erreur scan YARA sur C:\Users\DELL LATITUDE 5420\OneDrive\Images\Pictures\Screenshots\Capture d'écran 2026-01-06 211308.png : could not open file "C:\Users\DELL LATITUDE 5420\OneDrive\Images\Pictures\Screenshots\Capture d'écran 2026-01-06 211308.png"
2026-08-07 19:26:51 [WARNING] MENACE : None → Capture d'écran 2026-01-06 211308.png
2026-08-07 19:26:51 [ERROR]  Erreur scan YARA sur C:\Users\DELL LATITUDE 5420\OneDrive\Images\Pictures\Screenshots\Capture d'écran 2026-01-06 211412.png : could not open file "C:\Users\DELL LATITUDE 5420\OneDrive\Images\Pictures\Screenshots\Capture d'écran 2026-01-06 211412.png"
2026-08-07 19:26:51 [WARNING] MENACE : None → Capture d'écran 2026-01-06 211412.png
2026-08-07 19:26:51 [ERROR]  Erreur scan YARA sur C:\Users\DELL LATITUDE 5420\OneDrive\Images\Pictures\Screenshots\Capture d'écran 2026-01-06 211455.png : could not open file "C:\Users\DELL LATITUDE 5420\OneDrive\Images\Pictures\Screenshots\Capture d'écran 2026-01-06 211455.png"
2026-08-07 19:26:51 [WARNING] MENACE : None → Capture d'écran 2026-01-06 211455.png
2026-08-07 19:26:51 [ERROR]  Erreur scan YARA sur C:\Users\DELL LATITUDE 5420\OneDrive\Images\Pictures\Screenshots\Capture d'écran 2026-01-06 212204.png : could not open file "C:\Users\DELL LATITUDE 5420\OneDrive\Images\Pictures\Screenshots\Capture d'écran 2026-01-06 212204.png"
2026-08-07 19:26:51 [WARNING] MENACE : None → Capture d'écran 2026-01-06 212204.png
2026-08-07 19:26:51 [ERROR]  Erreur scan YARA sur C:\Users\DELL LATITUDE 5420\OneDrive\Images\Pictures\Screenshots\Capture d'écran 2026-01-06 212313.png : could not open file "C:\Users\DELL LATITUDE 5420\OneDrive\Images\Pictures\Screenshots\Capture d'écran 2026-01-06 212313.png"
2026-08-07 19:26:51 [WARNING] MENACE : None → Capture d'écran 2026-01-06 212313.png
2026-08-07 19:26:51 [ERROR]  Erreur scan YARA sur C:\Users\DELL LATITUDE 5420\OneDrive\Images\Pictures\Screenshots\Capture d'écran 2026-01-06 213127.png : could not open file "C:\Users\DELL LATITUDE 5420\OneDrive\Images\Pictures\Screenshots\Capture d'écran 2026-01-06 213127.png"
2026-08-07 19:26:51 [WARNING] MENACE : None → Capture d'écran 2026-01-06 213127.png
2026-08-07 19:26:51 [ERROR]  Erreur scan YARA sur C:\Users\DELL LATITUDE 5420\OneDrive\Images\Pictures\Screenshots\Capture d'écran 2026-01-06 213218.png : could not open file "C:\Users\DELL LATITUDE 5420\OneDrive\Images\Pictures\Screenshots\Capture d'écran 2026-01-06 213218.png"
2026-08-07 19:26:51 [ERROR]  Erreur scan YARA sur C:\Users\DELL LATITUDE 5420\OneDrive\Images\Pictures\Screenshots\Capture d'écran 2026-01-06 213224.png : could not open file "C:\Users\DELL LATITUDE 5420\OneDrive\Images\Pictures\Screenshots\Capture d'écran 2026-01-06 213224.png"
2026-08-07 19:26:51 [WARNING] MENACE : None → Capture d'écran 2026-01-06 213224.png
2026-08-07 19:26:51 [ERROR]  Erreur scan YARA sur C:\Users\DELL LATITUDE 5420\OneDrive\Images\Pictures\Screenshots\Capture d'écran 2026-01-06 214945.png : could not open file "C:\Users\DELL LATITUDE 5420\OneDrive\Images\Pictures\Screenshots\Capture d'écran 2026-01-06 214945.png"
2026-08-07 19:26:51 [WARNING] MENACE : None → Capture d'écran 2026-01-06 214945.png
2026-08-07 19:26:51 [ERROR]  Erreur scan YARA sur C:\Users\DELL LATITUDE 5420\OneDrive\Images\Pictures\Screenshots\Capture d'écran 2026-01-06 224215.png : could not open file "C:\Users\DELL LATITUDE 5420\OneDrive\Images\Pictures\Screenshots\Capture d'écran 2026-01-06 224215.png"
2026-08-07 19:26:51 [WARNING] MENACE : None → Capture d'écran 2026-01-06 224215.png
2026-08-07 19:26:51 [ERROR]  Erreur scan YARA sur C:\Users\DELL LATITUDE 5420\OneDrive\Images\Pictures\Screenshots\Capture d'écran 2026-01-06 224258.png : could not open file "C:\Users\DELL LATITUDE 5420\OneDrive\Images\Pictures\Screenshots\Capture d'écran 2026-01-06 224258.png"
2026-08-07 19:26:51 [WARNING] MENACE : None → Capture d'écran 2026-01-06 224258.png
2026-08-07 19:26:51 [ERROR]  Erreur scan YARA sur C:\Users\DELL LATITUDE 5420\OneDrive\Images\Pictures\Screenshots\Capture d'écran 2026-01-06 231645.png : could not open file "C:\Users\DELL LATITUDE 5420\OneDrive\Images\Pictures\Screenshots\Capture d'écran 2026-01-06 231645.png"
2026-08-07 19:26:51 [WARNING] MENACE : None → Capture d'écran 2026-01-06 231645.png
2026-08-07 19:26:51 [ERROR]  Erreur scan YARA sur C:\Users\DELL LATITUDE 5420\OneDrive\Images\Pictures\Screenshots\Capture d'écran 2026-01-06 232229.png : could not open file "C:\Users\DELL LATITUDE 5420\OneDrive\Images\Pictures\Screenshots\Capture d'écran 2026-01-06 232229.png"
2026-08-07 19:26:51 [ERROR]  Erreur scan YARA sur C:\Users\DELL LATITUDE 5420\OneDrive\Images\Pictures\Screenshots\Capture d'écran 2026-01-06 232305.png : could not open file "C:\Users\DELL LATITUDE 5420\OneDrive\Images\Pictures\Screenshots\Capture d'écran 2026-01-06 232305.png"
2026-08-07 19:26:51 [WARNING] MENACE : None → Capture d'écran 2026-01-06 232305.png
2026-08-07 19:26:51 [ERROR]  Erreur scan YARA sur C:\Users\DELL LATITUDE 5420\OneDrive\Images\Pictures\Screenshots\Capture d'écran 2026-01-06 233005.png : could not open file "C:\Users\DELL LATITUDE 5420\OneDrive\Images\Pictures\Screenshots\Capture d'écran 2026-01-06 233005.png"
2026-08-07 19:26:51 [WARNING] MENACE : None → Capture d'écran 2026-01-06 233005.png
2026-08-07 19:26:51 [ERROR]  Erreur scan YARA sur C:\Users\DELL LATITUDE 5420\OneDrive\Images\Pictures\Screenshots\Capture d'écran 2026-01-06 234634.png : could not open file "C:\Users\DELL LATITUDE 5420\OneDrive\Images\Pictures\Screenshots\Capture d'écran 2026-01-06 234634.png"
2026-08-07 19:26:51 [WARNING] MENACE : None → Capture d'écran 2026-01-06 234634.png
2026-08-07 19:26:51 [ERROR]  Erreur scan YARA sur C:\Users\DELL LATITUDE 5420\OneDrive\Images\Pictures\Screenshots\Capture d'écran 2026-01-08 221625.png : could not open file "C:\Users\DELL LATITUDE 5420\OneDrive\Images\Pictures\Screenshots\Capture d'écran 2026-01-08 221625.png"
2026-08-07 19:26:51 [WARNING] MENACE : None → Capture d'écran 2026-01-08 221625.png
2026-08-07 19:26:51 [ERROR]  Erreur scan YARA sur C:\Users\DELL LATITUDE 5420\OneDrive\Images\Pictures\Screenshots\Capture d'écran 2026-01-09 094444.png : could not open file "C:\Users\DELL LATITUDE 5420\OneDrive\Images\Pictures\Screenshots\Capture d'écran 2026-01-09 094444.png"
2026-08-07 19:26:51 [WARNING] MENACE : None → Capture d'écran 2026-01-09 094444.png
2026-08-07 19:26:51 [ERROR]  Erreur scan YARA sur C:\Users\DELL LATITUDE 5420\OneDrive\Images\Pictures\Screenshots\Capture d'écran 2026-01-09 095017.png : could not open file "C:\Users\DELL LATITUDE 5420\OneDrive\Images\Pictures\Screenshots\Capture d'écran 2026-01-09 095017.png"
2026-08-07 19:26:51 [WARNING] MENACE : None → Capture d'écran 2026-01-09 095017.png
2026-08-07 19:26:51 [ERROR]  Erreur scan YARA sur C:\Users\DELL LATITUDE 5420\OneDrive\Images\Pictures\Screenshots\Capture d'écran 2026-01-09 100958.png : could not open file "C:\Users\DELL LATITUDE 5420\OneDrive\Images\Pictures\Screenshots\Capture d'écran 2026-01-09 100958.png"
2026-08-07 19:26:51 [WARNING] MENACE : None → Capture d'écran 2026-01-09 100958.png
2026-08-07 19:26:51 [ERROR]  Erreur scan YARA sur C:\Users\DELL LATITUDE 5420\OneDrive\Images\Pictures\Screenshots\Capture d'écran 2026-01-09 103753.png : could not open file "C:\Users\DELL LATITUDE 5420\OneDrive\Images\Pictures\Screenshots\Capture d'écran 2026-01-09 103753.png"
2026-08-07 19:26:51 [WARNING] MENACE : None → Capture d'écran 2026-01-09 103753.png
2026-08-07 19:26:51 [ERROR]  Erreur scan YARA sur C:\Users\DELL LATITUDE 5420\OneDrive\Images\Pictures\Screenshots\Capture d'écran 2026-01-09 104903.png : could not open file "C:\Users\DELL LATITUDE 5420\OneDrive\Images\Pictures\Screenshots\Capture d'écran 2026-01-09 104903.png"
2026-08-07 19:26:51 [WARNING] MENACE : None → Capture d'écran 2026-01-09 104903.png
2026-08-07 19:26:51 [ERROR]  Erreur scan YARA sur C:\Users\DELL LATITUDE 5420\OneDrive\Images\Pictures\Screenshots\Capture d'écran 2026-01-09 110101.png : could not open file "C:\Users\DELL LATITUDE 5420\OneDrive\Images\Pictures\Screenshots\Capture d'écran 2026-01-09 110101.png"
2026-08-07 19:26:51 [WARNING] MENACE : None → Capture d'écran 2026-01-09 110101.png
2026-08-07 19:26:51 [ERROR]  Erreur scan YARA sur C:\Users\DELL LATITUDE 5420\OneDrive\Images\Pictures\Screenshots\Capture d'écran 2026-01-09 111725.png : could not open file "C:\Users\DELL LATITUDE 5420\OneDrive\Images\Pictures\Screenshots\Capture d'écran 2026-01-09 111725.png"
2026-08-07 19:26:51 [WARNING] MENACE : None → Capture d'écran 2026-01-09 111725.png
2026-08-07 19:26:51 [ERROR]  Erreur scan YARA sur C:\Users\DELL LATITUDE 5420\OneDrive\Images\Pictures\Screenshots\Capture d'écran 2026-01-09 111946.png : could not open file "C:\Users\DELL LATITUDE 5420\OneDrive\Images\Pictures\Screenshots\Capture d'écran 2026-01-09 111946.png"
2026-08-07 19:26:51 [WARNING] MENACE : None → Capture d'écran 2026-01-09 111946.png
2026-08-07 19:26:51 [ERROR]  Erreur scan YARA sur C:\Users\DELL LATITUDE 5420\OneDrive\Images\Pictures\Screenshots\Capture d'écran 2026-01-09 112338.png : could not open file "C:\Users\DELL LATITUDE 5420\OneDrive\Images\Pictures\Screenshots\Capture d'écran 2026-01-09 112338.png"
2026-08-07 19:26:51 [WARNING] MENACE : None → Capture d'écran 2026-01-09 112338.png
2026-08-07 19:26:51 [ERROR]  Erreur scan YARA sur C:\Users\DELL LATITUDE 5420\OneDrive\Images\Pictures\Screenshots\Capture d'écran 2026-01-09 195106.png : could not open file "C:\Users\DELL LATITUDE 5420\OneDrive\Images\Pictures\Screenshots\Capture d'écran 2026-01-09 195106.png"
2026-08-07 19:26:51 [WARNING] MENACE : None → Capture d'écran 2026-01-09 195106.png
2026-08-07 19:26:51 [ERROR]  Erreur scan YARA sur C:\Users\DELL LATITUDE 5420\OneDrive\Images\Pictures\Screenshots\Capture d'écran 2026-01-10 211849.png : could not open file "C:\Users\DELL LATITUDE 5420\OneDrive\Images\Pictures\Screenshots\Capture d'écran 2026-01-10 211849.png"
2026-08-07 19:26:51 [WARNING] MENACE : None → Capture d'écran 2026-01-10 211849.png
2026-08-07 19:26:51 [ERROR]  Erreur scan YARA sur C:\Users\DELL LATITUDE 5420\OneDrive\Images\Pictures\Screenshots\Capture d'écran 2026-01-10 211902.png : could not open file "C:\Users\DELL LATITUDE 5420\OneDrive\Images\Pictures\Screenshots\Capture d'écran 2026-01-10 211902.png"
2026-08-07 19:26:51 [WARNING] MENACE : None → Capture d'écran 2026-01-10 211902.png
2026-08-07 19:26:51 [ERROR]  Erreur scan YARA sur C:\Users\DELL LATITUDE 5420\OneDrive\Images\Pictures\Screenshots\Capture d'écran 2026-01-10 211910.png : could not open file "C:\Users\DELL LATITUDE 5420\OneDrive\Images\Pictures\Screenshots\Capture d'écran 2026-01-10 211910.png"
2026-08-07 19:26:51 [WARNING] MENACE : None → Capture d'écran 2026-01-10 211910.png
2026-08-07 19:26:51 [ERROR]  Erreur scan YARA sur C:\Users\DELL LATITUDE 5420\OneDrive\Images\Pictures\Screenshots\Capture d'écran 2026-01-10 211917.png : could not open file "C:\Users\DELL LATITUDE 5420\OneDrive\Images\Pictures\Screenshots\Capture d'écran 2026-01-10 211917.png"
2026-08-07 19:26:51 [WARNING] MENACE : None → Capture d'écran 2026-01-10 211917.png
2026-08-07 19:26:51 [ERROR]  Erreur scan YARA sur C:\Users\DELL LATITUDE 5420\OneDrive\Images\Pictures\Screenshots\Capture d'écran 2026-01-10 211925.png : could not open file "C:\Users\DELL LATITUDE 5420\OneDrive\Images\Pictures\Screenshots\Capture d'écran 2026-01-10 211925.png"
2026-08-07 19:26:51 [WARNING] MENACE : None → Capture d'écran 2026-01-10 211925.png
2026-08-07 19:26:51 [ERROR]  Erreur scan YARA sur C:\Users\DELL LATITUDE 5420\OneDrive\Images\Pictures\Screenshots\Capture d'écran 2026-01-10 211932.png : could not open file "C:\Users\DELL LATITUDE 5420\OneDrive\Images\Pictures\Screenshots\Capture d'écran 2026-01-10 211932.png"
2026-08-07 19:26:51 [WARNING] MENACE : None → Capture d'écran 2026-01-10 211932.png
2026-08-07 19:26:51 [ERROR]  Erreur scan YARA sur C:\Users\DELL LATITUDE 5420\OneDrive\Images\Pictures\Screenshots\Capture d'écran 2026-01-10 211939.png : could not open file "C:\Users\DELL LATITUDE 5420\OneDrive\Images\Pictures\Screenshots\Capture d'écran 2026-01-10 211939.png"
2026-08-07 19:26:51 [WARNING] MENACE : None → Capture d'écran 2026-01-10 211939.png
2026-08-07 19:26:51 [ERROR]  Erreur scan YARA sur C:\Users\DELL LATITUDE 5420\OneDrive\Images\Pictures\Screenshots\Capture d'écran 2026-01-10 211947.png : could not open file "C:\Users\DELL LATITUDE 5420\OneDrive\Images\Pictures\Screenshots\Capture d'écran 2026-01-10 211947.png"
2026-08-07 19:26:51 [WARNING] MENACE : None → Capture d'écran 2026-01-10 211947.png
2026-08-07 19:26:51 [ERROR]  Erreur scan YARA sur C:\Users\DELL LATITUDE 5420\OneDrive\Images\Pictures\Screenshots\Capture d'écran 2026-01-10 211954.png : could not open file "C:\Users\DELL LATITUDE 5420\OneDrive\Images\Pictures\Screenshots\Capture d'écran 2026-01-10 211954.png"
2026-08-07 19:26:51 [WARNING] MENACE : None → Capture d'écran 2026-01-10 211954.png
2026-08-07 19:26:51 [ERROR]  Erreur scan YARA sur C:\Users\DELL LATITUDE 5420\OneDrive\Images\Pictures\Screenshots\Capture d'écran 2026-01-10 212005.png : could not open file "C:\Users\DELL LATITUDE 5420\OneDrive\Images\Pictures\Screenshots\Capture d'écran 2026-01-10 212005.png"
2026-08-07 19:26:51 [WARNING] MENACE : None → Capture d'écran 2026-01-10 212005.png
2026-08-07 19:26:51 [ERROR]  Erreur scan YARA sur C:\Users\DELL LATITUDE 5420\OneDrive\Images\Pictures\Screenshots\Capture d'écran 2026-01-10 212013.png : could not open file "C:\Users\DELL LATITUDE 5420\OneDrive\Images\Pictures\Screenshots\Capture d'écran 2026-01-10 212013.png"
2026-08-07 19:26:51 [WARNING] MENACE : None → Capture d'écran 2026-01-10 212013.png
2026-08-07 19:26:51 [ERROR]  Erreur scan YARA sur C:\Users\DELL LATITUDE 5420\OneDrive\Images\Pictures\Screenshots\Capture d'écran 2026-01-10 212022.png : could not open file "C:\Users\DELL LATITUDE 5420\OneDrive\Images\Pictures\Screenshots\Capture d'écran 2026-01-10 212022.png"
2026-08-07 19:26:51 [WARNING] MENACE : None → Capture d'écran 2026-01-10 212022.png
2026-08-07 19:26:51 [ERROR]  Erreur scan YARA sur C:\Users\DELL LATITUDE 5420\OneDrive\Images\Pictures\Screenshots\Capture d'écran 2026-01-10 212032.png : could not open file "C:\Users\DELL LATITUDE 5420\OneDrive\Images\Pictures\Screenshots\Capture d'écran 2026-01-10 212032.png"
2026-08-07 19:26:51 [WARNING] MENACE : None → Capture d'écran 2026-01-10 212032.png
2026-08-07 19:26:51 [ERROR]  Erreur scan YARA sur C:\Users\DELL LATITUDE 5420\OneDrive\Images\Pictures\Screenshots\Capture d'écran 2026-01-13 014934.png : could not open file "C:\Users\DELL LATITUDE 5420\OneDrive\Images\Pictures\Screenshots\Capture d'écran 2026-01-13 014934.png"
2026-08-07 19:26:51 [WARNING] MENACE : None → Capture d'écran 2026-01-13 014934.png
2026-08-07 19:26:51 [ERROR]  Erreur scan YARA sur C:\Users\DELL LATITUDE 5420\OneDrive\Images\Pictures\Screenshots\Capture d'écran 2026-01-13 015102.png : could not open file "C:\Users\DELL LATITUDE 5420\OneDrive\Images\Pictures\Screenshots\Capture d'écran 2026-01-13 015102.png"
2026-08-07 19:26:51 [WARNING] MENACE : None → Capture d'écran 2026-01-13 015102.png
2026-08-07 19:26:51 [ERROR]  Erreur scan YARA sur C:\Users\DELL LATITUDE 5420\OneDrive\Images\Pictures\Screenshots\Capture d'écran 2026-01-13 020841.png : could not open file "C:\Users\DELL LATITUDE 5420\OneDrive\Images\Pictures\Screenshots\Capture d'écran 2026-01-13 020841.png"
2026-08-07 19:26:51 [WARNING] MENACE : None → Capture d'écran 2026-01-13 020841.png
2026-08-07 19:26:52 [ERROR]  Erreur scan YARA sur C:\Users\DELL LATITUDE 5420\OneDrive\Images\Pictures\Screenshots\Capture d'écran 2026-01-14 005330.png : could not open file "C:\Users\DELL LATITUDE 5420\OneDrive\Images\Pictures\Screenshots\Capture d'écran 2026-01-14 005330.png"
2026-08-07 19:26:52 [WARNING] MENACE : None → Capture d'écran 2026-01-14 005330.png
2026-08-07 19:26:52 [ERROR]  Erreur scan YARA sur C:\Users\DELL LATITUDE 5420\OneDrive\Images\Pictures\Screenshots\Capture d'écran 2026-01-15 205000.png : could not open file "C:\Users\DELL LATITUDE 5420\OneDrive\Images\Pictures\Screenshots\Capture d'écran 2026-01-15 205000.png"
2026-08-07 19:26:52 [WARNING] MENACE : None → Capture d'écran 2026-01-15 205000.png
2026-08-07 19:26:52 [ERROR]  Erreur scan YARA sur C:\Users\DELL LATITUDE 5420\OneDrive\Images\Pictures\Screenshots\Capture d'écran 2026-01-15 205702.png : could not open file "C:\Users\DELL LATITUDE 5420\OneDrive\Images\Pictures\Screenshots\Capture d'écran 2026-01-15 205702.png"
2026-08-07 19:26:52 [WARNING] MENACE : None → Capture d'écran 2026-01-15 205702.png
2026-08-07 19:26:52 [ERROR]  Erreur scan YARA sur C:\Users\DELL LATITUDE 5420\OneDrive\Images\Pictures\Screenshots\Capture d'écran 2026-01-15 210054.png : could not open file "C:\Users\DELL LATITUDE 5420\OneDrive\Images\Pictures\Screenshots\Capture d'écran 2026-01-15 210054.png"
2026-08-07 19:26:52 [WARNING] MENACE : None → Capture d'écran 2026-01-15 210054.png
2026-08-07 19:26:52 [ERROR]  Erreur scan YARA sur C:\Users\DELL LATITUDE 5420\OneDrive\Images\Pictures\Screenshots\Capture d'écran 2026-01-15 210111.png : could not open file "C:\Users\DELL LATITUDE 5420\OneDrive\Images\Pictures\Screenshots\Capture d'écran 2026-01-15 210111.png"
2026-08-07 19:26:52 [WARNING] MENACE : None → Capture d'écran 2026-01-15 210111.png
2026-08-07 19:26:52 [ERROR]  Erreur scan YARA sur C:\Users\DELL LATITUDE 5420\OneDrive\Images\Pictures\Screenshots\Capture d'écran 2026-01-15 210303.png : could not open file "C:\Users\DELL LATITUDE 5420\OneDrive\Images\Pictures\Screenshots\Capture d'écran 2026-01-15 210303.png"
2026-08-07 19:26:52 [WARNING] MENACE : None → Capture d'écran 2026-01-15 210303.png
2026-08-07 19:26:52 [ERROR]  Erreur scan YARA sur C:\Users\DELL LATITUDE 5420\OneDrive\Images\Pictures\Screenshots\Capture d'écran 2026-01-15 210347.png : could not open file "C:\Users\DELL LATITUDE 5420\OneDrive\Images\Pictures\Screenshots\Capture d'écran 2026-01-15 210347.png"
2026-08-07 19:26:52 [WARNING] MENACE : None → Capture d'écran 2026-01-15 210347.png
2026-08-07 19:26:52 [ERROR]  Erreur scan YARA sur C:\Users\DELL LATITUDE 5420\OneDrive\Images\Pictures\Screenshots\Capture d'écran 2026-01-15 210446.png : could not open file "C:\Users\DELL LATITUDE 5420\OneDrive\Images\Pictures\Screenshots\Capture d'écran 2026-01-15 210446.png"
2026-08-07 19:26:52 [WARNING] MENACE : None → Capture d'écran 2026-01-15 210446.png
2026-08-07 19:26:52 [ERROR]  Erreur scan YARA sur C:\Users\DELL LATITUDE 5420\OneDrive\Images\Pictures\Screenshots\Capture d'écran 2026-01-15 211823.png : could not open file "C:\Users\DELL LATITUDE 5420\OneDrive\Images\Pictures\Screenshots\Capture d'écran 2026-01-15 211823.png"
2026-08-07 19:26:52 [WARNING] MENACE : None → Capture d'écran 2026-01-15 211823.png
2026-08-07 19:26:52 [ERROR]  Erreur scan YARA sur C:\Users\DELL LATITUDE 5420\OneDrive\Images\Pictures\Screenshots\Capture d'écran 2026-01-15 212307.png : could not open file "C:\Users\DELL LATITUDE 5420\OneDrive\Images\Pictures\Screenshots\Capture d'écran 2026-01-15 212307.png"
2026-08-07 19:26:52 [WARNING] MENACE : None → Capture d'écran 2026-01-15 212307.png
2026-08-07 19:26:52 [ERROR]  Erreur scan YARA sur C:\Users\DELL LATITUDE 5420\OneDrive\Images\Pictures\Screenshots\Capture d'écran 2026-01-15 212530.png : could not open file "C:\Users\DELL LATITUDE 5420\OneDrive\Images\Pictures\Screenshots\Capture d'écran 2026-01-15 212530.png"
2026-08-07 19:26:52 [WARNING] MENACE : None → Capture d'écran 2026-01-15 212530.png
2026-08-07 19:26:52 [ERROR]  Erreur scan YARA sur C:\Users\DELL LATITUDE 5420\OneDrive\Images\Pictures\Screenshots\Capture d'écran 2026-01-15 213201.png : could not open file "C:\Users\DELL LATITUDE 5420\OneDrive\Images\Pictures\Screenshots\Capture d'écran 2026-01-15 213201.png"
2026-08-07 19:26:52 [WARNING] MENACE : None → Capture d'écran 2026-01-15 213201.png
2026-08-07 19:26:52 [ERROR]  Erreur scan YARA sur C:\Users\DELL LATITUDE 5420\OneDrive\Images\Pictures\Screenshots\Capture d'écran 2026-01-15 213334.png : could not open file "C:\Users\DELL LATITUDE 5420\OneDrive\Images\Pictures\Screenshots\Capture d'écran 2026-01-15 213334.png"
2026-08-07 19:26:52 [WARNING] MENACE : None → Capture d'écran 2026-01-15 213334.png
2026-08-07 19:26:52 [ERROR]  Erreur scan YARA sur C:\Users\DELL LATITUDE 5420\OneDrive\Images\Pictures\Screenshots\Capture d'écran 2026-01-15 213407.png : could not open file "C:\Users\DELL LATITUDE 5420\OneDrive\Images\Pictures\Screenshots\Capture d'écran 2026-01-15 213407.png"
2026-08-07 19:26:52 [WARNING] MENACE : None → Capture d'écran 2026-01-15 213407.png
2026-08-07 19:26:52 [ERROR]  Erreur scan YARA sur C:\Users\DELL LATITUDE 5420\OneDrive\Images\Pictures\Screenshots\Capture d'écran 2026-01-15 215417.png : could not open file "C:\Users\DELL LATITUDE 5420\OneDrive\Images\Pictures\Screenshots\Capture d'écran 2026-01-15 215417.png"
2026-08-07 19:26:52 [WARNING] MENACE : None → Capture d'écran 2026-01-15 215417.png
2026-08-07 19:26:52 [ERROR]  Erreur scan YARA sur C:\Users\DELL LATITUDE 5420\OneDrive\Images\Pictures\Screenshots\Capture d'écran 2026-01-15 220043.png : could not open file "C:\Users\DELL LATITUDE 5420\OneDrive\Images\Pictures\Screenshots\Capture d'écran 2026-01-15 220043.png"
2026-08-07 19:26:52 [WARNING] MENACE : None → Capture d'écran 2026-01-15 220043.png
2026-08-07 19:26:52 [ERROR]  Erreur scan YARA sur C:\Users\DELL LATITUDE 5420\OneDrive\Images\Pictures\Screenshots\Capture d'écran 2026-01-15 220343.png : could not open file "C:\Users\DELL LATITUDE 5420\OneDrive\Images\Pictures\Screenshots\Capture d'écran 2026-01-15 220343.png"
2026-08-07 19:26:52 [WARNING] MENACE : None → Capture d'écran 2026-01-15 220343.png
2026-08-07 19:26:52 [ERROR]  Erreur scan YARA sur C:\Users\DELL LATITUDE 5420\OneDrive\Images\Pictures\Screenshots\Capture d'écran 2026-01-16 110420.png : could not open file "C:\Users\DELL LATITUDE 5420\OneDrive\Images\Pictures\Screenshots\Capture d'écran 2026-01-16 110420.png"
2026-08-07 19:26:52 [WARNING] MENACE : None → Capture d'écran 2026-01-16 110420.png
2026-08-07 19:26:52 [ERROR]  Erreur scan YARA sur C:\Users\DELL LATITUDE 5420\OneDrive\Images\Pictures\Screenshots\Capture d'écran 2026-01-16 110448.png : could not open file "C:\Users\DELL LATITUDE 5420\OneDrive\Images\Pictures\Screenshots\Capture d'écran 2026-01-16 110448.png"
2026-08-07 19:26:52 [WARNING] MENACE : None → Capture d'écran 2026-01-16 110448.png
2026-08-07 19:26:52 [ERROR]  Erreur scan YARA sur C:\Users\DELL LATITUDE 5420\OneDrive\Images\Pictures\Screenshots\Capture d'écran 2026-01-16 110607.png : could not open file "C:\Users\DELL LATITUDE 5420\OneDrive\Images\Pictures\Screenshots\Capture d'écran 2026-01-16 110607.png"
2026-08-07 19:26:52 [WARNING] MENACE : None → Capture d'écran 2026-01-16 110607.png
2026-08-07 19:26:52 [ERROR]  Erreur scan YARA sur C:\Users\DELL LATITUDE 5420\OneDrive\Images\Pictures\Screenshots\Capture d'écran 2026-01-16 110730.png : could not open file "C:\Users\DELL LATITUDE 5420\OneDrive\Images\Pictures\Screenshots\Capture d'écran 2026-01-16 110730.png"
2026-08-07 19:26:52 [WARNING] MENACE : None → Capture d'écran 2026-01-16 110730.png
2026-08-07 19:26:52 [ERROR]  Erreur scan YARA sur C:\Users\DELL LATITUDE 5420\OneDrive\Images\Pictures\Screenshots\Capture d'écran 2026-01-16 110901.png : could not open file "C:\Users\DELL LATITUDE 5420\OneDrive\Images\Pictures\Screenshots\Capture d'écran 2026-01-16 110901.png"
2026-08-07 19:26:52 [WARNING] MENACE : None → Capture d'écran 2026-01-16 110901.png
2026-08-07 19:26:52 [ERROR]  Erreur scan YARA sur C:\Users\DELL LATITUDE 5420\OneDrive\Images\Pictures\Screenshots\Capture d'écran 2026-01-16 111028.png : could not open file "C:\Users\DELL LATITUDE 5420\OneDrive\Images\Pictures\Screenshots\Capture d'écran 2026-01-16 111028.png"
2026-08-07 19:26:52 [WARNING] MENACE : None → Capture d'écran 2026-01-16 111028.png
2026-08-07 19:26:52 [ERROR]  Erreur scan YARA sur C:\Users\DELL LATITUDE 5420\OneDrive\Images\Pictures\Screenshots\Capture d'écran 2026-01-16 111422.png : could not open file "C:\Users\DELL LATITUDE 5420\OneDrive\Images\Pictures\Screenshots\Capture d'écran 2026-01-16 111422.png"
2026-08-07 19:26:52 [WARNING] MENACE : None → Capture d'écran 2026-01-16 111422.png
2026-08-07 19:26:52 [ERROR]  Erreur scan YARA sur C:\Users\DELL LATITUDE 5420\OneDrive\Images\Pictures\Screenshots\Capture d'écran 2026-01-16 111516.png : could not open file "C:\Users\DELL LATITUDE 5420\OneDrive\Images\Pictures\Screenshots\Capture d'écran 2026-01-16 111516.png"
2026-08-07 19:26:52 [WARNING] MENACE : None → Capture d'écran 2026-01-16 111516.png
2026-08-07 19:26:52 [ERROR]  Erreur scan YARA sur C:\Users\DELL LATITUDE 5420\OneDrive\Images\Pictures\Screenshots\Capture d'écran 2026-01-16 111743.png : could not open file "C:\Users\DELL LATITUDE 5420\OneDrive\Images\Pictures\Screenshots\Capture d'écran 2026-01-16 111743.png"
2026-08-07 19:26:52 [WARNING] MENACE : None → Capture d'écran 2026-01-16 111743.png
2026-08-07 19:26:52 [ERROR]  Erreur scan YARA sur C:\Users\DELL LATITUDE 5420\OneDrive\Images\Pictures\Screenshots\Capture d'écran 2026-01-16 111828.png : could not open file "C:\Users\DELL LATITUDE 5420\OneDrive\Images\Pictures\Screenshots\Capture d'écran 2026-01-16 111828.png"
2026-08-07 19:26:52 [WARNING] MENACE : None → Capture d'écran 2026-01-16 111828.png
2026-08-07 19:26:52 [ERROR]  Erreur scan YARA sur C:\Users\DELL LATITUDE 5420\OneDrive\Images\Pictures\Screenshots\Capture d'écran 2026-01-16 111947.png : could not open file "C:\Users\DELL LATITUDE 5420\OneDrive\Images\Pictures\Screenshots\Capture d'écran 2026-01-16 111947.png"
2026-08-07 19:26:52 [WARNING] MENACE : None → Capture d'écran 2026-01-16 111947.png
2026-08-07 19:26:52 [ERROR]  Erreur scan YARA sur C:\Users\DELL LATITUDE 5420\OneDrive\Images\Pictures\Screenshots\Capture d'écran 2026-01-16 112035.png : could not open file "C:\Users\DELL LATITUDE 5420\OneDrive\Images\Pictures\Screenshots\Capture d'écran 2026-01-16 112035.png"
2026-08-07 19:26:52 [WARNING] MENACE : None → Capture d'écran 2026-01-16 112035.png
2026-08-07 19:26:52 [ERROR]  Erreur scan YARA sur C:\Users\DELL LATITUDE 5420\OneDrive\Images\Pictures\Screenshots\Capture d'écran 2026-01-16 112152.png : could not open file "C:\Users\DELL LATITUDE 5420\OneDrive\Images\Pictures\Screenshots\Capture d'écran 2026-01-16 112152.png"
2026-08-07 19:26:52 [WARNING] MENACE : None → Capture d'écran 2026-01-16 112152.png
2026-08-07 19:26:52 [ERROR]  Erreur scan YARA sur C:\Users\DELL LATITUDE 5420\OneDrive\Images\Pictures\Screenshots\Capture d'écran 2026-01-16 112343.png : could not open file "C:\Users\DELL LATITUDE 5420\OneDrive\Images\Pictures\Screenshots\Capture d'écran 2026-01-16 112343.png"
2026-08-07 19:26:52 [WARNING] MENACE : None → Capture d'écran 2026-01-16 112343.png
2026-08-07 19:26:52 [ERROR]  Erreur scan YARA sur C:\Users\DELL LATITUDE 5420\OneDrive\Images\Pictures\Screenshots\Capture d'écran 2026-01-16 115238.png : could not open file "C:\Users\DELL LATITUDE 5420\OneDrive\Images\Pictures\Screenshots\Capture d'écran 2026-01-16 115238.png"
2026-08-07 19:26:52 [WARNING] MENACE : None → Capture d'écran 2026-01-16 115238.png
2026-08-07 19:26:52 [ERROR]  Erreur scan YARA sur C:\Users\DELL LATITUDE 5420\OneDrive\Images\Pictures\Screenshots\Capture d'écran 2026-01-16 115307.png : could not open file "C:\Users\DELL LATITUDE 5420\OneDrive\Images\Pictures\Screenshots\Capture d'écran 2026-01-16 115307.png"
2026-08-07 19:26:52 [WARNING] MENACE : None → Capture d'écran 2026-01-16 115307.png
2026-08-07 19:26:52 [ERROR]  Erreur scan YARA sur C:\Users\DELL LATITUDE 5420\OneDrive\Images\Pictures\Screenshots\Capture d'écran 2026-01-16 120818.png : could not open file "C:\Users\DELL LATITUDE 5420\OneDrive\Images\Pictures\Screenshots\Capture d'écran 2026-01-16 120818.png"
2026-08-07 19:26:52 [WARNING] MENACE : None → Capture d'écran 2026-01-16 120818.png
2026-08-07 19:26:52 [ERROR]  Erreur scan YARA sur C:\Users\DELL LATITUDE 5420\OneDrive\Images\Pictures\Screenshots\Capture d'écran 2026-01-17 051113.png : could not open file "C:\Users\DELL LATITUDE 5420\OneDrive\Images\Pictures\Screenshots\Capture d'écran 2026-01-17 051113.png"
2026-08-07 19:26:52 [WARNING] MENACE : None → Capture d'écran 2026-01-17 051113.png
2026-08-07 19:26:52 [ERROR]  Erreur scan YARA sur C:\Users\DELL LATITUDE 5420\OneDrive\Images\Pictures\Screenshots\Capture d'écran 2026-01-17 221316.png : could not open file "C:\Users\DELL LATITUDE 5420\OneDrive\Images\Pictures\Screenshots\Capture d'écran 2026-01-17 221316.png"
2026-08-07 19:26:52 [WARNING] MENACE : None → Capture d'écran 2026-01-17 221316.png
2026-08-07 19:26:52 [ERROR]  Erreur scan YARA sur C:\Users\DELL LATITUDE 5420\OneDrive\Images\Pictures\Screenshots\Capture d'écran 2026-01-17 221328.png : could not open file "C:\Users\DELL LATITUDE 5420\OneDrive\Images\Pictures\Screenshots\Capture d'écran 2026-01-17 221328.png"
2026-08-07 19:26:52 [WARNING] MENACE : None → Capture d'écran 2026-01-17 221328.png
2026-08-07 19:26:52 [ERROR]  Erreur scan YARA sur C:\Users\DELL LATITUDE 5420\OneDrive\Images\Pictures\Screenshots\Capture d'écran 2026-01-17 221341.png : could not open file "C:\Users\DELL LATITUDE 5420\OneDrive\Images\Pictures\Screenshots\Capture d'écran 2026-01-17 221341.png"
2026-08-07 19:26:52 [WARNING] MENACE : None → Capture d'écran 2026-01-17 221341.png
2026-08-07 19:26:52 [ERROR]  Erreur scan YARA sur C:\Users\DELL LATITUDE 5420\OneDrive\Images\Pictures\Screenshots\Capture d'écran 2026-01-17 221854.png : could not open file "C:\Users\DELL LATITUDE 5420\OneDrive\Images\Pictures\Screenshots\Capture d'écran 2026-01-17 221854.png"
2026-08-07 19:26:52 [WARNING] MENACE : None → Capture d'écran 2026-01-17 221854.png
2026-08-07 19:26:52 [ERROR]  Erreur scan YARA sur C:\Users\DELL LATITUDE 5420\OneDrive\Images\Pictures\Screenshots\Capture d'écran 2026-01-17 222509.png : could not open file "C:\Users\DELL LATITUDE 5420\OneDrive\Images\Pictures\Screenshots\Capture d'écran 2026-01-17 222509.png"
2026-08-07 19:26:52 [WARNING] MENACE : None → Capture d'écran 2026-01-17 222509.png
2026-08-07 19:26:52 [ERROR]  Erreur scan YARA sur C:\Users\DELL LATITUDE 5420\OneDrive\Images\Pictures\Screenshots\Capture d'écran 2026-01-17 222604.png : could not open file "C:\Users\DELL LATITUDE 5420\OneDrive\Images\Pictures\Screenshots\Capture d'écran 2026-01-17 222604.png"
2026-08-07 19:26:52 [WARNING] MENACE : None → Capture d'écran 2026-01-17 222604.png
2026-08-07 19:26:52 [ERROR]  Erreur scan YARA sur C:\Users\DELL LATITUDE 5420\OneDrive\Images\Pictures\Screenshots\Capture d'écran 2026-01-17 222816.png : could not open file "C:\Users\DELL LATITUDE 5420\OneDrive\Images\Pictures\Screenshots\Capture d'écran 2026-01-17 222816.png"
2026-08-07 19:26:52 [WARNING] MENACE : None → Capture d'écran 2026-01-17 222816.png
2026-08-07 19:26:52 [ERROR]  Erreur scan YARA sur C:\Users\DELL LATITUDE 5420\OneDrive\Images\Pictures\Screenshots\Capture d'écran 2026-01-17 222835.png : could not open file "C:\Users\DELL LATITUDE 5420\OneDrive\Images\Pictures\Screenshots\Capture d'écran 2026-01-17 222835.png"
2026-08-07 19:26:52 [WARNING] MENACE : None → Capture d'écran 2026-01-17 222835.png
2026-08-07 19:26:52 [ERROR]  Erreur scan YARA sur C:\Users\DELL LATITUDE 5420\OneDrive\Images\Pictures\Screenshots\Capture d'écran 2026-01-17 222851.png : could not open file "C:\Users\DELL LATITUDE 5420\OneDrive\Images\Pictures\Screenshots\Capture d'écran 2026-01-17 222851.png"
2026-08-07 19:26:52 [WARNING] MENACE : None → Capture d'écran 2026-01-17 222851.png
2026-08-07 19:26:52 [ERROR]  Erreur scan YARA sur C:\Users\DELL LATITUDE 5420\OneDrive\Images\Pictures\Screenshots\Capture d'écran 2026-01-17 223146.png : could not open file "C:\Users\DELL LATITUDE 5420\OneDrive\Images\Pictures\Screenshots\Capture d'écran 2026-01-17 223146.png"
2026-08-07 19:26:52 [WARNING] MENACE : None → Capture d'écran 2026-01-17 223146.png
2026-08-07 19:26:52 [ERROR]  Erreur scan YARA sur C:\Users\DELL LATITUDE 5420\OneDrive\Images\Pictures\Screenshots\Capture d'écran 2026-01-17 223154.png : could not open file "C:\Users\DELL LATITUDE 5420\OneDrive\Images\Pictures\Screenshots\Capture d'écran 2026-01-17 223154.png"
2026-08-07 19:26:52 [WARNING] MENACE : None → Capture d'écran 2026-01-17 223154.png
2026-08-07 19:26:52 [ERROR]  Erreur scan YARA sur C:\Users\DELL LATITUDE 5420\OneDrive\Images\Pictures\Screenshots\Capture d'écran 2026-01-17 223505.png : could not open file "C:\Users\DELL LATITUDE 5420\OneDrive\Images\Pictures\Screenshots\Capture d'écran 2026-01-17 223505.png"
2026-08-07 19:26:52 [WARNING] MENACE : None → Capture d'écran 2026-01-17 223505.png
2026-08-07 19:26:52 [ERROR]  Erreur scan YARA sur C:\Users\DELL LATITUDE 5420\OneDrive\Images\Pictures\Screenshots\Capture d'écran 2026-01-17 224345.png : could not open file "C:\Users\DELL LATITUDE 5420\OneDrive\Images\Pictures\Screenshots\Capture d'écran 2026-01-17 224345.png"
2026-08-07 19:26:52 [WARNING] MENACE : None → Capture d'écran 2026-01-17 224345.png
2026-08-07 19:26:52 [ERROR]  Erreur scan YARA sur C:\Users\DELL LATITUDE 5420\OneDrive\Images\Pictures\Screenshots\Capture d'écran 2026-01-17 224418.png : could not open file "C:\Users\DELL LATITUDE 5420\OneDrive\Images\Pictures\Screenshots\Capture d'écran 2026-01-17 224418.png"
2026-08-07 19:26:52 [WARNING] MENACE : None → Capture d'écran 2026-01-17 224418.png
2026-08-07 19:26:52 [ERROR]  Erreur scan YARA sur C:\Users\DELL LATITUDE 5420\OneDrive\Images\Pictures\Screenshots\Capture d'écran 2026-01-17 224501.png : could not open file "C:\Users\DELL LATITUDE 5420\OneDrive\Images\Pictures\Screenshots\Capture d'écran 2026-01-17 224501.png"
2026-08-07 19:26:52 [WARNING] MENACE : None → Capture d'écran 2026-01-17 224501.png
2026-08-07 19:26:52 [ERROR]  Erreur scan YARA sur C:\Users\DELL LATITUDE 5420\OneDrive\Images\Pictures\Screenshots\Capture d'écran 2026-01-17 224841.png : could not open file "C:\Users\DELL LATITUDE 5420\OneDrive\Images\Pictures\Screenshots\Capture d'écran 2026-01-17 224841.png"
2026-08-07 19:26:52 [WARNING] MENACE : None → Capture d'écran 2026-01-17 224841.png
2026-08-07 19:26:52 [ERROR]  Erreur scan YARA sur C:\Users\DELL LATITUDE 5420\OneDrive\Images\Pictures\Screenshots\Capture d'écran 2026-01-17 224848.png : could not open file "C:\Users\DELL LATITUDE 5420\OneDrive\Images\Pictures\Screenshots\Capture d'écran 2026-01-17 224848.png"
2026-08-07 19:26:52 [WARNING] MENACE : None → Capture d'écran 2026-01-17 224848.png
2026-08-07 19:26:52 [ERROR]  Erreur scan YARA sur C:\Users\DELL LATITUDE 5420\OneDrive\Images\Pictures\Screenshots\Capture d'écran 2026-01-17 225041.png : could not open file "C:\Users\DELL LATITUDE 5420\OneDrive\Images\Pictures\Screenshots\Capture d'écran 2026-01-17 225041.png"
2026-08-07 19:26:52 [WARNING] MENACE : None → Capture d'écran 2026-01-17 225041.png
2026-08-07 19:26:52 [ERROR]  Erreur scan YARA sur C:\Users\DELL LATITUDE 5420\OneDrive\Images\Pictures\Screenshots\Capture d'écran 2026-01-17 225306.png : could not open file "C:\Users\DELL LATITUDE 5420\OneDrive\Images\Pictures\Screenshots\Capture d'écran 2026-01-17 225306.png"
2026-08-07 19:26:52 [WARNING] MENACE : None → Capture d'écran 2026-01-17 225306.png
2026-08-07 19:26:52 [ERROR]  Erreur scan YARA sur C:\Users\DELL LATITUDE 5420\OneDrive\Images\Pictures\Screenshots\Capture d'écran 2026-01-17 225351.png : could not open file "C:\Users\DELL LATITUDE 5420\OneDrive\Images\Pictures\Screenshots\Capture d'écran 2026-01-17 225351.png"
2026-08-07 19:26:52 [WARNING] MENACE : None → Capture d'écran 2026-01-17 225351.png
2026-08-07 19:26:52 [ERROR]  Erreur scan YARA sur C:\Users\DELL LATITUDE 5420\OneDrive\Images\Pictures\Screenshots\Capture d'écran 2026-01-17 225425.png : could not open file "C:\Users\DELL LATITUDE 5420\OneDrive\Images\Pictures\Screenshots\Capture d'écran 2026-01-17 225425.png"
2026-08-07 19:26:52 [WARNING] MENACE : None → Capture d'écran 2026-01-17 225425.png
2026-08-07 19:26:52 [ERROR]  Erreur scan YARA sur C:\Users\DELL LATITUDE 5420\OneDrive\Images\Pictures\Screenshots\Capture d'écran 2026-01-17 225805.png : could not open file "C:\Users\DELL LATITUDE 5420\OneDrive\Images\Pictures\Screenshots\Capture d'écran 2026-01-17 225805.png"
2026-08-07 19:26:52 [WARNING] MENACE : None → Capture d'écran 2026-01-17 225805.png
2026-08-07 19:26:52 [ERROR]  Erreur scan YARA sur C:\Users\DELL LATITUDE 5420\OneDrive\Images\Pictures\Screenshots\Capture d'écran 2026-01-17 225829.png : could not open file "C:\Users\DELL LATITUDE 5420\OneDrive\Images\Pictures\Screenshots\Capture d'écran 2026-01-17 225829.png"
2026-08-07 19:26:52 [WARNING] MENACE : None → Capture d'écran 2026-01-17 225829.png
2026-08-07 19:26:52 [ERROR]  Erreur scan YARA sur C:\Users\DELL LATITUDE 5420\OneDrive\Images\Pictures\Screenshots\Capture d'écran 2026-01-17 231207.png : could not open file "C:\Users\DELL LATITUDE 5420\OneDrive\Images\Pictures\Screenshots\Capture d'écran 2026-01-17 231207.png"
2026-08-07 19:26:52 [WARNING] MENACE : None → Capture d'écran 2026-01-17 231207.png
2026-08-07 19:26:52 [ERROR]  Erreur scan YARA sur C:\Users\DELL LATITUDE 5420\OneDrive\Images\Pictures\Screenshots\Capture d'écran 2026-01-17 231222.png : could not open file "C:\Users\DELL LATITUDE 5420\OneDrive\Images\Pictures\Screenshots\Capture d'écran 2026-01-17 231222.png"
2026-08-07 19:26:52 [WARNING] MENACE : None → Capture d'écran 2026-01-17 231222.png
2026-08-07 19:26:52 [ERROR]  Erreur scan YARA sur C:\Users\DELL LATITUDE 5420\OneDrive\Images\Pictures\Screenshots\Capture d'écran 2026-01-17 231340.png : could not open file "C:\Users\DELL LATITUDE 5420\OneDrive\Images\Pictures\Screenshots\Capture d'écran 2026-01-17 231340.png"
2026-08-07 19:26:52 [WARNING] MENACE : None → Capture d'écran 2026-01-17 231340.png
2026-08-07 19:26:52 [ERROR]  Erreur scan YARA sur C:\Users\DELL LATITUDE 5420\OneDrive\Images\Pictures\Screenshots\Capture d'écran 2026-01-17 231424.png : could not open file "C:\Users\DELL LATITUDE 5420\OneDrive\Images\Pictures\Screenshots\Capture d'écran 2026-01-17 231424.png"
2026-08-07 19:26:52 [WARNING] MENACE : None → Capture d'écran 2026-01-17 231424.png
2026-08-07 19:26:52 [ERROR]  Erreur scan YARA sur C:\Users\DELL LATITUDE 5420\OneDrive\Images\Pictures\Screenshots\Capture d'écran 2026-01-17 231637.png : could not open file "C:\Users\DELL LATITUDE 5420\OneDrive\Images\Pictures\Screenshots\Capture d'écran 2026-01-17 231637.png"
2026-08-07 19:26:52 [WARNING] MENACE : None → Capture d'écran 2026-01-17 231637.png
2026-08-07 19:26:52 [ERROR]  Erreur scan YARA sur C:\Users\DELL LATITUDE 5420\OneDrive\Images\Pictures\Screenshots\Capture d'écran 2026-01-17 231706.png : could not open file "C:\Users\DELL LATITUDE 5420\OneDrive\Images\Pictures\Screenshots\Capture d'écran 2026-01-17 231706.png"
2026-08-07 19:26:52 [WARNING] MENACE : None → Capture d'écran 2026-01-17 231706.png
2026-08-07 19:26:52 [ERROR]  Erreur scan YARA sur C:\Users\DELL LATITUDE 5420\OneDrive\Images\Pictures\Screenshots\Capture d'écran 2026-01-17 231815.png : could not open file "C:\Users\DELL LATITUDE 5420\OneDrive\Images\Pictures\Screenshots\Capture d'écran 2026-01-17 231815.png"
2026-08-07 19:26:52 [WARNING] MENACE : None → Capture d'écran 2026-01-17 231815.png
2026-08-07 19:26:52 [ERROR]  Erreur scan YARA sur C:\Users\DELL LATITUDE 5420\OneDrive\Images\Pictures\Screenshots\Capture d'écran 2026-01-17 231837.png : could not open file "C:\Users\DELL LATITUDE 5420\OneDrive\Images\Pictures\Screenshots\Capture d'écran 2026-01-17 231837.png"
2026-08-07 19:26:52 [WARNING] MENACE : None → Capture d'écran 2026-01-17 231837.png
2026-08-07 19:26:52 [ERROR]  Erreur scan YARA sur C:\Users\DELL LATITUDE 5420\OneDrive\Images\Pictures\Screenshots\Capture d'écran 2026-01-17 233218.png : could not open file "C:\Users\DELL LATITUDE 5420\OneDrive\Images\Pictures\Screenshots\Capture d'écran 2026-01-17 233218.png"
2026-08-07 19:26:52 [WARNING] MENACE : None → Capture d'écran 2026-01-17 233218.png
2026-08-07 19:26:53 [ERROR]  Erreur scan YARA sur C:\Users\DELL LATITUDE 5420\OneDrive\Images\Pictures\Screenshots\Capture d'écran 2026-01-17 233313.png : could not open file "C:\Users\DELL LATITUDE 5420\OneDrive\Images\Pictures\Screenshots\Capture d'écran 2026-01-17 233313.png"
2026-08-07 19:26:53 [WARNING] MENACE : None → Capture d'écran 2026-01-17 233313.png
2026-08-07 19:26:53 [ERROR]  Erreur scan YARA sur C:\Users\DELL LATITUDE 5420\OneDrive\Images\Pictures\Screenshots\Capture d'écran 2026-01-17 233435.png : could not open file "C:\Users\DELL LATITUDE 5420\OneDrive\Images\Pictures\Screenshots\Capture d'écran 2026-01-17 233435.png"
2026-08-07 19:26:53 [WARNING] MENACE : None → Capture d'écran 2026-01-17 233435.png
2026-08-07 19:26:53 [ERROR]  Erreur scan YARA sur C:\Users\DELL LATITUDE 5420\OneDrive\Images\Pictures\Screenshots\Capture d'écran 2026-01-17 233537.png : could not open file "C:\Users\DELL LATITUDE 5420\OneDrive\Images\Pictures\Screenshots\Capture d'écran 2026-01-17 233537.png"
2026-08-07 19:26:53 [WARNING] MENACE : None → Capture d'écran 2026-01-17 233537.png
2026-08-07 19:26:53 [ERROR]  Erreur scan YARA sur C:\Users\DELL LATITUDE 5420\OneDrive\Images\Pictures\Screenshots\Capture d'écran 2026-01-17 233636.png : could not open file "C:\Users\DELL LATITUDE 5420\OneDrive\Images\Pictures\Screenshots\Capture d'écran 2026-01-17 233636.png"
2026-08-07 19:26:53 [WARNING] MENACE : None → Capture d'écran 2026-01-17 233636.png
2026-08-07 19:26:53 [ERROR]  Erreur scan YARA sur C:\Users\DELL LATITUDE 5420\OneDrive\Images\Pictures\Screenshots\Capture d'écran 2026-01-17 233713.png : could not open file "C:\Users\DELL LATITUDE 5420\OneDrive\Images\Pictures\Screenshots\Capture d'écran 2026-01-17 233713.png"
2026-08-07 19:26:53 [WARNING] MENACE : None → Capture d'écran 2026-01-17 233713.png
2026-08-07 19:26:53 [ERROR]  Erreur scan YARA sur C:\Users\DELL LATITUDE 5420\OneDrive\Images\Pictures\Screenshots\Capture d'écran 2026-01-17 233816.png : could not open file "C:\Users\DELL LATITUDE 5420\OneDrive\Images\Pictures\Screenshots\Capture d'écran 2026-01-17 233816.png"
2026-08-07 19:26:53 [WARNING] MENACE : None → Capture d'écran 2026-01-17 233816.png
2026-08-07 19:26:53 [ERROR]  Erreur scan YARA sur C:\Users\DELL LATITUDE 5420\OneDrive\Images\Pictures\Screenshots\Capture d'écran 2026-01-17 234042.png : could not open file "C:\Users\DELL LATITUDE 5420\OneDrive\Images\Pictures\Screenshots\Capture d'écran 2026-01-17 234042.png"
2026-08-07 19:26:53 [WARNING] MENACE : None → Capture d'écran 2026-01-17 234042.png
2026-08-07 19:26:53 [ERROR]  Erreur scan YARA sur C:\Users\DELL LATITUDE 5420\OneDrive\Images\Pictures\Screenshots\Capture d'écran 2026-01-17 234111.png : could not open file "C:\Users\DELL LATITUDE 5420\OneDrive\Images\Pictures\Screenshots\Capture d'écran 2026-01-17 234111.png"
2026-08-07 19:26:53 [WARNING] MENACE : None → Capture d'écran 2026-01-17 234111.png
2026-08-07 19:26:53 [ERROR]  Erreur scan YARA sur C:\Users\DELL LATITUDE 5420\OneDrive\Images\Pictures\Screenshots\Capture d'écran 2026-01-17 234158.png : could not open file "C:\Users\DELL LATITUDE 5420\OneDrive\Images\Pictures\Screenshots\Capture d'écran 2026-01-17 234158.png"
2026-08-07 19:26:53 [WARNING] MENACE : None → Capture d'écran 2026-01-17 234158.png
2026-08-07 19:26:53 [ERROR]  Erreur scan YARA sur C:\Users\DELL LATITUDE 5420\OneDrive\Images\Pictures\Screenshots\Capture d'écran 2026-01-17 234503.png : could not open file "C:\Users\DELL LATITUDE 5420\OneDrive\Images\Pictures\Screenshots\Capture d'écran 2026-01-17 234503.png"
2026-08-07 19:26:53 [WARNING] MENACE : None → Capture d'écran 2026-01-17 234503.png
2026-08-07 19:26:53 [ERROR]  Erreur scan YARA sur C:\Users\DELL LATITUDE 5420\OneDrive\Images\Pictures\Screenshots\Capture d'écran 2026-01-17 234541.png : could not open file "C:\Users\DELL LATITUDE 5420\OneDrive\Images\Pictures\Screenshots\Capture d'écran 2026-01-17 234541.png"
2026-08-07 19:26:53 [WARNING] MENACE : None → Capture d'écran 2026-01-17 234541.png
2026-08-07 19:26:53 [ERROR]  Erreur scan YARA sur C:\Users\DELL LATITUDE 5420\OneDrive\Images\Pictures\Screenshots\Capture d'écran 2026-01-17 234626.png : could not open file "C:\Users\DELL LATITUDE 5420\OneDrive\Images\Pictures\Screenshots\Capture d'écran 2026-01-17 234626.png"
2026-08-07 19:26:53 [WARNING] MENACE : None → Capture d'écran 2026-01-17 234626.png
2026-08-07 19:26:53 [ERROR]  Erreur scan YARA sur C:\Users\DELL LATITUDE 5420\OneDrive\Images\Pictures\Screenshots\Capture d'écran 2026-01-20 232243.png : could not open file "C:\Users\DELL LATITUDE 5420\OneDrive\Images\Pictures\Screenshots\Capture d'écran 2026-01-20 232243.png"
2026-08-07 19:26:53 [WARNING] MENACE : None → Capture d'écran 2026-01-20 232243.png
2026-08-07 19:26:53 [ERROR]  Erreur scan YARA sur C:\Users\DELL LATITUDE 5420\OneDrive\Images\Pictures\Screenshots\Capture d'écran 2026-01-20 232309.png : could not open file "C:\Users\DELL LATITUDE 5420\OneDrive\Images\Pictures\Screenshots\Capture d'écran 2026-01-20 232309.png"
2026-08-07 19:26:53 [WARNING] MENACE : None → Capture d'écran 2026-01-20 232309.png
2026-08-07 19:26:53 [ERROR]  Erreur scan YARA sur C:\Users\DELL LATITUDE 5420\OneDrive\Images\Pictures\Screenshots\Capture d'écran 2026-01-20 232413.png : could not open file "C:\Users\DELL LATITUDE 5420\OneDrive\Images\Pictures\Screenshots\Capture d'écran 2026-01-20 232413.png"
2026-08-07 19:26:53 [WARNING] MENACE : None → Capture d'écran 2026-01-20 232413.png
2026-08-07 19:26:53 [ERROR]  Erreur scan YARA sur C:\Users\DELL LATITUDE 5420\OneDrive\Images\Pictures\Screenshots\Capture d'écran 2026-01-20 232446.png : could not open file "C:\Users\DELL LATITUDE 5420\OneDrive\Images\Pictures\Screenshots\Capture d'écran 2026-01-20 232446.png"
2026-08-07 19:26:53 [WARNING] MENACE : None → Capture d'écran 2026-01-20 232446.png
2026-08-07 19:26:53 [ERROR]  Erreur scan YARA sur C:\Users\DELL LATITUDE 5420\OneDrive\Images\Pictures\Screenshots\Capture d'écran 2026-01-20 232502.png : could not open file "C:\Users\DELL LATITUDE 5420\OneDrive\Images\Pictures\Screenshots\Capture d'écran 2026-01-20 232502.png"
2026-08-07 19:26:53 [WARNING] MENACE : None → Capture d'écran 2026-01-20 232502.png
2026-08-07 19:26:53 [ERROR]  Erreur scan YARA sur C:\Users\DELL LATITUDE 5420\OneDrive\Images\Pictures\Screenshots\Capture d'écran 2026-01-22 233905.png : could not open file "C:\Users\DELL LATITUDE 5420\OneDrive\Images\Pictures\Screenshots\Capture d'écran 2026-01-22 233905.png"
2026-08-07 19:26:53 [WARNING] MENACE : None → Capture d'écran 2026-01-22 233905.png
2026-08-07 19:26:53 [ERROR]  Erreur scan YARA sur C:\Users\DELL LATITUDE 5420\OneDrive\Images\Pictures\Screenshots\Capture d'écran 2026-01-22 233946.png : could not open file "C:\Users\DELL LATITUDE 5420\OneDrive\Images\Pictures\Screenshots\Capture d'écran 2026-01-22 233946.png"
2026-08-07 19:26:53 [WARNING] MENACE : None → Capture d'écran 2026-01-22 233946.png
2026-08-07 19:26:53 [ERROR]  Erreur scan YARA sur C:\Users\DELL LATITUDE 5420\OneDrive\Images\Pictures\Screenshots\Capture d'écran 2026-01-23 043424.png : could not open file "C:\Users\DELL LATITUDE 5420\OneDrive\Images\Pictures\Screenshots\Capture d'écran 2026-01-23 043424.png"
2026-08-07 19:26:53 [WARNING] MENACE : None → Capture d'écran 2026-01-23 043424.png
2026-08-07 19:26:53 [ERROR]  Erreur scan YARA sur C:\Users\DELL LATITUDE 5420\OneDrive\Images\Pictures\Screenshots\Capture d'écran 2026-01-23 044916.png : could not open file "C:\Users\DELL LATITUDE 5420\OneDrive\Images\Pictures\Screenshots\Capture d'écran 2026-01-23 044916.png"
2026-08-07 19:26:53 [WARNING] MENACE : None → Capture d'écran 2026-01-23 044916.png
2026-08-07 19:26:53 [ERROR]  Erreur scan YARA sur C:\Users\DELL LATITUDE 5420\OneDrive\Images\Pictures\Screenshots\Capture d'écran 2026-01-24 021351.png : could not open file "C:\Users\DELL LATITUDE 5420\OneDrive\Images\Pictures\Screenshots\Capture d'écran 2026-01-24 021351.png"
2026-08-07 19:26:53 [WARNING] MENACE : None → Capture d'écran 2026-01-24 021351.png
2026-08-07 19:26:53 [ERROR]  Erreur scan YARA sur C:\Users\DELL LATITUDE 5420\OneDrive\Images\Pictures\Screenshots\Capture d'écran 2026-01-24 023107.png : could not open file "C:\Users\DELL LATITUDE 5420\OneDrive\Images\Pictures\Screenshots\Capture d'écran 2026-01-24 023107.png"
2026-08-07 19:26:53 [WARNING] MENACE : None → Capture d'écran 2026-01-24 023107.png
2026-08-07 19:26:53 [ERROR]  Erreur scan YARA sur C:\Users\DELL LATITUDE 5420\OneDrive\Images\Pictures\Screenshots\Capture d'écran 2026-01-24 023139.png : could not open file "C:\Users\DELL LATITUDE 5420\OneDrive\Images\Pictures\Screenshots\Capture d'écran 2026-01-24 023139.png"
2026-08-07 19:26:53 [WARNING] MENACE : None → Capture d'écran 2026-01-24 023139.png
2026-08-07 19:26:53 [ERROR]  Erreur scan YARA sur C:\Users\DELL LATITUDE 5420\OneDrive\Images\Pictures\Screenshots\Capture d'écran 2026-01-24 030458.png : could not open file "C:\Users\DELL LATITUDE 5420\OneDrive\Images\Pictures\Screenshots\Capture d'écran 2026-01-24 030458.png"
2026-08-07 19:26:53 [WARNING] MENACE : None → Capture d'écran 2026-01-24 030458.png
2026-08-07 19:26:53 [ERROR]  Erreur scan YARA sur C:\Users\DELL LATITUDE 5420\OneDrive\Images\Pictures\Screenshots\Capture d'écran 2026-01-24 030503.png : could not open file "C:\Users\DELL LATITUDE 5420\OneDrive\Images\Pictures\Screenshots\Capture d'écran 2026-01-24 030503.png"
2026-08-07 19:26:53 [WARNING] MENACE : None → Capture d'écran 2026-01-24 030503.png
2026-08-07 19:26:53 [ERROR]  Erreur scan YARA sur C:\Users\DELL LATITUDE 5420\OneDrive\Images\Pictures\Screenshots\Capture d'écran 2026-01-24 030511.png : could not open file "C:\Users\DELL LATITUDE 5420\OneDrive\Images\Pictures\Screenshots\Capture d'écran 2026-01-24 030511.png"
2026-08-07 19:26:53 [WARNING] MENACE : None → Capture d'écran 2026-01-24 030511.png
2026-08-07 19:26:53 [ERROR]  Erreur scan YARA sur C:\Users\DELL LATITUDE 5420\OneDrive\Images\Pictures\Screenshots\Capture d'écran 2026-01-24 030645.png : could not open file "C:\Users\DELL LATITUDE 5420\OneDrive\Images\Pictures\Screenshots\Capture d'écran 2026-01-24 030645.png"
2026-08-07 19:26:53 [WARNING] MENACE : None → Capture d'écran 2026-01-24 030645.png
2026-08-07 19:26:53 [ERROR]  Erreur scan YARA sur C:\Users\DELL LATITUDE 5420\OneDrive\Images\Pictures\Screenshots\Capture d'écran 2026-01-24 030657.png : could not open file "C:\Users\DELL LATITUDE 5420\OneDrive\Images\Pictures\Screenshots\Capture d'écran 2026-01-24 030657.png"
2026-08-07 19:26:53 [WARNING] MENACE : None → Capture d'écran 2026-01-24 030657.png
2026-08-07 19:26:53 [ERROR]  Erreur scan YARA sur C:\Users\DELL LATITUDE 5420\OneDrive\Images\Pictures\Screenshots\Capture d'écran 2026-01-24 030709.png : could not open file "C:\Users\DELL LATITUDE 5420\OneDrive\Images\Pictures\Screenshots\Capture d'écran 2026-01-24 030709.png"
2026-08-07 19:26:53 [WARNING] MENACE : None → Capture d'écran 2026-01-24 030709.png
2026-08-07 19:26:53 [ERROR]  Erreur scan YARA sur C:\Users\DELL LATITUDE 5420\OneDrive\Images\Pictures\Screenshots\Capture d'écran 2026-01-24 030747.png : could not open file "C:\Users\DELL LATITUDE 5420\OneDrive\Images\Pictures\Screenshots\Capture d'écran 2026-01-24 030747.png"
2026-08-07 19:26:53 [WARNING] MENACE : None → Capture d'écran 2026-01-24 030747.png
2026-08-07 19:26:53 [ERROR]  Erreur scan YARA sur C:\Users\DELL LATITUDE 5420\OneDrive\Images\Pictures\Screenshots\Capture d'écran 2026-01-24 031111.png : could not open file "C:\Users\DELL LATITUDE 5420\OneDrive\Images\Pictures\Screenshots\Capture d'écran 2026-01-24 031111.png"
2026-08-07 19:26:53 [WARNING] MENACE : None → Capture d'écran 2026-01-24 031111.png
2026-08-07 19:26:53 [ERROR]  Erreur scan YARA sur C:\Users\DELL LATITUDE 5420\OneDrive\Images\Pictures\Screenshots\Capture d'écran 2026-01-24 031152.png : could not open file "C:\Users\DELL LATITUDE 5420\OneDrive\Images\Pictures\Screenshots\Capture d'écran 2026-01-24 031152.png"
2026-08-07 19:26:53 [WARNING] MENACE : None → Capture d'écran 2026-01-24 031152.png
2026-08-07 19:26:53 [ERROR]  Erreur scan YARA sur C:\Users\DELL LATITUDE 5420\OneDrive\Images\Pictures\Screenshots\Capture d'écran 2026-01-24 031239.png : could not open file "C:\Users\DELL LATITUDE 5420\OneDrive\Images\Pictures\Screenshots\Capture d'écran 2026-01-24 031239.png"
2026-08-07 19:26:53 [WARNING] MENACE : None → Capture d'écran 2026-01-24 031239.png
2026-08-07 19:26:54 [ERROR]  Erreur scan YARA sur C:\Users\DELL LATITUDE 5420\OneDrive\Images\Pictures\Screenshots\Capture d'écran 2026-01-24 031302.png : could not open file "C:\Users\DELL LATITUDE 5420\OneDrive\Images\Pictures\Screenshots\Capture d'écran 2026-01-24 031302.png"
2026-08-07 19:26:54 [WARNING] MENACE : None → Capture d'écran 2026-01-24 031302.png
2026-08-07 19:26:54 [ERROR]  Erreur scan YARA sur C:\Users\DELL LATITUDE 5420\OneDrive\Images\Pictures\Screenshots\Capture d'écran 2026-01-24 040237.png : could not open file "C:\Users\DELL LATITUDE 5420\OneDrive\Images\Pictures\Screenshots\Capture d'écran 2026-01-24 040237.png"
2026-08-07 19:26:54 [WARNING] MENACE : None → Capture d'écran 2026-01-24 040237.png
2026-08-07 19:26:54 [ERROR]  Erreur scan YARA sur C:\Users\DELL LATITUDE 5420\OneDrive\Images\Pictures\Screenshots\Capture d'écran 2026-01-24 185032.png : could not open file "C:\Users\DELL LATITUDE 5420\OneDrive\Images\Pictures\Screenshots\Capture d'écran 2026-01-24 185032.png"
2026-08-07 19:26:54 [WARNING] MENACE : None → Capture d'écran 2026-01-24 185032.png
2026-08-07 19:26:54 [ERROR]  Erreur scan YARA sur C:\Users\DELL LATITUDE 5420\OneDrive\Images\Pictures\Screenshots\Capture d'écran 2026-01-24 202205.png : could not open file "C:\Users\DELL LATITUDE 5420\OneDrive\Images\Pictures\Screenshots\Capture d'écran 2026-01-24 202205.png"
2026-08-07 19:26:54 [WARNING] MENACE : None → Capture d'écran 2026-01-24 202205.png
2026-08-07 19:26:54 [ERROR]  Erreur scan YARA sur C:\Users\DELL LATITUDE 5420\OneDrive\Images\Pictures\Screenshots\Capture d'écran 2026-01-25 222603.png : could not open file "C:\Users\DELL LATITUDE 5420\OneDrive\Images\Pictures\Screenshots\Capture d'écran 2026-01-25 222603.png"
2026-08-07 19:26:54 [WARNING] MENACE : None → Capture d'écran 2026-01-25 222603.png
2026-08-07 19:26:54 [ERROR]  Erreur scan YARA sur C:\Users\DELL LATITUDE 5420\OneDrive\Images\Pictures\Screenshots\Capture d'écran 2026-02-01 044948.png : could not open file "C:\Users\DELL LATITUDE 5420\OneDrive\Images\Pictures\Screenshots\Capture d'écran 2026-02-01 044948.png"
2026-08-07 19:26:54 [WARNING] MENACE : None → Capture d'écran 2026-02-01 044948.png
2026-08-07 19:26:54 [ERROR]  Erreur scan YARA sur C:\Users\DELL LATITUDE 5420\OneDrive\Images\Pictures\Screenshots\Capture d'écran 2026-02-01 045321.png : could not open file "C:\Users\DELL LATITUDE 5420\OneDrive\Images\Pictures\Screenshots\Capture d'écran 2026-02-01 045321.png"
2026-08-07 19:26:54 [WARNING] MENACE : None → Capture d'écran 2026-02-01 045321.png
2026-08-07 19:26:54 [ERROR]  Erreur scan YARA sur C:\Users\DELL LATITUDE 5420\OneDrive\Images\Pictures\Screenshots\Capture d'écran 2026-02-03 024900.png : could not open file "C:\Users\DELL LATITUDE 5420\OneDrive\Images\Pictures\Screenshots\Capture d'écran 2026-02-03 024900.png"
2026-08-07 19:26:54 [WARNING] MENACE : None → Capture d'écran 2026-02-03 024900.png
2026-08-07 19:26:54 [ERROR]  Erreur scan YARA sur C:\Users\DELL LATITUDE 5420\OneDrive\Images\Pictures\Screenshots\Capture d'écran 2026-02-03 024914.png : could not open file "C:\Users\DELL LATITUDE 5420\OneDrive\Images\Pictures\Screenshots\Capture d'écran 2026-02-03 024914.png"
2026-08-07 19:26:54 [WARNING] MENACE : None → Capture d'écran 2026-02-03 024914.png
2026-08-07 19:26:54 [ERROR]  Erreur scan YARA sur C:\Users\DELL LATITUDE 5420\OneDrive\Images\Pictures\Screenshots\Capture d'écran 2026-02-03 024926.png : could not open file "C:\Users\DELL LATITUDE 5420\OneDrive\Images\Pictures\Screenshots\Capture d'écran 2026-02-03 024926.png"
2026-08-07 19:26:54 [WARNING] MENACE : None → Capture d'écran 2026-02-03 024926.png
2026-08-07 19:26:54 [ERROR]  Erreur scan YARA sur C:\Users\DELL LATITUDE 5420\OneDrive\Images\Pictures\Screenshots\Capture d'écran 2026-02-03 024938.png : could not open file "C:\Users\DELL LATITUDE 5420\OneDrive\Images\Pictures\Screenshots\Capture d'écran 2026-02-03 024938.png"
2026-08-07 19:26:54 [WARNING] MENACE : None → Capture d'écran 2026-02-03 024938.png
2026-08-07 19:26:54 [ERROR]  Erreur scan YARA sur C:\Users\DELL LATITUDE 5420\OneDrive\Images\Pictures\Screenshots\Capture d'écran 2026-02-03 025005.png : could not open file "C:\Users\DELL LATITUDE 5420\OneDrive\Images\Pictures\Screenshots\Capture d'écran 2026-02-03 025005.png"
2026-08-07 19:26:54 [WARNING] MENACE : None → Capture d'écran 2026-02-03 025005.png
2026-08-07 19:26:54 [ERROR]  Erreur scan YARA sur C:\Users\DELL LATITUDE 5420\OneDrive\Images\Pictures\Screenshots\Capture d'écran 2026-02-03 025016.png : could not open file "C:\Users\DELL LATITUDE 5420\OneDrive\Images\Pictures\Screenshots\Capture d'écran 2026-02-03 025016.png"
2026-08-07 19:26:54 [WARNING] MENACE : None → Capture d'écran 2026-02-03 025016.png
2026-08-07 19:26:54 [ERROR]  Erreur scan YARA sur C:\Users\DELL LATITUDE 5420\OneDrive\Images\Pictures\Screenshots\Capture d'écran 2026-02-03 025026.png : could not open file "C:\Users\DELL LATITUDE 5420\OneDrive\Images\Pictures\Screenshots\Capture d'écran 2026-02-03 025026.png"
2026-08-07 19:26:54 [WARNING] MENACE : None → Capture d'écran 2026-02-03 025026.png
2026-08-07 19:26:54 [ERROR]  Erreur scan YARA sur C:\Users\DELL LATITUDE 5420\OneDrive\Images\Pictures\Screenshots\Capture d'écran 2026-02-03 025041.png : could not open file "C:\Users\DELL LATITUDE 5420\OneDrive\Images\Pictures\Screenshots\Capture d'écran 2026-02-03 025041.png"
2026-08-07 19:26:54 [WARNING] MENACE : None → Capture d'écran 2026-02-03 025041.png
2026-08-07 19:26:54 [ERROR]  Erreur scan YARA sur C:\Users\DELL LATITUDE 5420\OneDrive\Images\Pictures\Screenshots\Capture d'écran 2026-02-03 025051.png : could not open file "C:\Users\DELL LATITUDE 5420\OneDrive\Images\Pictures\Screenshots\Capture d'écran 2026-02-03 025051.png"
2026-08-07 19:26:54 [WARNING] MENACE : None → Capture d'écran 2026-02-03 025051.png
2026-08-07 19:26:54 [ERROR]  Erreur scan YARA sur C:\Users\DELL LATITUDE 5420\OneDrive\Images\Pictures\Screenshots\Capture d'écran 2026-02-03 025103.png : could not open file "C:\Users\DELL LATITUDE 5420\OneDrive\Images\Pictures\Screenshots\Capture d'écran 2026-02-03 025103.png"
2026-08-07 19:26:54 [WARNING] MENACE : None → Capture d'écran 2026-02-03 025103.png
2026-08-07 19:26:54 [ERROR]  Erreur scan YARA sur C:\Users\DELL LATITUDE 5420\OneDrive\Images\Pictures\Screenshots\Capture d'écran 2026-02-03 025110.png : could not open file "C:\Users\DELL LATITUDE 5420\OneDrive\Images\Pictures\Screenshots\Capture d'écran 2026-02-03 025110.png"
2026-08-07 19:26:54 [WARNING] MENACE : None → Capture d'écran 2026-02-03 025110.png
2026-08-07 19:26:54 [ERROR]  Erreur scan YARA sur C:\Users\DELL LATITUDE 5420\OneDrive\Images\Pictures\Screenshots\Capture d'écran 2026-02-08 180606.png : could not open file "C:\Users\DELL LATITUDE 5420\OneDrive\Images\Pictures\Screenshots\Capture d'écran 2026-02-08 180606.png"
2026-08-07 19:26:54 [WARNING] MENACE : None → Capture d'écran 2026-02-08 180606.png
2026-08-07 19:26:54 [ERROR]  Erreur scan YARA sur C:\Users\DELL LATITUDE 5420\OneDrive\Images\Pictures\Screenshots\Capture d'écran 2026-02-08 180643.png : could not open file "C:\Users\DELL LATITUDE 5420\OneDrive\Images\Pictures\Screenshots\Capture d'écran 2026-02-08 180643.png"
2026-08-07 19:26:54 [WARNING] MENACE : None → Capture d'écran 2026-02-08 180643.png
2026-08-07 19:26:54 [ERROR]  Erreur scan YARA sur C:\Users\DELL LATITUDE 5420\OneDrive\Images\Pictures\Screenshots\Capture d'écran 2026-02-08 180657.png : could not open file "C:\Users\DELL LATITUDE 5420\OneDrive\Images\Pictures\Screenshots\Capture d'écran 2026-02-08 180657.png"
2026-08-07 19:26:54 [WARNING] MENACE : None → Capture d'écran 2026-02-08 180657.png
2026-08-07 19:26:54 [ERROR]  Erreur scan YARA sur C:\Users\DELL LATITUDE 5420\OneDrive\Images\Pictures\Screenshots\Capture d'écran 2026-02-08 183443.png : could not open file "C:\Users\DELL LATITUDE 5420\OneDrive\Images\Pictures\Screenshots\Capture d'écran 2026-02-08 183443.png"
2026-08-07 19:26:54 [WARNING] MENACE : None → Capture d'écran 2026-02-08 183443.png
2026-08-07 19:26:54 [ERROR]  Erreur scan YARA sur C:\Users\DELL LATITUDE 5420\OneDrive\Images\Pictures\Screenshots\Capture d'écran 2026-02-08 183454.png : could not open file "C:\Users\DELL LATITUDE 5420\OneDrive\Images\Pictures\Screenshots\Capture d'écran 2026-02-08 183454.png"
2026-08-07 19:26:54 [WARNING] MENACE : None → Capture d'écran 2026-02-08 183454.png
2026-08-07 19:26:54 [ERROR]  Erreur scan YARA sur C:\Users\DELL LATITUDE 5420\OneDrive\Images\Pictures\Screenshots\Capture d'écran 2026-02-08 193655.png : could not open file "C:\Users\DELL LATITUDE 5420\OneDrive\Images\Pictures\Screenshots\Capture d'écran 2026-02-08 193655.png"
2026-08-07 19:26:54 [WARNING] MENACE : None → Capture d'écran 2026-02-08 193655.png
2026-08-07 19:26:54 [ERROR]  Erreur scan YARA sur C:\Users\DELL LATITUDE 5420\OneDrive\Images\Pictures\Screenshots\Capture d'écran 2026-02-09 025313.png : could not open file "C:\Users\DELL LATITUDE 5420\OneDrive\Images\Pictures\Screenshots\Capture d'écran 2026-02-09 025313.png"
2026-08-07 19:26:54 [WARNING] MENACE : None → Capture d'écran 2026-02-09 025313.png
2026-08-07 19:26:54 [ERROR]  Erreur scan YARA sur C:\Users\DELL LATITUDE 5420\OneDrive\Images\Pictures\Screenshots\Capture d'écran 2026-02-10 004949.png : could not open file "C:\Users\DELL LATITUDE 5420\OneDrive\Images\Pictures\Screenshots\Capture d'écran 2026-02-10 004949.png"
2026-08-07 19:26:54 [WARNING] MENACE : None → Capture d'écran 2026-02-10 004949.png
2026-08-07 19:26:54 [ERROR]  Erreur scan YARA sur C:\Users\DELL LATITUDE 5420\OneDrive\Images\Pictures\Screenshots\Capture d'écran 2026-02-10 005050.png : could not open file "C:\Users\DELL LATITUDE 5420\OneDrive\Images\Pictures\Screenshots\Capture d'écran 2026-02-10 005050.png"
2026-08-07 19:26:54 [WARNING] MENACE : None → Capture d'écran 2026-02-10 005050.png
2026-08-07 19:26:54 [ERROR]  Erreur scan YARA sur C:\Users\DELL LATITUDE 5420\OneDrive\Images\Pictures\Screenshots\Capture d'écran 2026-02-10 201643.png : could not open file "C:\Users\DELL LATITUDE 5420\OneDrive\Images\Pictures\Screenshots\Capture d'écran 2026-02-10 201643.png"
2026-08-07 19:26:54 [WARNING] MENACE : None → Capture d'écran 2026-02-10 201643.png
2026-08-07 19:26:54 [ERROR]  Erreur scan YARA sur C:\Users\DELL LATITUDE 5420\OneDrive\Images\Pictures\Screenshots\Capture d'écran 2026-02-10 203435.png : could not open file "C:\Users\DELL LATITUDE 5420\OneDrive\Images\Pictures\Screenshots\Capture d'écran 2026-02-10 203435.png"
2026-08-07 19:26:54 [WARNING] MENACE : None → Capture d'écran 2026-02-10 203435.png
2026-08-07 19:26:54 [ERROR]  Erreur scan YARA sur C:\Users\DELL LATITUDE 5420\OneDrive\Images\Pictures\Screenshots\Capture d'écran 2026-02-10 203503.png : could not open file "C:\Users\DELL LATITUDE 5420\OneDrive\Images\Pictures\Screenshots\Capture d'écran 2026-02-10 203503.png"
2026-08-07 19:26:54 [WARNING] MENACE : None → Capture d'écran 2026-02-10 203503.png
2026-08-07 19:26:55 [ERROR]  Erreur scan YARA sur C:\Users\DELL LATITUDE 5420\OneDrive\Images\Pictures\Screenshots\Capture d'écran 2026-02-10 203838.png : could not open file "C:\Users\DELL LATITUDE 5420\OneDrive\Images\Pictures\Screenshots\Capture d'écran 2026-02-10 203838.png"
2026-08-07 19:26:55 [WARNING] MENACE : None → Capture d'écran 2026-02-10 203838.png
2026-08-07 19:26:55 [ERROR]  Erreur scan YARA sur C:\Users\DELL LATITUDE 5420\OneDrive\Images\Pictures\Screenshots\Capture d'écran 2026-02-10 203933.png : could not open file "C:\Users\DELL LATITUDE 5420\OneDrive\Images\Pictures\Screenshots\Capture d'écran 2026-02-10 203933.png"
2026-08-07 19:26:55 [WARNING] MENACE : None → Capture d'écran 2026-02-10 203933.png
2026-08-07 19:26:55 [ERROR]  Erreur scan YARA sur C:\Users\DELL LATITUDE 5420\OneDrive\Images\Pictures\Screenshots\Capture d'écran 2026-02-10 204714.png : could not open file "C:\Users\DELL LATITUDE 5420\OneDrive\Images\Pictures\Screenshots\Capture d'écran 2026-02-10 204714.png"
2026-08-07 19:26:55 [WARNING] MENACE : None → Capture d'écran 2026-02-10 204714.png
2026-08-07 19:26:55 [ERROR]  Erreur scan YARA sur C:\Users\DELL LATITUDE 5420\OneDrive\Images\Pictures\Screenshots\Capture d'écran 2026-02-10 205115.png : could not open file "C:\Users\DELL LATITUDE 5420\OneDrive\Images\Pictures\Screenshots\Capture d'écran 2026-02-10 205115.png"
2026-08-07 19:26:55 [WARNING] MENACE : None → Capture d'écran 2026-02-10 205115.png
2026-08-07 19:26:55 [ERROR]  Erreur scan YARA sur C:\Users\DELL LATITUDE 5420\OneDrive\Images\Pictures\Screenshots\Capture d'écran 2026-02-10 211952.png : could not open file "C:\Users\DELL LATITUDE 5420\OneDrive\Images\Pictures\Screenshots\Capture d'écran 2026-02-10 211952.png"
2026-08-07 19:26:55 [WARNING] MENACE : None → Capture d'écran 2026-02-10 211952.png
2026-08-07 19:26:55 [ERROR]  Erreur scan YARA sur C:\Users\DELL LATITUDE 5420\OneDrive\Images\Pictures\Screenshots\Capture d'écran 2026-02-10 212238.png : could not open file "C:\Users\DELL LATITUDE 5420\OneDrive\Images\Pictures\Screenshots\Capture d'écran 2026-02-10 212238.png"
2026-08-07 19:26:55 [WARNING] MENACE : None → Capture d'écran 2026-02-10 212238.png
2026-08-07 19:26:55 [ERROR]  Erreur scan YARA sur C:\Users\DELL LATITUDE 5420\OneDrive\Images\Pictures\Screenshots\Capture d'écran 2026-02-10 215135.png : could not open file "C:\Users\DELL LATITUDE 5420\OneDrive\Images\Pictures\Screenshots\Capture d'écran 2026-02-10 215135.png"
2026-08-07 19:26:55 [WARNING] MENACE : None → Capture d'écran 2026-02-10 215135.png
2026-08-07 19:26:55 [ERROR]  Erreur scan YARA sur C:\Users\DELL LATITUDE 5420\OneDrive\Images\Pictures\Screenshots\Capture d'écran 2026-02-10 215432.png : could not open file "C:\Users\DELL LATITUDE 5420\OneDrive\Images\Pictures\Screenshots\Capture d'écran 2026-02-10 215432.png"
2026-08-07 19:26:55 [WARNING] MENACE : None → Capture d'écran 2026-02-10 215432.png
2026-08-07 19:26:55 [ERROR]  Erreur scan YARA sur C:\Users\DELL LATITUDE 5420\OneDrive\Images\Pictures\Screenshots\Capture d'écran 2026-02-10 220155.png : could not open file "C:\Users\DELL LATITUDE 5420\OneDrive\Images\Pictures\Screenshots\Capture d'écran 2026-02-10 220155.png"
2026-08-07 19:26:55 [WARNING] MENACE : None → Capture d'écran 2026-02-10 220155.png
2026-08-07 19:26:55 [ERROR]  Erreur scan YARA sur C:\Users\DELL LATITUDE 5420\OneDrive\Images\Pictures\Screenshots\Capture d'écran 2026-02-10 220449.png : could not open file "C:\Users\DELL LATITUDE 5420\OneDrive\Images\Pictures\Screenshots\Capture d'écran 2026-02-10 220449.png"
2026-08-07 19:26:55 [WARNING] MENACE : None → Capture d'écran 2026-02-10 220449.png
2026-08-07 19:26:55 [ERROR]  Erreur scan YARA sur C:\Users\DELL LATITUDE 5420\OneDrive\Images\Pictures\Screenshots\Capture d'écran 2026-02-10 221405.png : could not open file "C:\Users\DELL LATITUDE 5420\OneDrive\Images\Pictures\Screenshots\Capture d'écran 2026-02-10 221405.png"
2026-08-07 19:26:55 [WARNING] MENACE : None → Capture d'écran 2026-02-10 221405.png
2026-08-07 19:26:55 [ERROR]  Erreur scan YARA sur C:\Users\DELL LATITUDE 5420\OneDrive\Images\Pictures\Screenshots\Capture d'écran 2026-02-10 222428.png : could not open file "C:\Users\DELL LATITUDE 5420\OneDrive\Images\Pictures\Screenshots\Capture d'écran 2026-02-10 222428.png"
2026-08-07 19:26:55 [WARNING] MENACE : None → Capture d'écran 2026-02-10 222428.png
2026-08-07 19:26:55 [ERROR]  Erreur scan YARA sur C:\Users\DELL LATITUDE 5420\OneDrive\Images\Pictures\Screenshots\Capture d'écran 2026-02-10 222705.png : could not open file "C:\Users\DELL LATITUDE 5420\OneDrive\Images\Pictures\Screenshots\Capture d'écran 2026-02-10 222705.png"
2026-08-07 19:26:55 [WARNING] MENACE : None → Capture d'écran 2026-02-10 222705.png
2026-08-07 19:26:55 [ERROR]  Erreur scan YARA sur C:\Users\DELL LATITUDE 5420\OneDrive\Images\Pictures\Screenshots\Capture d'écran 2026-02-10 222857.png : could not open file "C:\Users\DELL LATITUDE 5420\OneDrive\Images\Pictures\Screenshots\Capture d'écran 2026-02-10 222857.png"
2026-08-07 19:26:55 [WARNING] MENACE : None → Capture d'écran 2026-02-10 222857.png
2026-08-07 19:26:56 [ERROR]  Erreur scan YARA sur C:\Users\DELL LATITUDE 5420\OneDrive\Images\Pictures\Screenshots\Capture d'écran 2026-02-10 230351.png : could not open file "C:\Users\DELL LATITUDE 5420\OneDrive\Images\Pictures\Screenshots\Capture d'écran 2026-02-10 230351.png"
2026-08-07 19:26:56 [WARNING] MENACE : None → Capture d'écran 2026-02-10 230351.png
2026-08-07 19:26:56 [ERROR]  Erreur scan YARA sur C:\Users\DELL LATITUDE 5420\OneDrive\Images\Pictures\Screenshots\Capture d'écran 2026-02-10 234455.png : could not open file "C:\Users\DELL LATITUDE 5420\OneDrive\Images\Pictures\Screenshots\Capture d'écran 2026-02-10 234455.png"
2026-08-07 19:26:56 [WARNING] MENACE : None → Capture d'écran 2026-02-10 234455.png
2026-08-07 19:26:56 [ERROR]  Erreur scan YARA sur C:\Users\DELL LATITUDE 5420\OneDrive\Images\Pictures\Screenshots\Capture d'écran 2026-02-10 234504.png : could not open file "C:\Users\DELL LATITUDE 5420\OneDrive\Images\Pictures\Screenshots\Capture d'écran 2026-02-10 234504.png"
2026-08-07 19:26:56 [WARNING] MENACE : None → Capture d'écran 2026-02-10 234504.png
2026-08-07 19:26:56 [ERROR]  Erreur scan YARA sur C:\Users\DELL LATITUDE 5420\OneDrive\Images\Pictures\Screenshots\Capture d'écran 2026-02-10 234511.png : could not open file "C:\Users\DELL LATITUDE 5420\OneDrive\Images\Pictures\Screenshots\Capture d'écran 2026-02-10 234511.png"
2026-08-07 19:26:56 [WARNING] MENACE : None → Capture d'écran 2026-02-10 234511.png
2026-08-07 19:26:56 [ERROR]  Erreur scan YARA sur C:\Users\DELL LATITUDE 5420\OneDrive\Images\Pictures\Screenshots\Capture d'écran 2026-02-10 234518.png : could not open file "C:\Users\DELL LATITUDE 5420\OneDrive\Images\Pictures\Screenshots\Capture d'écran 2026-02-10 234518.png"
2026-08-07 19:26:56 [WARNING] MENACE : None → Capture d'écran 2026-02-10 234518.png
2026-08-07 19:26:56 [ERROR]  Erreur scan YARA sur C:\Users\DELL LATITUDE 5420\OneDrive\Images\Pictures\Screenshots\Capture d'écran 2026-02-10 234527.png : could not open file "C:\Users\DELL LATITUDE 5420\OneDrive\Images\Pictures\Screenshots\Capture d'écran 2026-02-10 234527.png"
2026-08-07 19:26:56 [WARNING] MENACE : None → Capture d'écran 2026-02-10 234527.png
2026-08-07 19:26:56 [ERROR]  Erreur scan YARA sur C:\Users\DELL LATITUDE 5420\OneDrive\Images\Pictures\Screenshots\Capture d'écran 2026-02-10 234533.png : could not open file "C:\Users\DELL LATITUDE 5420\OneDrive\Images\Pictures\Screenshots\Capture d'écran 2026-02-10 234533.png"
2026-08-07 19:26:56 [WARNING] MENACE : None → Capture d'écran 2026-02-10 234533.png
2026-08-07 19:26:56 [ERROR]  Erreur scan YARA sur C:\Users\DELL LATITUDE 5420\OneDrive\Images\Pictures\Screenshots\Capture d'écran 2026-02-10 234557.png : could not open file "C:\Users\DELL LATITUDE 5420\OneDrive\Images\Pictures\Screenshots\Capture d'écran 2026-02-10 234557.png"
2026-08-07 19:26:56 [WARNING] MENACE : None → Capture d'écran 2026-02-10 234557.png
2026-08-07 19:26:56 [ERROR]  Erreur scan YARA sur C:\Users\DELL LATITUDE 5420\OneDrive\Images\Pictures\Screenshots\Capture d'écran 2026-02-11 000139.png : could not open file "C:\Users\DELL LATITUDE 5420\OneDrive\Images\Pictures\Screenshots\Capture d'écran 2026-02-11 000139.png"
2026-08-07 19:26:56 [WARNING] MENACE : None → Capture d'écran 2026-02-11 000139.png
2026-08-07 19:26:56 [ERROR]  Erreur scan YARA sur C:\Users\DELL LATITUDE 5420\OneDrive\Images\Pictures\Screenshots\Capture d'écran 2026-02-11 000152.png : could not open file "C:\Users\DELL LATITUDE 5420\OneDrive\Images\Pictures\Screenshots\Capture d'écran 2026-02-11 000152.png"
2026-08-07 19:26:56 [WARNING] MENACE : None → Capture d'écran 2026-02-11 000152.png
2026-08-07 19:26:56 [ERROR]  Erreur scan YARA sur C:\Users\DELL LATITUDE 5420\OneDrive\Images\Pictures\Screenshots\Capture d'écran 2026-02-11 000315.png : could not open file "C:\Users\DELL LATITUDE 5420\OneDrive\Images\Pictures\Screenshots\Capture d'écran 2026-02-11 000315.png"
2026-08-07 19:26:56 [WARNING] MENACE : None → Capture d'écran 2026-02-11 000315.png
2026-08-07 19:26:56 [ERROR]  Erreur scan YARA sur C:\Users\DELL LATITUDE 5420\OneDrive\Images\Pictures\Screenshots\Capture d'écran 2026-02-12 234851.png : could not open file "C:\Users\DELL LATITUDE 5420\OneDrive\Images\Pictures\Screenshots\Capture d'écran 2026-02-12 234851.png"
2026-08-07 19:26:56 [WARNING] MENACE : None → Capture d'écran 2026-02-12 234851.png
2026-08-07 19:26:56 [ERROR]  Erreur scan YARA sur C:\Users\DELL LATITUDE 5420\OneDrive\Images\Pictures\Screenshots\Capture d'écran 2026-02-13 004905.png : could not open file "C:\Users\DELL LATITUDE 5420\OneDrive\Images\Pictures\Screenshots\Capture d'écran 2026-02-13 004905.png"
2026-08-07 19:26:56 [WARNING] MENACE : None → Capture d'écran 2026-02-13 004905.png
2026-08-07 19:26:56 [ERROR]  Erreur scan YARA sur C:\Users\DELL LATITUDE 5420\OneDrive\Images\Pictures\Screenshots\Capture d'écran 2026-02-13 004923.png : could not open file "C:\Users\DELL LATITUDE 5420\OneDrive\Images\Pictures\Screenshots\Capture d'écran 2026-02-13 004923.png"
2026-08-07 19:26:56 [WARNING] MENACE : None → Capture d'écran 2026-02-13 004923.png
2026-08-07 19:26:56 [ERROR]  Erreur scan YARA sur C:\Users\DELL LATITUDE 5420\OneDrive\Images\Pictures\Screenshots\Capture d'écran 2026-02-13 004934.png : could not open file "C:\Users\DELL LATITUDE 5420\OneDrive\Images\Pictures\Screenshots\Capture d'écran 2026-02-13 004934.png"
2026-08-07 19:26:56 [WARNING] MENACE : None → Capture d'écran 2026-02-13 004934.png
2026-08-07 19:26:56 [ERROR]  Erreur scan YARA sur C:\Users\DELL LATITUDE 5420\OneDrive\Images\Pictures\Screenshots\Capture d'écran 2026-02-13 173107.png : could not open file "C:\Users\DELL LATITUDE 5420\OneDrive\Images\Pictures\Screenshots\Capture d'écran 2026-02-13 173107.png"
2026-08-07 19:26:56 [WARNING] MENACE : None → Capture d'écran 2026-02-13 173107.png
2026-08-07 19:26:56 [ERROR]  Erreur scan YARA sur C:\Users\DELL LATITUDE 5420\OneDrive\Images\Pictures\Screenshots\Capture d'écran 2026-02-13 173132.png : could not open file "C:\Users\DELL LATITUDE 5420\OneDrive\Images\Pictures\Screenshots\Capture d'écran 2026-02-13 173132.png"
2026-08-07 19:26:56 [WARNING] MENACE : None → Capture d'écran 2026-02-13 173132.png
2026-08-07 19:26:56 [ERROR]  Erreur scan YARA sur C:\Users\DELL LATITUDE 5420\OneDrive\Images\Pictures\Screenshots\Capture d'écran 2026-02-13 173310.png : could not open file "C:\Users\DELL LATITUDE 5420\OneDrive\Images\Pictures\Screenshots\Capture d'écran 2026-02-13 173310.png"
2026-08-07 19:26:56 [WARNING] MENACE : None → Capture d'écran 2026-02-13 173310.png
2026-08-07 19:26:56 [ERROR]  Erreur scan YARA sur C:\Users\DELL LATITUDE 5420\OneDrive\Images\Pictures\Screenshots\Capture d'écran 2026-02-13 174613.png : could not open file "C:\Users\DELL LATITUDE 5420\OneDrive\Images\Pictures\Screenshots\Capture d'écran 2026-02-13 174613.png"
2026-08-07 19:26:56 [WARNING] MENACE : None → Capture d'écran 2026-02-13 174613.png
2026-08-07 19:26:56 [ERROR]  Erreur scan YARA sur C:\Users\DELL LATITUDE 5420\OneDrive\Images\Pictures\Screenshots\Capture d'écran 2026-02-14 125959.png : could not open file "C:\Users\DELL LATITUDE 5420\OneDrive\Images\Pictures\Screenshots\Capture d'écran 2026-02-14 125959.png"
2026-08-07 19:26:56 [WARNING] MENACE : None → Capture d'écran 2026-02-14 125959.png
2026-08-07 19:26:56 [ERROR]  Erreur scan YARA sur C:\Users\DELL LATITUDE 5420\OneDrive\Images\Pictures\Screenshots\Capture d'écran 2026-02-15 041610.png : could not open file "C:\Users\DELL LATITUDE 5420\OneDrive\Images\Pictures\Screenshots\Capture d'écran 2026-02-15 041610.png"
2026-08-07 19:26:56 [WARNING] MENACE : None → Capture d'écran 2026-02-15 041610.png
2026-08-07 19:26:56 [ERROR]  Erreur scan YARA sur C:\Users\DELL LATITUDE 5420\OneDrive\Images\Pictures\Screenshots\Capture d'écran 2026-02-15 041621.png : could not open file "C:\Users\DELL LATITUDE 5420\OneDrive\Images\Pictures\Screenshots\Capture d'écran 2026-02-15 041621.png"
2026-08-07 19:26:56 [WARNING] MENACE : None → Capture d'écran 2026-02-15 041621.png
2026-08-07 19:26:56 [ERROR]  Erreur scan YARA sur C:\Users\DELL LATITUDE 5420\OneDrive\Images\Pictures\Screenshots\Capture d'écran 2026-02-15 144850.png : could not open file "C:\Users\DELL LATITUDE 5420\OneDrive\Images\Pictures\Screenshots\Capture d'écran 2026-02-15 144850.png"
2026-08-07 19:26:56 [WARNING] MENACE : None → Capture d'écran 2026-02-15 144850.png
2026-08-07 19:26:56 [ERROR]  Erreur scan YARA sur C:\Users\DELL LATITUDE 5420\OneDrive\Images\Pictures\Screenshots\Capture d'écran 2026-02-15 145047.png : could not open file "C:\Users\DELL LATITUDE 5420\OneDrive\Images\Pictures\Screenshots\Capture d'écran 2026-02-15 145047.png"
2026-08-07 19:26:56 [WARNING] MENACE : None → Capture d'écran 2026-02-15 145047.png
2026-08-07 19:26:56 [ERROR]  Erreur scan YARA sur C:\Users\DELL LATITUDE 5420\OneDrive\Images\Pictures\Screenshots\Capture d'écran 2026-02-15 150027.png : could not open file "C:\Users\DELL LATITUDE 5420\OneDrive\Images\Pictures\Screenshots\Capture d'écran 2026-02-15 150027.png"
2026-08-07 19:26:56 [WARNING] MENACE : None → Capture d'écran 2026-02-15 150027.png
2026-08-07 19:26:57 [ERROR]  Erreur scan YARA sur C:\Users\DELL LATITUDE 5420\OneDrive\Images\Pictures\Screenshots\Capture d'écran 2026-02-16 203503.png : could not open file "C:\Users\DELL LATITUDE 5420\OneDrive\Images\Pictures\Screenshots\Capture d'écran 2026-02-16 203503.png"
2026-08-07 19:26:57 [WARNING] MENACE : None → Capture d'écran 2026-02-16 203503.png
2026-08-07 19:26:57 [ERROR]  Erreur scan YARA sur C:\Users\DELL LATITUDE 5420\OneDrive\Images\Pictures\Screenshots\Capture d'écran 2026-02-16 204526.png : could not open file "C:\Users\DELL LATITUDE 5420\OneDrive\Images\Pictures\Screenshots\Capture d'écran 2026-02-16 204526.png"
2026-08-07 19:26:57 [WARNING] MENACE : None → Capture d'écran 2026-02-16 204526.png
2026-08-07 19:26:57 [ERROR]  Erreur scan YARA sur C:\Users\DELL LATITUDE 5420\OneDrive\Images\Pictures\Screenshots\Capture d'écran 2026-02-16 205835.png : could not open file "C:\Users\DELL LATITUDE 5420\OneDrive\Images\Pictures\Screenshots\Capture d'écran 2026-02-16 205835.png"
2026-08-07 19:26:57 [WARNING] MENACE : None → Capture d'écran 2026-02-16 205835.png
2026-08-07 19:26:57 [ERROR]  Erreur scan YARA sur C:\Users\DELL LATITUDE 5420\OneDrive\Images\Pictures\Screenshots\Capture d'écran 2026-02-16 223340.png : could not open file "C:\Users\DELL LATITUDE 5420\OneDrive\Images\Pictures\Screenshots\Capture d'écran 2026-02-16 223340.png"
2026-08-07 19:26:57 [WARNING] MENACE : None → Capture d'écran 2026-02-16 223340.png
2026-08-07 19:26:57 [ERROR]  Erreur scan YARA sur C:\Users\DELL LATITUDE 5420\OneDrive\Images\Pictures\Screenshots\Capture d'écran 2026-02-16 223533.png : could not open file "C:\Users\DELL LATITUDE 5420\OneDrive\Images\Pictures\Screenshots\Capture d'écran 2026-02-16 223533.png"
2026-08-07 19:26:57 [WARNING] MENACE : None → Capture d'écran 2026-02-16 223533.png
2026-08-07 19:26:57 [ERROR]  Erreur scan YARA sur C:\Users\DELL LATITUDE 5420\OneDrive\Images\Pictures\Screenshots\Capture d'écran 2026-02-19 002108.png : could not open file "C:\Users\DELL LATITUDE 5420\OneDrive\Images\Pictures\Screenshots\Capture d'écran 2026-02-19 002108.png"
2026-08-07 19:26:57 [WARNING] MENACE : None → Capture d'écran 2026-02-19 002108.png
2026-08-07 19:26:57 [ERROR]  Erreur scan YARA sur C:\Users\DELL LATITUDE 5420\OneDrive\Images\Pictures\Screenshots\Capture d'écran 2026-02-19 002204.png : could not open file "C:\Users\DELL LATITUDE 5420\OneDrive\Images\Pictures\Screenshots\Capture d'écran 2026-02-19 002204.png"
2026-08-07 19:26:57 [WARNING] MENACE : None → Capture d'écran 2026-02-19 002204.png
2026-08-07 19:26:57 [ERROR]  Erreur scan YARA sur C:\Users\DELL LATITUDE 5420\OneDrive\Images\Pictures\Screenshots\Capture d'écran 2026-02-19 002211.png : could not open file "C:\Users\DELL LATITUDE 5420\OneDrive\Images\Pictures\Screenshots\Capture d'écran 2026-02-19 002211.png"
2026-08-07 19:26:57 [WARNING] MENACE : None → Capture d'écran 2026-02-19 002211.png
2026-08-07 19:26:57 [ERROR]  Erreur scan YARA sur C:\Users\DELL LATITUDE 5420\OneDrive\Images\Pictures\Screenshots\Capture d'écran 2026-02-19 002226.png : could not open file "C:\Users\DELL LATITUDE 5420\OneDrive\Images\Pictures\Screenshots\Capture d'écran 2026-02-19 002226.png"
2026-08-07 19:26:57 [WARNING] MENACE : None → Capture d'écran 2026-02-19 002226.png
2026-08-07 19:26:58 [ERROR]  Erreur scan YARA sur C:\Users\DELL LATITUDE 5420\OneDrive\Images\Pictures\Screenshots\Capture d'écran 2026-02-19 005913.png : could not open file "C:\Users\DELL LATITUDE 5420\OneDrive\Images\Pictures\Screenshots\Capture d'écran 2026-02-19 005913.png"
2026-08-07 19:26:58 [WARNING] MENACE : None → Capture d'écran 2026-02-19 005913.png
2026-08-07 19:26:58 [ERROR]  Erreur scan YARA sur C:\Users\DELL LATITUDE 5420\OneDrive\Images\Pictures\Screenshots\Capture d'écran 2026-02-19 011148.png : could not open file "C:\Users\DELL LATITUDE 5420\OneDrive\Images\Pictures\Screenshots\Capture d'écran 2026-02-19 011148.png"
2026-08-07 19:26:58 [WARNING] MENACE : None → Capture d'écran 2026-02-19 011148.png
2026-08-07 19:26:58 [ERROR]  Erreur scan YARA sur C:\Users\DELL LATITUDE 5420\OneDrive\Images\Pictures\Screenshots\Capture d'écran 2026-02-19 011642.png : could not open file "C:\Users\DELL LATITUDE 5420\OneDrive\Images\Pictures\Screenshots\Capture d'écran 2026-02-19 011642.png"
2026-08-07 19:26:58 [WARNING] MENACE : None → Capture d'écran 2026-02-19 011642.png
2026-08-07 19:26:58 [ERROR]  Erreur scan YARA sur C:\Users\DELL LATITUDE 5420\OneDrive\Images\Pictures\Screenshots\Capture d'écran 2026-02-19 223130.png : could not open file "C:\Users\DELL LATITUDE 5420\OneDrive\Images\Pictures\Screenshots\Capture d'écran 2026-02-19 223130.png"
2026-08-07 19:26:58 [WARNING] MENACE : None → Capture d'écran 2026-02-19 223130.png
2026-08-07 19:26:58 [ERROR]  Erreur scan YARA sur C:\Users\DELL LATITUDE 5420\OneDrive\Images\Pictures\Screenshots\Capture d'écran 2026-02-20 000257.png : could not open file "C:\Users\DELL LATITUDE 5420\OneDrive\Images\Pictures\Screenshots\Capture d'écran 2026-02-20 000257.png"
2026-08-07 19:26:58 [WARNING] MENACE : None → Capture d'écran 2026-02-20 000257.png
2026-08-07 19:26:58 [ERROR]  Erreur scan YARA sur C:\Users\DELL LATITUDE 5420\OneDrive\Images\Pictures\Screenshots\Capture d'écran 2026-02-20 005318.png : could not open file "C:\Users\DELL LATITUDE 5420\OneDrive\Images\Pictures\Screenshots\Capture d'écran 2026-02-20 005318.png"
2026-08-07 19:26:58 [WARNING] MENACE : None → Capture d'écran 2026-02-20 005318.png
2026-08-07 19:26:58 [ERROR]  Erreur scan YARA sur C:\Users\DELL LATITUDE 5420\OneDrive\Images\Pictures\Screenshots\Capture d'écran 2026-02-22 233518.png : could not open file "C:\Users\DELL LATITUDE 5420\OneDrive\Images\Pictures\Screenshots\Capture d'écran 2026-02-22 233518.png"
2026-08-07 19:26:58 [WARNING] MENACE : None → Capture d'écran 2026-02-22 233518.png
2026-08-07 19:26:58 [ERROR]  Erreur scan YARA sur C:\Users\DELL LATITUDE 5420\OneDrive\Images\Pictures\Screenshots\Capture d'écran 2026-02-23 002842.png : could not open file "C:\Users\DELL LATITUDE 5420\OneDrive\Images\Pictures\Screenshots\Capture d'écran 2026-02-23 002842.png"
2026-08-07 19:26:58 [WARNING] MENACE : None → Capture d'écran 2026-02-23 002842.png
2026-08-07 19:26:58 [ERROR]  Erreur scan YARA sur C:\Users\DELL LATITUDE 5420\OneDrive\Images\Pictures\Screenshots\Capture d'écran 2026-02-23 004151.png : could not open file "C:\Users\DELL LATITUDE 5420\OneDrive\Images\Pictures\Screenshots\Capture d'écran 2026-02-23 004151.png"
2026-08-07 19:26:58 [WARNING] MENACE : None → Capture d'écran 2026-02-23 004151.png
2026-08-07 19:26:58 [ERROR]  Erreur scan YARA sur C:\Users\DELL LATITUDE 5420\OneDrive\Images\Pictures\Screenshots\Capture d'écran 2026-02-23 004218.png : could not open file "C:\Users\DELL LATITUDE 5420\OneDrive\Images\Pictures\Screenshots\Capture d'écran 2026-02-23 004218.png"
2026-08-07 19:26:58 [WARNING] MENACE : None → Capture d'écran 2026-02-23 004218.png
2026-08-07 19:26:58 [ERROR]  Erreur scan YARA sur C:\Users\DELL LATITUDE 5420\OneDrive\Images\Pictures\Screenshots\Capture d'écran 2026-03-16 123446.png : could not open file "C:\Users\DELL LATITUDE 5420\OneDrive\Images\Pictures\Screenshots\Capture d'écran 2026-03-16 123446.png"
2026-08-07 19:26:58 [WARNING] MENACE : None → Capture d'écran 2026-03-16 123446.png
2026-08-07 19:26:58 [ERROR]  Erreur scan YARA sur C:\Users\DELL LATITUDE 5420\OneDrive\Images\Pictures\Screenshots\Capture d'écran 2026-03-16 123454.png : could not open file "C:\Users\DELL LATITUDE 5420\OneDrive\Images\Pictures\Screenshots\Capture d'écran 2026-03-16 123454.png"
2026-08-07 19:26:58 [WARNING] MENACE : None → Capture d'écran 2026-03-16 123454.png
2026-08-07 19:26:58 [ERROR]  Erreur scan YARA sur C:\Users\DELL LATITUDE 5420\OneDrive\Images\Pictures\Screenshots\Capture d'écran 2026-03-16 123545.png : could not open file "C:\Users\DELL LATITUDE 5420\OneDrive\Images\Pictures\Screenshots\Capture d'écran 2026-03-16 123545.png"
2026-08-07 19:26:58 [WARNING] MENACE : None → Capture d'écran 2026-03-16 123545.png
2026-08-07 19:26:58 [ERROR]  Erreur scan YARA sur C:\Users\DELL LATITUDE 5420\OneDrive\Images\Pictures\Screenshots\Capture d'écran 2026-03-16 123645.png : could not open file "C:\Users\DELL LATITUDE 5420\OneDrive\Images\Pictures\Screenshots\Capture d'écran 2026-03-16 123645.png"
2026-08-07 19:26:58 [WARNING] MENACE : None → Capture d'écran 2026-03-16 123645.png
2026-08-07 19:26:58 [ERROR]  Erreur scan YARA sur C:\Users\DELL LATITUDE 5420\OneDrive\Images\Pictures\Screenshots\Capture d'écran 2026-03-16 123652.png : could not open file "C:\Users\DELL LATITUDE 5420\OneDrive\Images\Pictures\Screenshots\Capture d'écran 2026-03-16 123652.png"
2026-08-07 19:26:58 [WARNING] MENACE : None → Capture d'écran 2026-03-16 123652.png
2026-08-07 19:26:58 [ERROR]  Erreur scan YARA sur C:\Users\DELL LATITUDE 5420\OneDrive\Images\Pictures\Screenshots\Capture d'écran 2026-03-16 124013.png : could not open file "C:\Users\DELL LATITUDE 5420\OneDrive\Images\Pictures\Screenshots\Capture d'écran 2026-03-16 124013.png"
2026-08-07 19:26:58 [WARNING] MENACE : None → Capture d'écran 2026-03-16 124013.png
2026-08-07 19:26:59 [ERROR]  Erreur scan YARA sur C:\Users\DELL LATITUDE 5420\OneDrive\Images\Pictures\Screenshots\Capture d'écran 2026-03-16 124021.png : could not open file "C:\Users\DELL LATITUDE 5420\OneDrive\Images\Pictures\Screenshots\Capture d'écran 2026-03-16 124021.png"
2026-08-07 19:26:59 [WARNING] MENACE : None → Capture d'écran 2026-03-16 124021.png
2026-08-07 19:26:59 [ERROR]  Erreur scan YARA sur C:\Users\DELL LATITUDE 5420\OneDrive\Images\Pictures\Screenshots\Capture d'écran 2026-03-16 124540.png : could not open file "C:\Users\DELL LATITUDE 5420\OneDrive\Images\Pictures\Screenshots\Capture d'écran 2026-03-16 124540.png"
2026-08-07 19:26:59 [WARNING] MENACE : None → Capture d'écran 2026-03-16 124540.png
2026-08-07 19:26:59 [ERROR]  Erreur scan YARA sur C:\Users\DELL LATITUDE 5420\OneDrive\Images\Pictures\Screenshots\Capture d'écran 2026-03-17 135333.png : could not open file "C:\Users\DELL LATITUDE 5420\OneDrive\Images\Pictures\Screenshots\Capture d'écran 2026-03-17 135333.png"
2026-08-07 19:26:59 [WARNING] MENACE : None → Capture d'écran 2026-03-17 135333.png
2026-08-07 19:26:59 [ERROR]  Erreur scan YARA sur C:\Users\DELL LATITUDE 5420\OneDrive\Images\Pictures\Screenshots\Capture d'écran 2026-03-17 135544.png : could not open file "C:\Users\DELL LATITUDE 5420\OneDrive\Images\Pictures\Screenshots\Capture d'écran 2026-03-17 135544.png"
2026-08-07 19:26:59 [WARNING] MENACE : None → Capture d'écran 2026-03-17 135544.png
2026-08-07 19:26:59 [ERROR]  Erreur scan YARA sur C:\Users\DELL LATITUDE 5420\OneDrive\Images\Pictures\Screenshots\Capture d'écran 2026-03-18 204255.png : could not open file "C:\Users\DELL LATITUDE 5420\OneDrive\Images\Pictures\Screenshots\Capture d'écran 2026-03-18 204255.png"
2026-08-07 19:26:59 [WARNING] MENACE : None → Capture d'écran 2026-03-18 204255.png
2026-08-07 19:26:59 [ERROR]  Erreur scan YARA sur C:\Users\DELL LATITUDE 5420\OneDrive\Images\Pictures\Screenshots\Capture d'écran 2026-03-18 224526.png : could not open file "C:\Users\DELL LATITUDE 5420\OneDrive\Images\Pictures\Screenshots\Capture d'écran 2026-03-18 224526.png"
2026-08-07 19:26:59 [WARNING] MENACE : None → Capture d'écran 2026-03-18 224526.png
2026-08-07 19:26:59 [ERROR]  Erreur scan YARA sur C:\Users\DELL LATITUDE 5420\OneDrive\Images\Pictures\Screenshots\Capture d'écran 2026-03-18 224546.png : could not open file "C:\Users\DELL LATITUDE 5420\OneDrive\Images\Pictures\Screenshots\Capture d'écran 2026-03-18 224546.png"
2026-08-07 19:26:59 [WARNING] MENACE : None → Capture d'écran 2026-03-18 224546.png
2026-08-07 19:26:59 [ERROR]  Erreur scan YARA sur C:\Users\DELL LATITUDE 5420\OneDrive\Images\Pictures\Screenshots\Capture d'écran 2026-03-18 224608.png : could not open file "C:\Users\DELL LATITUDE 5420\OneDrive\Images\Pictures\Screenshots\Capture d'écran 2026-03-18 224608.png"
2026-08-07 19:26:59 [WARNING] MENACE : None → Capture d'écran 2026-03-18 224608.png
2026-08-07 19:26:59 [ERROR]  Erreur scan YARA sur C:\Users\DELL LATITUDE 5420\OneDrive\Images\Pictures\Screenshots\Capture d'écran 2026-03-18 230815.png : could not open file "C:\Users\DELL LATITUDE 5420\OneDrive\Images\Pictures\Screenshots\Capture d'écran 2026-03-18 230815.png"
2026-08-07 19:26:59 [WARNING] MENACE : None → Capture d'écran 2026-03-18 230815.png
2026-08-07 19:26:59 [ERROR]  Erreur scan YARA sur C:\Users\DELL LATITUDE 5420\OneDrive\Images\Pictures\Screenshots\Capture d'écran 2026-03-18 231432.png : could not open file "C:\Users\DELL LATITUDE 5420\OneDrive\Images\Pictures\Screenshots\Capture d'écran 2026-03-18 231432.png"
2026-08-07 19:26:59 [WARNING] MENACE : None → Capture d'écran 2026-03-18 231432.png
2026-08-07 19:26:59 [ERROR]  Erreur scan YARA sur C:\Users\DELL LATITUDE 5420\OneDrive\Images\Pictures\Screenshots\Capture d'écran 2026-03-18 231454.png : could not open file "C:\Users\DELL LATITUDE 5420\OneDrive\Images\Pictures\Screenshots\Capture d'écran 2026-03-18 231454.png"
2026-08-07 19:26:59 [WARNING] MENACE : None → Capture d'écran 2026-03-18 231454.png
2026-08-07 19:26:59 [ERROR]  Erreur scan YARA sur C:\Users\DELL LATITUDE 5420\OneDrive\Images\Pictures\Screenshots\Capture d'écran 2026-03-18 231936.png : could not open file "C:\Users\DELL LATITUDE 5420\OneDrive\Images\Pictures\Screenshots\Capture d'écran 2026-03-18 231936.png"
2026-08-07 19:26:59 [WARNING] MENACE : None → Capture d'écran 2026-03-18 231936.png
2026-08-07 19:26:59 [ERROR]  Erreur scan YARA sur C:\Users\DELL LATITUDE 5420\OneDrive\Images\Pictures\Screenshots\Capture d'écran 2026-03-18 231946.png : could not open file "C:\Users\DELL LATITUDE 5420\OneDrive\Images\Pictures\Screenshots\Capture d'écran 2026-03-18 231946.png"
2026-08-07 19:26:59 [WARNING] MENACE : None → Capture d'écran 2026-03-18 231946.png
2026-08-07 19:26:59 [ERROR]  Erreur scan YARA sur C:\Users\DELL LATITUDE 5420\OneDrive\Images\Pictures\Screenshots\Capture d'écran 2026-03-18 232015.png : could not open file "C:\Users\DELL LATITUDE 5420\OneDrive\Images\Pictures\Screenshots\Capture d'écran 2026-03-18 232015.png"
2026-08-07 19:26:59 [WARNING] MENACE : None → Capture d'écran 2026-03-18 232015.png
2026-08-07 19:26:59 [ERROR]  Erreur scan YARA sur C:\Users\DELL LATITUDE 5420\OneDrive\Images\Pictures\Screenshots\Capture d'écran 2026-03-18 232037.png : could not open file "C:\Users\DELL LATITUDE 5420\OneDrive\Images\Pictures\Screenshots\Capture d'écran 2026-03-18 232037.png"
2026-08-07 19:26:59 [WARNING] MENACE : None → Capture d'écran 2026-03-18 232037.png
2026-08-07 19:26:59 [ERROR]  Erreur scan YARA sur C:\Users\DELL LATITUDE 5420\OneDrive\Images\Pictures\Screenshots\Capture d'écran 2026-03-20 193621.png : could not open file "C:\Users\DELL LATITUDE 5420\OneDrive\Images\Pictures\Screenshots\Capture d'écran 2026-03-20 193621.png"
2026-08-07 19:26:59 [WARNING] MENACE : None → Capture d'écran 2026-03-20 193621.png
2026-08-07 19:26:59 [ERROR]  Erreur scan YARA sur C:\Users\DELL LATITUDE 5420\OneDrive\Images\Pictures\Screenshots\Capture d'écran 2026-03-20 194039.png : could not open file "C:\Users\DELL LATITUDE 5420\OneDrive\Images\Pictures\Screenshots\Capture d'écran 2026-03-20 194039.png"
2026-08-07 19:26:59 [WARNING] MENACE : None → Capture d'écran 2026-03-20 194039.png
2026-08-07 19:26:59 [ERROR]  Erreur scan YARA sur C:\Users\DELL LATITUDE 5420\OneDrive\Images\Pictures\Screenshots\Capture d'écran 2026-03-20 200758.png : could not open file "C:\Users\DELL LATITUDE 5420\OneDrive\Images\Pictures\Screenshots\Capture d'écran 2026-03-20 200758.png"
2026-08-07 19:26:59 [WARNING] MENACE : None → Capture d'écran 2026-03-20 200758.png
2026-08-07 19:26:59 [ERROR]  Erreur scan YARA sur C:\Users\DELL LATITUDE 5420\OneDrive\Images\Pictures\Screenshots\Capture d'écran 2026-03-20 200835.png : could not open file "C:\Users\DELL LATITUDE 5420\OneDrive\Images\Pictures\Screenshots\Capture d'écran 2026-03-20 200835.png"
2026-08-07 19:26:59 [WARNING] MENACE : None → Capture d'écran 2026-03-20 200835.png
2026-08-07 19:26:59 [ERROR]  Erreur scan YARA sur C:\Users\DELL LATITUDE 5420\OneDrive\Images\Pictures\Screenshots\Capture d'écran 2026-03-20 203118.png : could not open file "C:\Users\DELL LATITUDE 5420\OneDrive\Images\Pictures\Screenshots\Capture d'écran 2026-03-20 203118.png"
2026-08-07 19:26:59 [WARNING] MENACE : None → Capture d'écran 2026-03-20 203118.png
2026-08-07 19:26:59 [ERROR]  Erreur scan YARA sur C:\Users\DELL LATITUDE 5420\OneDrive\Images\Pictures\Screenshots\Capture d'écran 2026-03-20 203640.png : could not open file "C:\Users\DELL LATITUDE 5420\OneDrive\Images\Pictures\Screenshots\Capture d'écran 2026-03-20 203640.png"
2026-08-07 19:26:59 [WARNING] MENACE : None → Capture d'écran 2026-03-20 203640.png
2026-08-07 19:26:59 [ERROR]  Erreur scan YARA sur C:\Users\DELL LATITUDE 5420\OneDrive\Images\Pictures\Screenshots\Capture d'écran 2026-03-22 064927.png : could not open file "C:\Users\DELL LATITUDE 5420\OneDrive\Images\Pictures\Screenshots\Capture d'écran 2026-03-22 064927.png"
2026-08-07 19:26:59 [WARNING] MENACE : None → Capture d'écran 2026-03-22 064927.png
2026-08-07 19:26:59 [ERROR]  Erreur scan YARA sur C:\Users\DELL LATITUDE 5420\OneDrive\Images\Pictures\Screenshots\Capture d'écran 2026-03-22 065111.png : could not open file "C:\Users\DELL LATITUDE 5420\OneDrive\Images\Pictures\Screenshots\Capture d'écran 2026-03-22 065111.png"
2026-08-07 19:26:59 [WARNING] MENACE : None → Capture d'écran 2026-03-22 065111.png
2026-08-07 19:26:59 [ERROR]  Erreur scan YARA sur C:\Users\DELL LATITUDE 5420\OneDrive\Images\Pictures\Screenshots\Capture d'écran 2026-03-22 150310.png : could not open file "C:\Users\DELL LATITUDE 5420\OneDrive\Images\Pictures\Screenshots\Capture d'écran 2026-03-22 150310.png"
2026-08-07 19:26:59 [WARNING] MENACE : None → Capture d'écran 2026-03-22 150310.png
2026-08-07 19:26:59 [ERROR]  Erreur scan YARA sur C:\Users\DELL LATITUDE 5420\OneDrive\Images\Pictures\Screenshots\Capture d'écran 2026-03-22 150319.png : could not open file "C:\Users\DELL LATITUDE 5420\OneDrive\Images\Pictures\Screenshots\Capture d'écran 2026-03-22 150319.png"
2026-08-07 19:26:59 [WARNING] MENACE : None → Capture d'écran 2026-03-22 150319.png
2026-08-07 19:26:59 [ERROR]  Erreur scan YARA sur C:\Users\DELL LATITUDE 5420\OneDrive\Images\Pictures\Screenshots\Capture d'écran 2026-03-22 150341.png : could not open file "C:\Users\DELL LATITUDE 5420\OneDrive\Images\Pictures\Screenshots\Capture d'écran 2026-03-22 150341.png"
2026-08-07 19:26:59 [WARNING] MENACE : None → Capture d'écran 2026-03-22 150341.png
2026-08-07 19:26:59 [ERROR]  Erreur scan YARA sur C:\Users\DELL LATITUDE 5420\OneDrive\Images\Pictures\Screenshots\Capture d'écran 2026-03-22 150350.png : could not open file "C:\Users\DELL LATITUDE 5420\OneDrive\Images\Pictures\Screenshots\Capture d'écran 2026-03-22 150350.png"
2026-08-07 19:26:59 [WARNING] MENACE : None → Capture d'écran 2026-03-22 150350.png
2026-08-07 19:26:59 [ERROR]  Erreur scan YARA sur C:\Users\DELL LATITUDE 5420\OneDrive\Images\Pictures\Screenshots\Capture d'écran 2026-03-22 150425.png : could not open file "C:\Users\DELL LATITUDE 5420\OneDrive\Images\Pictures\Screenshots\Capture d'écran 2026-03-22 150425.png"
2026-08-07 19:26:59 [WARNING] MENACE : None → Capture d'écran 2026-03-22 150425.png
2026-08-07 19:26:59 [ERROR]  Erreur scan YARA sur C:\Users\DELL LATITUDE 5420\OneDrive\Images\Pictures\Screenshots\Capture d'écran 2026-03-22 150454.png : could not open file "C:\Users\DELL LATITUDE 5420\OneDrive\Images\Pictures\Screenshots\Capture d'écran 2026-03-22 150454.png"
2026-08-07 19:26:59 [WARNING] MENACE : None → Capture d'écran 2026-03-22 150454.png
2026-08-07 19:26:59 [ERROR]  Erreur scan YARA sur C:\Users\DELL LATITUDE 5420\OneDrive\Images\Pictures\Screenshots\Capture d'écran 2026-03-22 150815.png : could not open file "C:\Users\DELL LATITUDE 5420\OneDrive\Images\Pictures\Screenshots\Capture d'écran 2026-03-22 150815.png"
2026-08-07 19:26:59 [WARNING] MENACE : None → Capture d'écran 2026-03-22 150815.png
2026-08-07 19:26:59 [ERROR]  Erreur scan YARA sur C:\Users\DELL LATITUDE 5420\OneDrive\Images\Pictures\Screenshots\Capture d'écran 2026-03-22 150834.png : could not open file "C:\Users\DELL LATITUDE 5420\OneDrive\Images\Pictures\Screenshots\Capture d'écran 2026-03-22 150834.png"
2026-08-07 19:26:59 [WARNING] MENACE : None → Capture d'écran 2026-03-22 150834.png
2026-08-07 19:26:59 [ERROR]  Erreur scan YARA sur C:\Users\DELL LATITUDE 5420\OneDrive\Images\Pictures\Screenshots\Capture d'écran 2026-03-22 150850.png : could not open file "C:\Users\DELL LATITUDE 5420\OneDrive\Images\Pictures\Screenshots\Capture d'écran 2026-03-22 150850.png"
2026-08-07 19:26:59 [WARNING] MENACE : None → Capture d'écran 2026-03-22 150850.png
2026-08-07 19:26:59 [ERROR]  Erreur scan YARA sur C:\Users\DELL LATITUDE 5420\OneDrive\Images\Pictures\Screenshots\Capture d'écran 2026-03-22 150910.png : could not open file "C:\Users\DELL LATITUDE 5420\OneDrive\Images\Pictures\Screenshots\Capture d'écran 2026-03-22 150910.png"
2026-08-07 19:26:59 [WARNING] MENACE : None → Capture d'écran 2026-03-22 150910.png
2026-08-07 19:26:59 [ERROR]  Erreur scan YARA sur C:\Users\DELL LATITUDE 5420\OneDrive\Images\Pictures\Screenshots\Capture d'écran 2026-03-22 151556.png : could not open file "C:\Users\DELL LATITUDE 5420\OneDrive\Images\Pictures\Screenshots\Capture d'écran 2026-03-22 151556.png"
2026-08-07 19:26:59 [WARNING] MENACE : None → Capture d'écran 2026-03-22 151556.png
2026-08-07 19:26:59 [ERROR]  Erreur scan YARA sur C:\Users\DELL LATITUDE 5420\OneDrive\Images\Pictures\Screenshots\Capture d'écran 2026-03-22 220830.png : could not open file "C:\Users\DELL LATITUDE 5420\OneDrive\Images\Pictures\Screenshots\Capture d'écran 2026-03-22 220830.png"
2026-08-07 19:26:59 [WARNING] MENACE : None → Capture d'écran 2026-03-22 220830.png
2026-08-07 19:27:00 [ERROR]  Erreur scan YARA sur C:\Users\DELL LATITUDE 5420\OneDrive\Images\Pictures\Screenshots\Capture d'écran 2026-03-22 220851.png : could not open file "C:\Users\DELL LATITUDE 5420\OneDrive\Images\Pictures\Screenshots\Capture d'écran 2026-03-22 220851.png"
2026-08-07 19:27:00 [WARNING] MENACE : None → Capture d'écran 2026-03-22 220851.png
2026-08-07 19:27:00 [ERROR]  Erreur scan YARA sur C:\Users\DELL LATITUDE 5420\OneDrive\Images\Pictures\Screenshots\Capture d'écran 2026-03-22 220922.png : could not open file "C:\Users\DELL LATITUDE 5420\OneDrive\Images\Pictures\Screenshots\Capture d'écran 2026-03-22 220922.png"
2026-08-07 19:27:00 [WARNING] MENACE : None → Capture d'écran 2026-03-22 220922.png
2026-08-07 19:27:00 [ERROR]  Erreur scan YARA sur C:\Users\DELL LATITUDE 5420\OneDrive\Images\Pictures\Screenshots\Capture d'écran 2026-03-22 220937.png : could not open file "C:\Users\DELL LATITUDE 5420\OneDrive\Images\Pictures\Screenshots\Capture d'écran 2026-03-22 220937.png"
2026-08-07 19:27:00 [WARNING] MENACE : None → Capture d'écran 2026-03-22 220937.png
2026-08-07 19:27:00 [ERROR]  Erreur scan YARA sur C:\Users\DELL LATITUDE 5420\OneDrive\Images\Pictures\Screenshots\Capture d'écran 2026-03-22 220952.png : could not open file "C:\Users\DELL LATITUDE 5420\OneDrive\Images\Pictures\Screenshots\Capture d'écran 2026-03-22 220952.png"
2026-08-07 19:27:00 [WARNING] MENACE : None → Capture d'écran 2026-03-22 220952.png
2026-08-07 19:27:00 [ERROR]  Erreur scan YARA sur C:\Users\DELL LATITUDE 5420\OneDrive\Images\Pictures\Screenshots\Capture d'écran 2026-03-22 221006.png : could not open file "C:\Users\DELL LATITUDE 5420\OneDrive\Images\Pictures\Screenshots\Capture d'écran 2026-03-22 221006.png"
2026-08-07 19:27:00 [WARNING] MENACE : None → Capture d'écran 2026-03-22 221006.png
2026-08-07 19:27:00 [ERROR]  Erreur scan YARA sur C:\Users\DELL LATITUDE 5420\OneDrive\Images\Pictures\Screenshots\Capture d'écran 2026-03-22 221046.png : could not open file "C:\Users\DELL LATITUDE 5420\OneDrive\Images\Pictures\Screenshots\Capture d'écran 2026-03-22 221046.png"
2026-08-07 19:27:00 [WARNING] MENACE : None → Capture d'écran 2026-03-22 221046.png
2026-08-07 19:27:00 [ERROR]  Erreur scan YARA sur C:\Users\DELL LATITUDE 5420\OneDrive\Images\Pictures\Screenshots\Capture d'écran 2026-03-22 221115.png : could not open file "C:\Users\DELL LATITUDE 5420\OneDrive\Images\Pictures\Screenshots\Capture d'écran 2026-03-22 221115.png"
2026-08-07 19:27:00 [WARNING] MENACE : None → Capture d'écran 2026-03-22 221115.png
2026-08-07 19:27:00 [ERROR]  Erreur scan YARA sur C:\Users\DELL LATITUDE 5420\OneDrive\Images\Pictures\Screenshots\Capture d'écran 2026-03-22 221146.png : could not open file "C:\Users\DELL LATITUDE 5420\OneDrive\Images\Pictures\Screenshots\Capture d'écran 2026-03-22 221146.png"
2026-08-07 19:27:00 [WARNING] MENACE : None → Capture d'écran 2026-03-22 221146.png
2026-08-07 19:27:00 [ERROR]  Erreur scan YARA sur C:\Users\DELL LATITUDE 5420\OneDrive\Images\Pictures\Screenshots\Capture d'écran 2026-03-22 221201.png : could not open file "C:\Users\DELL LATITUDE 5420\OneDrive\Images\Pictures\Screenshots\Capture d'écran 2026-03-22 221201.png"
2026-08-07 19:27:00 [WARNING] MENACE : None → Capture d'écran 2026-03-22 221201.png
2026-08-07 19:27:00 [ERROR]  Erreur scan YARA sur C:\Users\DELL LATITUDE 5420\OneDrive\Images\Pictures\Screenshots\Capture d'écran 2026-03-22 221404.png : could not open file "C:\Users\DELL LATITUDE 5420\OneDrive\Images\Pictures\Screenshots\Capture d'écran 2026-03-22 221404.png"
2026-08-07 19:27:00 [WARNING] MENACE : None → Capture d'écran 2026-03-22 221404.png
2026-08-07 19:27:00 [ERROR]  Erreur scan YARA sur C:\Users\DELL LATITUDE 5420\OneDrive\Images\Pictures\Screenshots\Capture d'écran 2026-03-22 221429.png : could not open file "C:\Users\DELL LATITUDE 5420\OneDrive\Images\Pictures\Screenshots\Capture d'écran 2026-03-22 221429.png"
2026-08-07 19:27:00 [WARNING] MENACE : None → Capture d'écran 2026-03-22 221429.png
2026-08-07 19:27:00 [ERROR]  Erreur scan YARA sur C:\Users\DELL LATITUDE 5420\OneDrive\Images\Pictures\Screenshots\Capture d'écran 2026-03-22 221449.png : could not open file "C:\Users\DELL LATITUDE 5420\OneDrive\Images\Pictures\Screenshots\Capture d'écran 2026-03-22 221449.png"
2026-08-07 19:27:00 [WARNING] MENACE : None → Capture d'écran 2026-03-22 221449.png
2026-08-07 19:27:00 [ERROR]  Erreur scan YARA sur C:\Users\DELL LATITUDE 5420\OneDrive\Images\Pictures\Screenshots\Capture d'écran 2026-03-22 221501.png : could not open file "C:\Users\DELL LATITUDE 5420\OneDrive\Images\Pictures\Screenshots\Capture d'écran 2026-03-22 221501.png"
2026-08-07 19:27:00 [WARNING] MENACE : None → Capture d'écran 2026-03-22 221501.png
2026-08-07 19:27:00 [ERROR]  Erreur scan YARA sur C:\Users\DELL LATITUDE 5420\OneDrive\Images\Pictures\Screenshots\Capture d'écran 2026-03-22 222312.png : could not open file "C:\Users\DELL LATITUDE 5420\OneDrive\Images\Pictures\Screenshots\Capture d'écran 2026-03-22 222312.png"
2026-08-07 19:27:00 [WARNING] MENACE : None → Capture d'écran 2026-03-22 222312.png
2026-08-07 19:27:00 [ERROR]  Erreur scan YARA sur C:\Users\DELL LATITUDE 5420\OneDrive\Images\Pictures\Screenshots\Capture d'écran 2026-03-22 222332.png : could not open file "C:\Users\DELL LATITUDE 5420\OneDrive\Images\Pictures\Screenshots\Capture d'écran 2026-03-22 222332.png"
2026-08-07 19:27:00 [WARNING] MENACE : None → Capture d'écran 2026-03-22 222332.png
2026-08-07 19:27:00 [ERROR]  Erreur scan YARA sur C:\Users\DELL LATITUDE 5420\OneDrive\Images\Pictures\Screenshots\Capture d'écran 2026-03-22 222354.png : could not open file "C:\Users\DELL LATITUDE 5420\OneDrive\Images\Pictures\Screenshots\Capture d'écran 2026-03-22 222354.png"
2026-08-07 19:27:00 [WARNING] MENACE : None → Capture d'écran 2026-03-22 222354.png
2026-08-07 19:27:00 [ERROR]  Erreur scan YARA sur C:\Users\DELL LATITUDE 5420\OneDrive\Images\Pictures\Screenshots\Capture d'écran 2026-03-22 222557.png : could not open file "C:\Users\DELL LATITUDE 5420\OneDrive\Images\Pictures\Screenshots\Capture d'écran 2026-03-22 222557.png"
2026-08-07 19:27:00 [WARNING] MENACE : None → Capture d'écran 2026-03-22 222557.png
2026-08-07 19:27:00 [ERROR]  Erreur scan YARA sur C:\Users\DELL LATITUDE 5420\OneDrive\Images\Pictures\Screenshots\Capture d'écran 2026-03-22 222631.png : could not open file "C:\Users\DELL LATITUDE 5420\OneDrive\Images\Pictures\Screenshots\Capture d'écran 2026-03-22 222631.png"
2026-08-07 19:27:00 [WARNING] MENACE : None → Capture d'écran 2026-03-22 222631.png
2026-08-07 19:27:00 [ERROR]  Erreur scan YARA sur C:\Users\DELL LATITUDE 5420\OneDrive\Images\Pictures\Screenshots\Capture d'écran 2026-03-22 222645.png : could not open file "C:\Users\DELL LATITUDE 5420\OneDrive\Images\Pictures\Screenshots\Capture d'écran 2026-03-22 222645.png"
2026-08-07 19:27:00 [WARNING] MENACE : None → Capture d'écran 2026-03-22 222645.png
2026-08-07 19:27:00 [ERROR]  Erreur scan YARA sur C:\Users\DELL LATITUDE 5420\OneDrive\Images\Pictures\Screenshots\Capture d'écran 2026-03-22 222659.png : could not open file "C:\Users\DELL LATITUDE 5420\OneDrive\Images\Pictures\Screenshots\Capture d'écran 2026-03-22 222659.png"
2026-08-07 19:27:00 [WARNING] MENACE : None → Capture d'écran 2026-03-22 222659.png
2026-08-07 19:27:00 [ERROR]  Erreur scan YARA sur C:\Users\DELL LATITUDE 5420\OneDrive\Images\Pictures\Screenshots\Capture d'écran 2026-03-22 222728.png : could not open file "C:\Users\DELL LATITUDE 5420\OneDrive\Images\Pictures\Screenshots\Capture d'écran 2026-03-22 222728.png"
2026-08-07 19:27:00 [WARNING] MENACE : None → Capture d'écran 2026-03-22 222728.png
2026-08-07 19:27:00 [ERROR]  Erreur scan YARA sur C:\Users\DELL LATITUDE 5420\OneDrive\Images\Pictures\Screenshots\Capture d'écran 2026-03-22 222824.png : could not open file "C:\Users\DELL LATITUDE 5420\OneDrive\Images\Pictures\Screenshots\Capture d'écran 2026-03-22 222824.png"
2026-08-07 19:27:00 [WARNING] MENACE : None → Capture d'écran 2026-03-22 222824.png
2026-08-07 19:27:00 [ERROR]  Erreur scan YARA sur C:\Users\DELL LATITUDE 5420\OneDrive\Images\Pictures\Screenshots\Capture d'écran 2026-03-22 222839.png : could not open file "C:\Users\DELL LATITUDE 5420\OneDrive\Images\Pictures\Screenshots\Capture d'écran 2026-03-22 222839.png"
2026-08-07 19:27:00 [WARNING] MENACE : None → Capture d'écran 2026-03-22 222839.png
2026-08-07 19:27:00 [ERROR]  Erreur scan YARA sur C:\Users\DELL LATITUDE 5420\OneDrive\Images\Pictures\Screenshots\Capture d'écran 2026-03-22 222910.png : could not open file "C:\Users\DELL LATITUDE 5420\OneDrive\Images\Pictures\Screenshots\Capture d'écran 2026-03-22 222910.png"
2026-08-07 19:27:00 [WARNING] MENACE : None → Capture d'écran 2026-03-22 222910.png
2026-08-07 19:27:00 [ERROR]  Erreur scan YARA sur C:\Users\DELL LATITUDE 5420\OneDrive\Images\Pictures\Screenshots\Capture d'écran 2026-03-22 222952.png : could not open file "C:\Users\DELL LATITUDE 5420\OneDrive\Images\Pictures\Screenshots\Capture d'écran 2026-03-22 222952.png"
2026-08-07 19:27:00 [WARNING] MENACE : None → Capture d'écran 2026-03-22 222952.png
2026-08-07 19:27:00 [ERROR]  Erreur scan YARA sur C:\Users\DELL LATITUDE 5420\OneDrive\Images\Pictures\Screenshots\Capture d'écran 2026-03-22 223006.png : could not open file "C:\Users\DELL LATITUDE 5420\OneDrive\Images\Pictures\Screenshots\Capture d'écran 2026-03-22 223006.png"
2026-08-07 19:27:00 [WARNING] MENACE : None → Capture d'écran 2026-03-22 223006.png
2026-08-07 19:27:00 [ERROR]  Erreur scan YARA sur C:\Users\DELL LATITUDE 5420\OneDrive\Images\Pictures\Screenshots\Capture d'écran 2026-03-22 223022.png : could not open file "C:\Users\DELL LATITUDE 5420\OneDrive\Images\Pictures\Screenshots\Capture d'écran 2026-03-22 223022.png"
2026-08-07 19:27:00 [WARNING] MENACE : None → Capture d'écran 2026-03-22 223022.png
2026-08-07 19:27:00 [ERROR]  Erreur scan YARA sur C:\Users\DELL LATITUDE 5420\OneDrive\Images\Pictures\Screenshots\Capture d'écran 2026-03-22 223114.png : could not open file "C:\Users\DELL LATITUDE 5420\OneDrive\Images\Pictures\Screenshots\Capture d'écran 2026-03-22 223114.png"
2026-08-07 19:27:00 [WARNING] MENACE : None → Capture d'écran 2026-03-22 223114.png
2026-08-07 19:27:00 [ERROR]  Erreur scan YARA sur C:\Users\DELL LATITUDE 5420\OneDrive\Images\Pictures\Screenshots\Capture d'écran 2026-03-22 223134.png : could not open file "C:\Users\DELL LATITUDE 5420\OneDrive\Images\Pictures\Screenshots\Capture d'écran 2026-03-22 223134.png"
2026-08-07 19:27:00 [WARNING] MENACE : None → Capture d'écran 2026-03-22 223134.png
2026-08-07 19:27:00 [ERROR]  Erreur scan YARA sur C:\Users\DELL LATITUDE 5420\OneDrive\Images\Pictures\Screenshots\Capture d'écran 2026-03-22 223224.png : could not open file "C:\Users\DELL LATITUDE 5420\OneDrive\Images\Pictures\Screenshots\Capture d'écran 2026-03-22 223224.png"
2026-08-07 19:27:00 [WARNING] MENACE : None → Capture d'écran 2026-03-22 223224.png
2026-08-07 19:27:00 [ERROR]  Erreur scan YARA sur C:\Users\DELL LATITUDE 5420\OneDrive\Images\Pictures\Screenshots\Capture d'écran 2026-03-22 223252.png : could not open file "C:\Users\DELL LATITUDE 5420\OneDrive\Images\Pictures\Screenshots\Capture d'écran 2026-03-22 223252.png"
2026-08-07 19:27:00 [WARNING] MENACE : None → Capture d'écran 2026-03-22 223252.png
2026-08-07 19:27:00 [ERROR]  Erreur scan YARA sur C:\Users\DELL LATITUDE 5420\OneDrive\Images\Pictures\Screenshots\Capture d'écran 2026-03-22 223315.png : could not open file "C:\Users\DELL LATITUDE 5420\OneDrive\Images\Pictures\Screenshots\Capture d'écran 2026-03-22 223315.png"
2026-08-07 19:27:00 [WARNING] MENACE : None → Capture d'écran 2026-03-22 223315.png
2026-08-07 19:27:00 [ERROR]  Erreur scan YARA sur C:\Users\DELL LATITUDE 5420\OneDrive\Images\Pictures\Screenshots\Capture d'écran 2026-03-22 223327.png : could not open file "C:\Users\DELL LATITUDE 5420\OneDrive\Images\Pictures\Screenshots\Capture d'écran 2026-03-22 223327.png"
2026-08-07 19:27:00 [WARNING] MENACE : None → Capture d'écran 2026-03-22 223327.png
2026-08-07 19:27:00 [ERROR]  Erreur scan YARA sur C:\Users\DELL LATITUDE 5420\OneDrive\Images\Pictures\Screenshots\Capture d'écran 2026-03-22 223338.png : could not open file "C:\Users\DELL LATITUDE 5420\OneDrive\Images\Pictures\Screenshots\Capture d'écran 2026-03-22 223338.png"
2026-08-07 19:27:00 [WARNING] MENACE : None → Capture d'écran 2026-03-22 223338.png
2026-08-07 19:27:00 [ERROR]  Erreur scan YARA sur C:\Users\DELL LATITUDE 5420\OneDrive\Images\Pictures\Screenshots\Capture d'écran 2026-03-22 223352.png : could not open file "C:\Users\DELL LATITUDE 5420\OneDrive\Images\Pictures\Screenshots\Capture d'écran 2026-03-22 223352.png"
2026-08-07 19:27:00 [WARNING] MENACE : None → Capture d'écran 2026-03-22 223352.png
2026-08-07 19:27:00 [ERROR]  Erreur scan YARA sur C:\Users\DELL LATITUDE 5420\OneDrive\Images\Pictures\Screenshots\Capture d'écran 2026-03-22 223436.png : could not open file "C:\Users\DELL LATITUDE 5420\OneDrive\Images\Pictures\Screenshots\Capture d'écran 2026-03-22 223436.png"
2026-08-07 19:27:00 [WARNING] MENACE : None → Capture d'écran 2026-03-22 223436.png
2026-08-07 19:27:00 [ERROR]  Erreur scan YARA sur C:\Users\DELL LATITUDE 5420\OneDrive\Images\Pictures\Screenshots\Capture d'écran 2026-03-22 223453.png : could not open file "C:\Users\DELL LATITUDE 5420\OneDrive\Images\Pictures\Screenshots\Capture d'écran 2026-03-22 223453.png"
2026-08-07 19:27:00 [WARNING] MENACE : None → Capture d'écran 2026-03-22 223453.png
2026-08-07 19:27:00 [ERROR]  Erreur scan YARA sur C:\Users\DELL LATITUDE 5420\OneDrive\Images\Pictures\Screenshots\Capture d'écran 2026-03-22 223551.png : could not open file "C:\Users\DELL LATITUDE 5420\OneDrive\Images\Pictures\Screenshots\Capture d'écran 2026-03-22 223551.png"
2026-08-07 19:27:00 [WARNING] MENACE : None → Capture d'écran 2026-03-22 223551.png
2026-08-07 19:27:00 [ERROR]  Erreur scan YARA sur C:\Users\DELL LATITUDE 5420\OneDrive\Images\Pictures\Screenshots\Capture d'écran 2026-03-22 223601.png : could not open file "C:\Users\DELL LATITUDE 5420\OneDrive\Images\Pictures\Screenshots\Capture d'écran 2026-03-22 223601.png"
2026-08-07 19:27:00 [WARNING] MENACE : None → Capture d'écran 2026-03-22 223601.png
2026-08-07 19:27:00 [ERROR]  Erreur scan YARA sur C:\Users\DELL LATITUDE 5420\OneDrive\Images\Pictures\Screenshots\Capture d'écran 2026-03-23 002255.png : could not open file "C:\Users\DELL LATITUDE 5420\OneDrive\Images\Pictures\Screenshots\Capture d'écran 2026-03-23 002255.png"
2026-08-07 19:27:00 [WARNING] MENACE : None → Capture d'écran 2026-03-23 002255.png
2026-08-07 19:27:00 [ERROR]  Erreur scan YARA sur C:\Users\DELL LATITUDE 5420\OneDrive\Images\Pictures\Screenshots\Capture d'écran 2026-03-24 093849.png : could not open file "C:\Users\DELL LATITUDE 5420\OneDrive\Images\Pictures\Screenshots\Capture d'écran 2026-03-24 093849.png"
2026-08-07 19:27:00 [WARNING] MENACE : None → Capture d'écran 2026-03-24 093849.png
2026-08-07 19:27:00 [ERROR]  Erreur scan YARA sur C:\Users\DELL LATITUDE 5420\OneDrive\Images\Pictures\Screenshots\Capture d'écran 2026-03-24 115132.png : could not open file "C:\Users\DELL LATITUDE 5420\OneDrive\Images\Pictures\Screenshots\Capture d'écran 2026-03-24 115132.png"
2026-08-07 19:27:00 [WARNING] MENACE : None → Capture d'écran 2026-03-24 115132.png
2026-08-07 19:27:00 [ERROR]  Erreur scan YARA sur C:\Users\DELL LATITUDE 5420\OneDrive\Images\Pictures\Screenshots\Capture d'écran 2026-03-24 120559.png : could not open file "C:\Users\DELL LATITUDE 5420\OneDrive\Images\Pictures\Screenshots\Capture d'écran 2026-03-24 120559.png"
2026-08-07 19:27:00 [WARNING] MENACE : None → Capture d'écran 2026-03-24 120559.png
2026-08-07 19:27:00 [ERROR]  Erreur scan YARA sur C:\Users\DELL LATITUDE 5420\OneDrive\Images\Pictures\Screenshots\Capture d'écran 2026-03-24 120605.png : could not open file "C:\Users\DELL LATITUDE 5420\OneDrive\Images\Pictures\Screenshots\Capture d'écran 2026-03-24 120605.png"
2026-08-07 19:27:00 [WARNING] MENACE : None → Capture d'écran 2026-03-24 120605.png
2026-08-07 19:27:00 [ERROR]  Erreur scan YARA sur C:\Users\DELL LATITUDE 5420\OneDrive\Images\Pictures\Screenshots\Capture d'écran 2026-03-25 005301.png : could not open file "C:\Users\DELL LATITUDE 5420\OneDrive\Images\Pictures\Screenshots\Capture d'écran 2026-03-25 005301.png"
2026-08-07 19:27:00 [ERROR]  Erreur scan YARA sur C:\Users\DELL LATITUDE 5420\OneDrive\Images\Pictures\Screenshots\Capture d'écran 2026-03-26 001818.png : could not open file "C:\Users\DELL LATITUDE 5420\OneDrive\Images\Pictures\Screenshots\Capture d'écran 2026-03-26 001818.png"
2026-08-07 19:27:00 [WARNING] MENACE : None → Capture d'écran 2026-03-26 001818.png
2026-08-07 19:27:00 [ERROR]  Erreur scan YARA sur C:\Users\DELL LATITUDE 5420\OneDrive\Images\Pictures\Screenshots\Capture d'écran 2026-03-26 011433.png : could not open file "C:\Users\DELL LATITUDE 5420\OneDrive\Images\Pictures\Screenshots\Capture d'écran 2026-03-26 011433.png"
2026-08-07 19:27:00 [WARNING] MENACE : None → Capture d'écran 2026-03-26 011433.png
2026-08-07 19:27:00 [ERROR]  Erreur scan YARA sur C:\Users\DELL LATITUDE 5420\OneDrive\Images\Pictures\Screenshots\Capture d'écran 2026-03-26 131144.png : could not open file "C:\Users\DELL LATITUDE 5420\OneDrive\Images\Pictures\Screenshots\Capture d'écran 2026-03-26 131144.png"
2026-08-07 19:27:00 [WARNING] MENACE : None → Capture d'écran 2026-03-26 131144.png
2026-08-07 19:27:00 [ERROR]  Erreur scan YARA sur C:\Users\DELL LATITUDE 5420\OneDrive\Images\Pictures\Screenshots\Capture d'écran 2026-03-26 131224.png : could not open file "C:\Users\DELL LATITUDE 5420\OneDrive\Images\Pictures\Screenshots\Capture d'écran 2026-03-26 131224.png"
2026-08-07 19:27:00 [WARNING] MENACE : None → Capture d'écran 2026-03-26 131224.png
2026-08-07 19:27:00 [WARNING] MENACE : None → Screenshot 2026-02-23 195701.png
2026-08-07 19:27:00 [WARNING] MENACE : None → Screenshot 2026-02-23 204516.png
2026-08-07 19:27:00 [WARNING] MENACE : None → Screenshot 2026-02-23 205426.png
2026-08-07 19:27:00 [WARNING] MENACE : None → Screenshot 2026-02-24 215815.png
2026-08-07 19:27:00 [WARNING] MENACE : None → Screenshot 2026-02-24 222943.png
2026-08-07 19:27:00 [WARNING] MENACE : None → Screenshot 2026-02-24 223431.png
2026-08-07 19:27:01 [WARNING] MENACE : None → Screenshot 2026-02-24 232254.png
2026-08-07 19:27:01 [WARNING] MENACE : None → Screenshot 2026-02-24 232309.png
2026-08-07 19:27:01 [WARNING] MENACE : None → Screenshot 2026-02-24 232327.png
2026-08-07 19:27:01 [WARNING] MENACE : None → Screenshot 2026-02-24 232341.png
2026-08-07 19:27:01 [WARNING] MENACE : None → Screenshot 2026-02-24 232354.png
2026-08-07 19:27:01 [WARNING] MENACE : None → Screenshot 2026-02-24 232408.png
2026-08-07 19:27:01 [WARNING] MENACE : None → Screenshot 2026-02-27 024930.png
2026-08-07 19:27:01 [WARNING] MENACE : None → Screenshot 2026-02-27 164641.png
2026-08-07 19:27:01 [WARNING] MENACE : None → Screenshot 2026-02-28 194504.png
2026-08-07 19:27:01 [WARNING] MENACE : None → Screenshot 2026-02-28 213626.png
2026-08-07 19:27:01 [WARNING] MENACE : None → Screenshot 2026-02-28 235020.png
2026-08-07 19:27:01 [WARNING] MENACE : None → Screenshot 2026-03-01 000855.png
2026-08-07 19:27:01 [WARNING] MENACE : None → Screenshot 2026-03-01 002756.png
2026-08-07 19:27:01 [WARNING] MENACE : None → Screenshot 2026-03-02 170102.png
2026-08-07 19:27:01 [WARNING] MENACE : None → Screenshot 2026-03-03 021123.png
2026-08-07 19:27:01 [WARNING] MENACE : None → Screenshot 2026-03-04 094545.png
2026-08-07 19:27:01 [WARNING] MENACE : None → Screenshot 2026-03-05 102841.png
2026-08-07 19:27:01 [WARNING] MENACE : None → Screenshot 2026-03-05 104710.png
2026-08-07 19:27:01 [WARNING] MENACE : None → Screenshot 2026-03-05 105638.png
2026-08-07 19:27:01 [WARNING] MENACE : None → Screenshot 2026-03-05 111407.png
2026-08-07 19:27:01 [WARNING] MENACE : None → Screenshot 2026-03-05 112507.png
2026-08-07 19:27:01 [WARNING] MENACE : None → Screenshot 2026-03-05 112559.png
2026-08-07 19:27:01 [WARNING] MENACE : None → Screenshot 2026-03-05 113802.png
2026-08-07 19:27:01 [WARNING] MENACE : None → Screenshot 2026-03-05 203615.png
2026-08-07 19:27:01 [WARNING] MENACE : None → Screenshot 2026-03-05 205024.png
2026-08-07 19:27:01 [WARNING] MENACE : None → Screenshot 2026-03-05 205334.png
2026-08-07 19:27:01 [WARNING] MENACE : None → Screenshot 2026-03-05 211710.png
2026-08-07 19:27:01 [WARNING] MENACE : None → Screenshot 2026-03-05 212138.png
2026-08-07 19:27:01 [WARNING] MENACE : None → Screenshot 2026-03-09 102122.png
2026-08-07 19:27:01 [WARNING] MENACE : None → Screenshot 2026-03-10 015828.png
2026-08-07 19:27:01 [WARNING] MENACE : None → Screenshot 2026-03-10 020405.png
2026-08-07 19:27:01 [WARNING] MENACE : None → Screenshot 2026-03-10 021023.png
2026-08-07 19:27:01 [WARNING] MENACE : None → Screenshot 2026-03-10 021209.png
2026-08-07 19:27:01 [WARNING] MENACE : None → Screenshot 2026-03-10 021359.png
2026-08-07 19:27:01 [WARNING] MENACE : None → Screenshot 2026-03-10 200102.png
2026-08-07 19:27:01 [WARNING] MENACE : None → Screenshot 2026-03-10 200108.png
2026-08-07 19:27:01 [WARNING] MENACE : None → Screenshot 2026-03-10 200535.png
2026-08-07 19:27:01 [WARNING] MENACE : None → Screenshot 2026-03-10 200548.png
2026-08-07 19:27:02 [WARNING] MENACE : None → Screenshot 2026-03-10 200748.png
2026-08-07 19:27:02 [WARNING] MENACE : None → Screenshot 2026-03-10 201402.png
2026-08-07 19:27:02 [WARNING] MENACE : None → Screenshot 2026-03-10 205741.png
2026-08-07 19:27:02 [WARNING] MENACE : None → Screenshot 2026-03-11 105050.png
2026-08-07 19:27:02 [WARNING] MENACE : None → Screenshot 2026-03-12 003506.png
2026-08-07 19:27:02 [WARNING] MENACE : None → Screenshot 2026-03-12 003528.png
2026-08-07 19:27:02 [WARNING] MENACE : None → Screenshot 2026-03-12 111110.png
2026-08-07 19:27:02 [WARNING] MENACE : None → Screenshot 2026-03-12 113049.png
2026-08-07 19:27:02 [WARNING] MENACE : None → Screenshot 2026-03-12 113059.png
2026-08-07 19:27:02 [WARNING] MENACE : None → Screenshot 2026-03-12 114411.png
2026-08-07 19:27:02 [WARNING] MENACE : None → Screenshot 2026-03-12 224031.png
2026-08-07 19:27:02 [WARNING] MENACE : None → Screenshot 2026-03-13 165714.png
2026-08-07 19:27:02 [WARNING] MENACE : None → Screenshot 2026-03-13 183859.png
2026-08-07 19:27:02 [WARNING] MENACE : None → Screenshot 2026-03-13 183907.png
2026-08-07 19:27:02 [WARNING] MENACE : None → Screenshot 2026-03-13 225810.png
2026-08-07 19:27:02 [WARNING] MENACE : None → Screenshot 2026-03-13 233905.png
2026-08-07 19:27:02 [WARNING] MENACE : None → Screenshot 2026-03-14 123637.png
2026-08-07 19:27:02 [WARNING] MENACE : None → Screenshot 2026-03-15 102021.png
2026-08-07 19:27:02 [WARNING] MENACE : None → Screenshot 2026-03-15 102053.png
2026-08-07 19:27:02 [WARNING] MENACE : None → Screenshot 2026-03-15 102135.png
2026-08-07 19:27:02 [WARNING] MENACE : None → Screenshot 2026-03-16 005811.png
2026-08-07 19:27:02 [WARNING] MENACE : None → Screenshot 2026-03-16 010023.png
2026-08-07 19:27:02 [WARNING] MENACE : None → Screenshot 2026-03-26 232436.png
2026-08-07 19:27:02 [WARNING] MENACE : None → Screenshot 2026-03-29 131636.png
2026-08-07 19:27:02 [WARNING] MENACE : None → Screenshot 2026-03-29 132227.png
2026-08-07 19:27:02 [WARNING] MENACE : None → Screenshot 2026-03-29 132906.png
2026-08-07 19:27:02 [WARNING] MENACE : None → Screenshot 2026-03-29 132920.png
2026-08-07 19:27:02 [WARNING] MENACE : None → Screenshot 2026-03-29 132937.png
2026-08-07 19:27:02 [WARNING] MENACE : None → Screenshot 2026-03-29 133009.png
2026-08-07 19:27:02 [WARNING] MENACE : None → Screenshot 2026-03-29 150935.png
2026-08-07 19:27:02 [WARNING] MENACE : None → Screenshot 2026-03-29 150946.png
2026-08-07 19:27:02 [WARNING] MENACE : None → Screenshot 2026-03-29 164218.png
2026-08-07 19:27:02 [WARNING] MENACE : None → Screenshot 2026-03-29 200009.png
2026-08-07 19:27:02 [WARNING] MENACE : None → Screenshot 2026-03-29 200103.png
2026-08-07 19:27:02 [WARNING] MENACE : None → Screenshot 2026-03-29 200125.png
2026-08-07 19:27:02 [WARNING] MENACE : None → Screenshot 2026-03-29 200145.png
2026-08-07 19:27:02 [WARNING] MENACE : None → Screenshot 2026-03-29 213510.png
2026-08-07 19:27:02 [WARNING] MENACE : None → Screenshot 2026-03-30 030313.png
2026-08-07 19:27:02 [WARNING] MENACE : None → Screenshot 2026-03-30 215250.png
2026-08-07 19:27:02 [WARNING] MENACE : None → Screenshot 2026-03-30 220924.png
2026-08-07 19:27:02 [WARNING] MENACE : None → Screenshot 2026-03-30 220931.png
2026-08-07 19:27:02 [WARNING] MENACE : None → Screenshot 2026-03-30 221747.png
2026-08-07 19:27:02 [WARNING] MENACE : None → Screenshot 2026-03-31 020021.png
2026-08-07 19:27:03 [WARNING] MENACE : None → Screenshot 2026-03-31 092320.png
2026-08-07 19:27:03 [WARNING] MENACE : None → Screenshot 2026-03-31 104146.png
2026-08-07 19:27:03 [WARNING] MENACE : None → Screenshot 2026-03-31 104635.png
2026-08-07 19:27:03 [WARNING] MENACE : None → Screenshot 2026-04-01 133925.png
2026-08-07 19:27:03 [WARNING] MENACE : None → Screenshot 2026-04-02 122932.png
2026-08-07 19:27:03 [WARNING] MENACE : None → Screenshot 2026-04-02 122947.png
2026-08-07 19:27:03 [WARNING] MENACE : None → Screenshot 2026-04-02 122953.png
2026-08-07 19:27:03 [WARNING] MENACE : None → Screenshot 2026-04-04 163045.png
2026-08-07 19:27:03 [WARNING] MENACE : None → Screenshot 2026-04-04 173017.png
2026-08-07 19:27:03 [WARNING] MENACE : None → Screenshot 2026-04-04 173132.png
2026-08-07 19:27:03 [WARNING] MENACE : None → Screenshot 2026-04-04 183817.png
2026-08-07 19:27:03 [WARNING] MENACE : None → Screenshot 2026-04-04 185347.png
2026-08-07 19:27:03 [WARNING] MENACE : None → Screenshot 2026-04-04 220415.png
2026-08-07 19:27:03 [WARNING] MENACE : None → Screenshot 2026-04-04 223240.png
2026-08-07 19:27:03 [WARNING] MENACE : None → Screenshot 2026-04-04 223259.png
2026-08-07 19:27:03 [WARNING] MENACE : None → Screenshot 2026-04-04 223311.png
2026-08-07 19:27:03 [WARNING] MENACE : None → Screenshot 2026-04-05 195751.png
2026-08-07 19:27:03 [WARNING] MENACE : None → Screenshot 2026-04-05 195759.png
2026-08-07 19:27:03 [WARNING] MENACE : None → Screenshot 2026-04-06 182352.png
2026-08-07 19:27:03 [WARNING] MENACE : None → Screenshot 2026-04-06 191157.png
2026-08-07 19:27:03 [WARNING] MENACE : None → Screenshot 2026-04-06 191220.png
2026-08-07 19:27:03 [ERROR]  Erreur scan YARA sur C:\Users\DELL LATITUDE 5420\OneDrive\Images\Pictures\Screenshots\Ronda\Capture d'écran 2024-07-05 192535.png : could not open file "C:\Users\DELL LATITUDE 5420\OneDrive\Images\Pictures\Screenshots\Ronda\Capture d'écran 2024-07-05 192535.png"
2026-08-07 19:27:03 [WARNING] MENACE : None → Capture d'écran 2024-07-05 192535.png
2026-08-07 19:27:04 [ERROR]  Erreur scan YARA sur C:\Users\DELL LATITUDE 5420\OneDrive\Images\Pictures\Screenshots\Ronda\Capture d'écran 2024-07-05 192941.png : could not open file "C:\Users\DELL LATITUDE 5420\OneDrive\Images\Pictures\Screenshots\Ronda\Capture d'écran 2024-07-05 192941.png"
2026-08-07 19:27:04 [WARNING] MENACE : None → Capture d'écran 2024-07-05 192941.png
2026-08-07 19:27:04 [ERROR]  Erreur scan YARA sur C:\Users\DELL LATITUDE 5420\OneDrive\Images\Pictures\Screenshots\Ronda\Capture d'écran 2024-07-05 195603.png : could not open file "C:\Users\DELL LATITUDE 5420\OneDrive\Images\Pictures\Screenshots\Ronda\Capture d'écran 2024-07-05 195603.png"
2026-08-07 19:27:04 [WARNING] MENACE : None → Capture d'écran 2024-07-05 195603.png
2026-08-07 19:27:04 [ERROR]  Erreur scan YARA sur C:\Users\DELL LATITUDE 5420\OneDrive\Images\Pictures\Screenshots\Ronda\Capture d'écran 2024-07-05 195700.png : could not open file "C:\Users\DELL LATITUDE 5420\OneDrive\Images\Pictures\Screenshots\Ronda\Capture d'écran 2024-07-05 195700.png"
2026-08-07 19:27:04 [WARNING] MENACE : None → Capture d'écran 2024-07-05 195700.png
2026-08-07 19:27:04 [ERROR]  Erreur scan YARA sur C:\Users\DELL LATITUDE 5420\OneDrive\Images\Pictures\Screenshots\Ronda\Capture d'écran 2024-07-05 195900.png : could not open file "C:\Users\DELL LATITUDE 5420\OneDrive\Images\Pictures\Screenshots\Ronda\Capture d'écran 2024-07-05 195900.png"
2026-08-07 19:27:04 [WARNING] MENACE : None → Capture d'écran 2024-07-05 195900.png
2026-08-07 19:27:04 [ERROR]  Erreur scan YARA sur C:\Users\DELL LATITUDE 5420\OneDrive\Images\Pictures\Screenshots\Ronda\Capture d'écran 2024-07-05 200212.png : could not open file "C:\Users\DELL LATITUDE 5420\OneDrive\Images\Pictures\Screenshots\Ronda\Capture d'écran 2024-07-05 200212.png"
2026-08-07 19:27:04 [WARNING] MENACE : None → Capture d'écran 2024-07-05 200212.png
2026-08-07 19:27:04 [ERROR]  Erreur scan YARA sur C:\Users\DELL LATITUDE 5420\OneDrive\Images\Pictures\Screenshots\Ronda\Capture d'écran 2024-07-05 201244.png : could not open file "C:\Users\DELL LATITUDE 5420\OneDrive\Images\Pictures\Screenshots\Ronda\Capture d'écran 2024-07-05 201244.png"
2026-08-07 19:27:04 [WARNING] MENACE : None → Capture d'écran 2024-07-05 201244.png
2026-08-07 19:27:04 [ERROR]  Erreur scan YARA sur C:\Users\DELL LATITUDE 5420\OneDrive\Images\Pictures\Screenshots\Ronda\Capture d'écran 2024-07-05 201300.png : could not open file "C:\Users\DELL LATITUDE 5420\OneDrive\Images\Pictures\Screenshots\Ronda\Capture d'écran 2024-07-05 201300.png"
2026-08-07 19:27:04 [WARNING] MENACE : None → Capture d'écran 2024-07-05 201300.png
2026-08-07 19:27:04 [ERROR]  Erreur scan YARA sur C:\Users\DELL LATITUDE 5420\OneDrive\Images\Pictures\Screenshots\Ronda\Capture d'écran 2024-07-05 201351.png : could not open file "C:\Users\DELL LATITUDE 5420\OneDrive\Images\Pictures\Screenshots\Ronda\Capture d'écran 2024-07-05 201351.png"
2026-08-07 19:27:04 [WARNING] MENACE : None → Capture d'écran 2024-07-05 201351.png
2026-08-07 19:27:05 [ERROR]  Erreur scan YARA sur C:\Users\DELL LATITUDE 5420\OneDrive\Images\Pictures\Screenshots\Ronda\Capture d'écran 2024-07-05 201409.png : could not open file "C:\Users\DELL LATITUDE 5420\OneDrive\Images\Pictures\Screenshots\Ronda\Capture d'écran 2024-07-05 201409.png"
2026-08-07 19:27:05 [WARNING] MENACE : None → Capture d'écran 2024-07-05 201409.png
2026-08-07 19:27:05 [ERROR]  Erreur scan YARA sur C:\Users\DELL LATITUDE 5420\OneDrive\Images\Pictures\Screenshots\Ronda\Capture d'écran 2024-07-05 202851.png : could not open file "C:\Users\DELL LATITUDE 5420\OneDrive\Images\Pictures\Screenshots\Ronda\Capture d'écran 2024-07-05 202851.png"
2026-08-07 19:27:05 [WARNING] MENACE : None → Capture d'écran 2024-07-05 202851.png
2026-08-07 19:27:05 [WARNING] MENACE : None → Ronda_fire.png
2026-08-07 19:27:05 [ERROR]  Erreur scan YARA sur C:\Users\DELL LATITUDE 5420\OneDrive\Images\Pictures\Screenshots\Textures\Capture d'écran 2024-09-28 171120.png : could not open file "C:\Users\DELL LATITUDE 5420\OneDrive\Images\Pictures\Screenshots\Textures\Capture d'écran 2024-09-28 171120.png"
2026-08-07 19:27:05 [WARNING] MENACE : None → Capture d'écran 2024-09-28 171120.png
2026-08-07 19:27:05 [ERROR]  Erreur scan YARA sur C:\Users\DELL LATITUDE 5420\OneDrive\Images\Pictures\Screenshots\Textures\Capture d'écran 2024-11-18 022229.png : could not open file "C:\Users\DELL LATITUDE 5420\OneDrive\Images\Pictures\Screenshots\Textures\Capture d'écran 2024-11-18 022229.png"
2026-08-07 19:27:05 [WARNING] MENACE : None → Capture d'écran 2024-11-18 022229.png
2026-08-07 19:27:05 [ERROR]  Erreur scan YARA sur C:\Users\DELL LATITUDE 5420\OneDrive\Images\Pictures\Screenshots\Textures\Capture d'écran 2024-11-18 022257.png : could not open file "C:\Users\DELL LATITUDE 5420\OneDrive\Images\Pictures\Screenshots\Textures\Capture d'écran 2024-11-18 022257.png"
2026-08-07 19:27:05 [WARNING] MENACE : None → Capture d'écran 2024-11-18 022257.png
2026-08-07 19:27:05 [ERROR]  Erreur scan YARA sur C:\Users\DELL LATITUDE 5420\OneDrive\Images\Pictures\Screenshots\Textures\Capture d'écran 2024-11-18 022350.png : could not open file "C:\Users\DELL LATITUDE 5420\OneDrive\Images\Pictures\Screenshots\Textures\Capture d'écran 2024-11-18 022350.png"
2026-08-07 19:27:05 [WARNING] MENACE : None → Capture d'écran 2024-11-18 022350.png
2026-08-07 19:27:05 [ERROR]  Erreur scan YARA sur C:\Users\DELL LATITUDE 5420\OneDrive\Images\Pictures\Screenshots\Textures\Capture d'écran 2024-11-18 022521.png : could not open file "C:\Users\DELL LATITUDE 5420\OneDrive\Images\Pictures\Screenshots\Textures\Capture d'écran 2024-11-18 022521.png"
2026-08-07 19:27:05 [WARNING] MENACE : None → Capture d'écran 2024-11-18 022521.png
2026-08-07 19:27:05 [ERROR]  Erreur scan YARA sur C:\Users\DELL LATITUDE 5420\OneDrive\Images\Pictures\Screenshots\Textures\Capture d'écran 2024-11-18 022606.png : could not open file "C:\Users\DELL LATITUDE 5420\OneDrive\Images\Pictures\Screenshots\Textures\Capture d'écran 2024-11-18 022606.png"
2026-08-07 19:27:05 [WARNING] MENACE : None → Capture d'écran 2024-11-18 022606.png
2026-08-07 19:27:05 [ERROR]  Erreur scan YARA sur C:\Users\DELL LATITUDE 5420\OneDrive\Images\Pictures\Screenshots\Textures\Capture d'écran 2024-11-18 022616.png : could not open file "C:\Users\DELL LATITUDE 5420\OneDrive\Images\Pictures\Screenshots\Textures\Capture d'écran 2024-11-18 022616.png"
2026-08-07 19:27:05 [WARNING] MENACE : None → Capture d'écran 2024-11-18 022616.png
2026-08-07 19:27:05 [ERROR]  Erreur scan YARA sur C:\Users\DELL LATITUDE 5420\OneDrive\Images\Pictures\Screenshots\Textures\Capture d'écran 2024-11-18 022624.png : could not open file "C:\Users\DELL LATITUDE 5420\OneDrive\Images\Pictures\Screenshots\Textures\Capture d'écran 2024-11-18 022624.png"
2026-08-07 19:27:05 [WARNING] MENACE : None → Capture d'écran 2024-11-18 022624.png
2026-08-07 19:27:05 [ERROR]  Erreur scan YARA sur C:\Users\DELL LATITUDE 5420\OneDrive\Images\Pictures\Screenshots\Textures\Capture d'écran 2024-11-18 022826.png : could not open file "C:\Users\DELL LATITUDE 5420\OneDrive\Images\Pictures\Screenshots\Textures\Capture d'écran 2024-11-18 022826.png"
2026-08-07 19:27:05 [WARNING] MENACE : None → Capture d'écran 2024-11-18 022826.png
2026-08-07 19:27:05 [ERROR]  Erreur scan YARA sur C:\Users\DELL LATITUDE 5420\OneDrive\Images\Pictures\Screenshots\Textures\Capture d'écran 2024-11-18 023039.png : could not open file "C:\Users\DELL LATITUDE 5420\OneDrive\Images\Pictures\Screenshots\Textures\Capture d'écran 2024-11-18 023039.png"
2026-08-07 19:27:05 [WARNING] MENACE : None → Capture d'écran 2024-11-18 023039.png
2026-08-07 19:27:06 [ERROR]  Erreur scan YARA sur C:\Users\DELL LATITUDE 5420\OneDrive\Images\Pictures\Screenshots\Textures\Capture d'écran 2024-11-18 023115.png : could not open file "C:\Users\DELL LATITUDE 5420\OneDrive\Images\Pictures\Screenshots\Textures\Capture d'écran 2024-11-18 023115.png"
2026-08-07 19:27:06 [WARNING] MENACE : None → Capture d'écran 2024-11-18 023115.png
2026-08-07 19:27:06 [ERROR]  Erreur scan YARA sur C:\Users\DELL LATITUDE 5420\OneDrive\Images\Pictures\Screenshots\Textures\Capture d'écran 2024-11-18 023222.png : could not open file "C:\Users\DELL LATITUDE 5420\OneDrive\Images\Pictures\Screenshots\Textures\Capture d'écran 2024-11-18 023222.png"
2026-08-07 19:27:06 [WARNING] MENACE : None → Capture d'écran 2024-11-18 023222.png
2026-08-07 19:27:06 [ERROR]  Erreur scan YARA sur C:\Users\DELL LATITUDE 5420\OneDrive\Images\Pictures\Screenshots\Textures\Capture d'écran 2024-11-18 023625.png : could not open file "C:\Users\DELL LATITUDE 5420\OneDrive\Images\Pictures\Screenshots\Textures\Capture d'écran 2024-11-18 023625.png"
2026-08-07 19:27:06 [WARNING] MENACE : None → Capture d'écran 2024-11-18 023625.png
2026-08-07 19:27:06 [ERROR]  Erreur scan YARA sur C:\Users\DELL LATITUDE 5420\OneDrive\Images\Pictures\Screenshots\Textures\Capture d'écran 2024-11-18 023700.png : could not open file "C:\Users\DELL LATITUDE 5420\OneDrive\Images\Pictures\Screenshots\Textures\Capture d'écran 2024-11-18 023700.png"
2026-08-07 19:27:06 [WARNING] MENACE : None → Capture d'écran 2024-11-18 023700.png
2026-08-07 19:27:06 [ERROR]  Erreur scan YARA sur C:\Users\DELL LATITUDE 5420\OneDrive\Images\Pictures\Screenshots\Textures\Capture d'écran 2024-12-27 125021.png : could not open file "C:\Users\DELL LATITUDE 5420\OneDrive\Images\Pictures\Screenshots\Textures\Capture d'écran 2024-12-27 125021.png"
2026-08-07 19:27:06 [WARNING] MENACE : None → Capture d'écran 2024-12-27 125021.png
2026-08-07 19:27:06 [ERROR]  Erreur scan YARA sur C:\Users\DELL LATITUDE 5420\OneDrive\Images\Pictures\Screenshots\Textures\Capture d'écran 2024-12-27 125244.png : could not open file "C:\Users\DELL LATITUDE 5420\OneDrive\Images\Pictures\Screenshots\Textures\Capture d'écran 2024-12-27 125244.png"
2026-08-07 19:27:06 [WARNING] MENACE : None → Capture d'écran 2024-12-27 125244.png
2026-08-07 19:27:06 [ERROR]  Erreur scan YARA sur C:\Users\DELL LATITUDE 5420\OneDrive\Images\Pictures\Screenshots\Textures\Capture d'écran 2025-03-04 165749.png : could not open file "C:\Users\DELL LATITUDE 5420\OneDrive\Images\Pictures\Screenshots\Textures\Capture d'écran 2025-03-04 165749.png"
2026-08-07 19:27:06 [WARNING] MENACE : None → Capture d'écran 2025-03-04 165749.png
2026-08-07 19:27:06 [ERROR]  Erreur scan YARA sur C:\Users\DELL LATITUDE 5420\OneDrive\Images\Pictures\Screenshots\Textures\Capture d'écran 2025-03-04 165801.png : could not open file "C:\Users\DELL LATITUDE 5420\OneDrive\Images\Pictures\Screenshots\Textures\Capture d'écran 2025-03-04 165801.png"
2026-08-07 19:27:06 [WARNING] MENACE : None → Capture d'écran 2025-03-04 165801.png
2026-08-07 19:27:06 [ERROR]  Erreur scan YARA sur C:\Users\DELL LATITUDE 5420\OneDrive\Images\Pictures\Screenshots\Textures\Capture d'écran 2025-03-04 165823.png : could not open file "C:\Users\DELL LATITUDE 5420\OneDrive\Images\Pictures\Screenshots\Textures\Capture d'écran 2025-03-04 165823.png"
2026-08-07 19:27:06 [WARNING] MENACE : None → Capture d'écran 2025-03-04 165823.png
2026-08-07 19:27:06 [ERROR]  Erreur scan YARA sur C:\Users\DELL LATITUDE 5420\OneDrive\Images\Pictures\Screenshots\Textures\Capture d'écran 2025-03-04 165846.png : could not open file "C:\Users\DELL LATITUDE 5420\OneDrive\Images\Pictures\Screenshots\Textures\Capture d'écran 2025-03-04 165846.png"
2026-08-07 19:27:06 [WARNING] MENACE : None → Capture d'écran 2025-03-04 165846.png
2026-08-07 19:27:06 [ERROR]  Erreur scan YARA sur C:\Users\DELL LATITUDE 5420\OneDrive\Images\Pictures\Screenshots\Textures\Capture d'écran 2025-03-04 165905.png : could not open file "C:\Users\DELL LATITUDE 5420\OneDrive\Images\Pictures\Screenshots\Textures\Capture d'écran 2025-03-04 165905.png"
2026-08-07 19:27:06 [WARNING] MENACE : None → Capture d'écran 2025-03-04 165905.png
2026-08-07 19:27:06 [ERROR]  Erreur scan YARA sur C:\Users\DELL LATITUDE 5420\OneDrive\Images\Pictures\Screenshots\Textures\Capture d'écran 2025-03-04 173929.png : could not open file "C:\Users\DELL LATITUDE 5420\OneDrive\Images\Pictures\Screenshots\Textures\Capture d'écran 2025-03-04 173929.png"
2026-08-07 19:27:06 [WARNING] MENACE : None → Capture d'écran 2025-03-04 173929.png
2026-08-07 19:27:06 [ERROR]  Erreur scan YARA sur C:\Users\DELL LATITUDE 5420\OneDrive\Images\Pictures\Screenshots\Textures\Capture d'écran 2025-03-04 174015.png : could not open file "C:\Users\DELL LATITUDE 5420\OneDrive\Images\Pictures\Screenshots\Textures\Capture d'écran 2025-03-04 174015.png"
2026-08-07 19:27:06 [WARNING] MENACE : None → Capture d'écran 2025-03-04 174015.png
2026-08-07 19:27:06 [ERROR]  Erreur scan YARA sur C:\Users\DELL LATITUDE 5420\OneDrive\Images\Pictures\Screenshots\Textures\Capture d'écran 2025-03-04 174156.png : could not open file "C:\Users\DELL LATITUDE 5420\OneDrive\Images\Pictures\Screenshots\Textures\Capture d'écran 2025-03-04 174156.png"
2026-08-07 19:27:06 [WARNING] MENACE : None → Capture d'écran 2025-03-04 174156.png
2026-08-07 19:27:07 [ERROR]  Erreur scan YARA sur C:\Users\DELL LATITUDE 5420\OneDrive\Images\Pictures\Screenshots\Textures\Capture d'écran 2025-03-04 174246.png : could not open file "C:\Users\DELL LATITUDE 5420\OneDrive\Images\Pictures\Screenshots\Textures\Capture d'écran 2025-03-04 174246.png"
2026-08-07 19:27:07 [WARNING] MENACE : None → Capture d'écran 2025-03-04 174246.png
2026-08-07 19:27:07 [ERROR]  Erreur scan YARA sur C:\Users\DELL LATITUDE 5420\OneDrive\Images\Pictures\Screenshots\Textures\Capture d'écran 2025-03-04 174346.png : could not open file "C:\Users\DELL LATITUDE 5420\OneDrive\Images\Pictures\Screenshots\Textures\Capture d'écran 2025-03-04 174346.png"
2026-08-07 19:27:07 [WARNING] MENACE : None → Capture d'écran 2025-03-04 174346.png
2026-08-07 19:27:07 [ERROR]  Erreur scan YARA sur C:\Users\DELL LATITUDE 5420\OneDrive\Images\Pictures\Screenshots\Textures\Capture d'écran 2025-03-04 174446.png : could not open file "C:\Users\DELL LATITUDE 5420\OneDrive\Images\Pictures\Screenshots\Textures\Capture d'écran 2025-03-04 174446.png"
2026-08-07 19:27:07 [WARNING] MENACE : None → Capture d'écran 2025-03-04 174446.png
2026-08-07 19:27:07 [ERROR]  Erreur scan YARA sur C:\Users\DELL LATITUDE 5420\OneDrive\Images\Pictures\Screenshots\Textures\Capture d'écran 2025-03-04 174550.png : could not open file "C:\Users\DELL LATITUDE 5420\OneDrive\Images\Pictures\Screenshots\Textures\Capture d'écran 2025-03-04 174550.png"
2026-08-07 19:27:07 [WARNING] MENACE : None → Capture d'écran 2025-03-04 174550.png
2026-08-07 19:27:07 [ERROR]  Erreur scan YARA sur C:\Users\DELL LATITUDE 5420\OneDrive\Images\Pictures\Screenshots\Textures\Capture d'écran 2025-03-04 174849.png : could not open file "C:\Users\DELL LATITUDE 5420\OneDrive\Images\Pictures\Screenshots\Textures\Capture d'écran 2025-03-04 174849.png"
2026-08-07 19:27:07 [WARNING] MENACE : None → Capture d'écran 2025-03-04 174849.png
2026-08-07 19:27:08 [ERROR]  Erreur scan YARA sur C:\Users\DELL LATITUDE 5420\OneDrive\Images\Pictures\Screenshots\Textures\Capture d'écran 2025-03-04 175204.png : could not open file "C:\Users\DELL LATITUDE 5420\OneDrive\Images\Pictures\Screenshots\Textures\Capture d'écran 2025-03-04 175204.png"
2026-08-07 19:27:08 [WARNING] MENACE : None → Capture d'écran 2025-03-04 175204.png
2026-08-07 19:27:08 [ERROR]  Erreur scan YARA sur C:\Users\DELL LATITUDE 5420\OneDrive\Images\Pictures\Screenshots\Textures\Capture d'écran 2025-03-04 180223.png : could not open file "C:\Users\DELL LATITUDE 5420\OneDrive\Images\Pictures\Screenshots\Textures\Capture d'écran 2025-03-04 180223.png"
2026-08-07 19:27:08 [WARNING] MENACE : None → Capture d'écran 2025-03-04 180223.png
2026-08-07 19:27:08 [ERROR]  Erreur scan YARA sur C:\Users\DELL LATITUDE 5420\OneDrive\Images\Pictures\Screenshots\Textures\Capture d'écran 2025-03-04 180400.png : could not open file "C:\Users\DELL LATITUDE 5420\OneDrive\Images\Pictures\Screenshots\Textures\Capture d'écran 2025-03-04 180400.png"
2026-08-07 19:27:08 [WARNING] MENACE : None → Capture d'écran 2025-03-04 180400.png
2026-08-07 19:27:08 [ERROR]  Erreur scan YARA sur C:\Users\DELL LATITUDE 5420\OneDrive\Images\Pictures\Screenshots\Textures\Capture d'écran 2025-03-04 192535.png : could not open file "C:\Users\DELL LATITUDE 5420\OneDrive\Images\Pictures\Screenshots\Textures\Capture d'écran 2025-03-04 192535.png"
2026-08-07 19:27:08 [WARNING] MENACE : None → Capture d'écran 2025-03-04 192535.png
2026-08-07 19:27:08 [ERROR]  Erreur scan YARA sur C:\Users\DELL LATITUDE 5420\OneDrive\Images\Pictures\Screenshots\Textures\Capture d'écran 2025-03-04 192817.png : could not open file "C:\Users\DELL LATITUDE 5420\OneDrive\Images\Pictures\Screenshots\Textures\Capture d'écran 2025-03-04 192817.png"
2026-08-07 19:27:08 [WARNING] MENACE : None → Capture d'écran 2025-03-04 192817.png
2026-08-07 19:27:08 [ERROR]  Erreur scan YARA sur C:\Users\DELL LATITUDE 5420\OneDrive\Images\Pictures\Screenshots\Textures\Capture d'écran 2025-03-04 192836.png : could not open file "C:\Users\DELL LATITUDE 5420\OneDrive\Images\Pictures\Screenshots\Textures\Capture d'écran 2025-03-04 192836.png"
2026-08-07 19:27:08 [WARNING] MENACE : None → Capture d'écran 2025-03-04 192836.png
2026-08-07 19:27:08 [ERROR]  Erreur scan YARA sur C:\Users\DELL LATITUDE 5420\OneDrive\Images\Pictures\Screenshots\Textures\Capture d'écran 2025-03-04 193548.png : could not open file "C:\Users\DELL LATITUDE 5420\OneDrive\Images\Pictures\Screenshots\Textures\Capture d'écran 2025-03-04 193548.png"
2026-08-07 19:27:08 [WARNING] MENACE : None → Capture d'écran 2025-03-04 193548.png
2026-08-07 19:27:08 [ERROR]  Erreur scan YARA sur C:\Users\DELL LATITUDE 5420\OneDrive\Images\Pictures\Screenshots\Textures\Capture d'écran 2025-03-22 160219.png : could not open file "C:\Users\DELL LATITUDE 5420\OneDrive\Images\Pictures\Screenshots\Textures\Capture d'écran 2025-03-22 160219.png"
2026-08-07 19:27:08 [WARNING] MENACE : None → Capture d'écran 2025-03-22 160219.png
2026-08-07 19:27:08 [ERROR]  Erreur scan YARA sur C:\Users\DELL LATITUDE 5420\OneDrive\Images\Pictures\Screenshots\Textures\Capture d'écran 2025-03-22 161044.png : could not open file "C:\Users\DELL LATITUDE 5420\OneDrive\Images\Pictures\Screenshots\Textures\Capture d'écran 2025-03-22 161044.png"
2026-08-07 19:27:08 [WARNING] MENACE : None → Capture d'écran 2025-03-22 161044.png
2026-08-07 19:27:08 [ERROR]  Erreur scan YARA sur C:\Users\DELL LATITUDE 5420\OneDrive\Images\Pictures\Screenshots\Textures\Capture d'écran 2025-03-25 222824.png : could not open file "C:\Users\DELL LATITUDE 5420\OneDrive\Images\Pictures\Screenshots\Textures\Capture d'écran 2025-03-25 222824.png"
2026-08-07 19:27:08 [WARNING] MENACE : None → Capture d'écran 2025-03-25 222824.png
2026-08-07 19:27:09 [ERROR]  Erreur scan YARA sur C:\Users\DELL LATITUDE 5420\OneDrive\Images\Pictures\Screenshots\Textures\Capture d'écran 2025-05-09 132136.png : could not open file "C:\Users\DELL LATITUDE 5420\OneDrive\Images\Pictures\Screenshots\Textures\Capture d'écran 2025-05-09 132136.png"
2026-08-07 19:27:09 [WARNING] MENACE : None → Capture d'écran 2025-05-09 132136.png
2026-08-07 19:27:09 [ERROR]  Erreur scan YARA sur C:\Users\DELL LATITUDE 5420\OneDrive\Images\Pictures\Screenshots\Textures\Capture d'écran 2025-05-09 132554.png : could not open file "C:\Users\DELL LATITUDE 5420\OneDrive\Images\Pictures\Screenshots\Textures\Capture d'écran 2025-05-09 132554.png"
2026-08-07 19:27:09 [WARNING] MENACE : None → Capture d'écran 2025-05-09 132554.png
2026-08-07 19:27:09 [ERROR]  Erreur scan YARA sur C:\Users\DELL LATITUDE 5420\OneDrive\Images\Pictures\Screenshots\Textures\Capture d'écran 2025-05-09 132848.png : could not open file "C:\Users\DELL LATITUDE 5420\OneDrive\Images\Pictures\Screenshots\Textures\Capture d'écran 2025-05-09 132848.png"
2026-08-07 19:27:09 [WARNING] MENACE : None → Capture d'écran 2025-05-09 132848.png
2026-08-07 19:27:09 [ERROR]  Erreur scan YARA sur C:\Users\DELL LATITUDE 5420\OneDrive\Images\Pictures\Screenshots\Textures\Capture d'écran 2025-05-09 134436.png : could not open file "C:\Users\DELL LATITUDE 5420\OneDrive\Images\Pictures\Screenshots\Textures\Capture d'écran 2025-05-09 134436.png"
2026-08-07 19:27:09 [WARNING] MENACE : None → Capture d'écran 2025-05-09 134436.png
2026-08-07 19:27:09 [ERROR]  Erreur scan YARA sur C:\Users\DELL LATITUDE 5420\OneDrive\Images\Pictures\Screenshots\Textures\Capture d'écran 2025-05-09 134714.png : could not open file "C:\Users\DELL LATITUDE 5420\OneDrive\Images\Pictures\Screenshots\Textures\Capture d'écran 2025-05-09 134714.png"
2026-08-07 19:27:09 [WARNING] MENACE : None → Capture d'écran 2025-05-09 134714.png
2026-08-07 19:27:09 [ERROR]  Erreur scan YARA sur C:\Users\DELL LATITUDE 5420\OneDrive\Images\Pictures\Screenshots\Textures\Capture d'écran 2025-05-09 135159.png : could not open file "C:\Users\DELL LATITUDE 5420\OneDrive\Images\Pictures\Screenshots\Textures\Capture d'écran 2025-05-09 135159.png"
2026-08-07 19:27:09 [WARNING] MENACE : None → Capture d'écran 2025-05-09 135159.png
2026-08-07 19:27:10 [ERROR]  Erreur scan YARA sur C:\Users\DELL LATITUDE 5420\OneDrive\Images\Pictures\Screenshots\Textures\Capture d'écran 2025-05-09 135322.png : could not open file "C:\Users\DELL LATITUDE 5420\OneDrive\Images\Pictures\Screenshots\Textures\Capture d'écran 2025-05-09 135322.png"
2026-08-07 19:27:10 [WARNING] MENACE : None → Capture d'écran 2025-05-09 135322.png
2026-08-07 19:27:10 [ERROR]  Erreur scan YARA sur C:\Users\DELL LATITUDE 5420\OneDrive\Images\Pictures\Screenshots\Textures\Capture d'écran 2025-05-09 135547.png : could not open file "C:\Users\DELL LATITUDE 5420\OneDrive\Images\Pictures\Screenshots\Textures\Capture d'écran 2025-05-09 135547.png"
2026-08-07 19:27:10 [WARNING] MENACE : None → Capture d'écran 2025-05-09 135547.png
2026-08-07 19:27:10 [ERROR]  Erreur scan YARA sur C:\Users\DELL LATITUDE 5420\OneDrive\Images\Pictures\Screenshots\Textures\Capture d'écran 2025-05-29 035115.png : could not open file "C:\Users\DELL LATITUDE 5420\OneDrive\Images\Pictures\Screenshots\Textures\Capture d'écran 2025-05-29 035115.png"
2026-08-07 19:27:10 [WARNING] MENACE : None → Capture d'écran 2025-05-29 035115.png
2026-08-07 19:27:10 [ERROR]  Erreur scan YARA sur C:\Users\DELL LATITUDE 5420\OneDrive\Images\Pictures\Screenshots\Textures\Capture d'écran 2025-06-02 095913.png : could not open file "C:\Users\DELL LATITUDE 5420\OneDrive\Images\Pictures\Screenshots\Textures\Capture d'écran 2025-06-02 095913.png"
2026-08-07 19:27:10 [WARNING] MENACE : None → Capture d'écran 2025-06-02 095913.png
2026-08-07 19:27:10 [ERROR]  Erreur scan YARA sur C:\Users\DELL LATITUDE 5420\OneDrive\Images\Pictures\Screenshots\Textures\Capture d'écran 2025-06-02 100113.png : could not open file "C:\Users\DELL LATITUDE 5420\OneDrive\Images\Pictures\Screenshots\Textures\Capture d'écran 2025-06-02 100113.png"
2026-08-07 19:27:10 [WARNING] MENACE : None → Capture d'écran 2025-06-02 100113.png
2026-08-07 19:27:10 [ERROR]  Erreur scan YARA sur C:\Users\DELL LATITUDE 5420\OneDrive\Images\Pictures\Screenshots\Textures\Capture d'écran 2025-09-07 130652.png : could not open file "C:\Users\DELL LATITUDE 5420\OneDrive\Images\Pictures\Screenshots\Textures\Capture d'écran 2025-09-07 130652.png"
2026-08-07 19:27:10 [WARNING] MENACE : None → Capture d'écran 2025-09-07 130652.png
2026-08-07 19:27:10 [ERROR]  Erreur scan YARA sur C:\Users\DELL LATITUDE 5420\OneDrive\Images\Pictures\Screenshots\Textures\Capture d'écran 2025-09-07 131157.png : could not open file "C:\Users\DELL LATITUDE 5420\OneDrive\Images\Pictures\Screenshots\Textures\Capture d'écran 2025-09-07 131157.png"
2026-08-07 19:27:10 [WARNING] MENACE : None → Capture d'écran 2025-09-07 131157.png
2026-08-07 19:27:10 [ERROR]  Erreur scan YARA sur C:\Users\DELL LATITUDE 5420\OneDrive\Images\Pictures\Screenshots\Textures\Capture d'écran 2025-09-07 132945.png : could not open file "C:\Users\DELL LATITUDE 5420\OneDrive\Images\Pictures\Screenshots\Textures\Capture d'écran 2025-09-07 132945.png"
2026-08-07 19:27:10 [WARNING] MENACE : None → Capture d'écran 2025-09-07 132945.png
2026-08-07 19:27:10 [ERROR]  Erreur scan YARA sur C:\Users\DELL LATITUDE 5420\OneDrive\Images\Pictures\Screenshots\Textures\Capture d'écran 2025-09-07 132958.png : could not open file "C:\Users\DELL LATITUDE 5420\OneDrive\Images\Pictures\Screenshots\Textures\Capture d'écran 2025-09-07 132958.png"
2026-08-07 19:27:10 [WARNING] MENACE : None → Capture d'écran 2025-09-07 132958.png
2026-08-07 19:27:11 [ERROR]  Erreur scan YARA sur C:\Users\DELL LATITUDE 5420\OneDrive\Images\Pictures\Screenshots\Textures\Capture d'écran 2025-09-07 145353.png : could not open file "C:\Users\DELL LATITUDE 5420\OneDrive\Images\Pictures\Screenshots\Textures\Capture d'écran 2025-09-07 145353.png"
2026-08-07 19:27:11 [WARNING] MENACE : None → Capture d'écran 2025-09-07 145353.png
2026-08-07 19:27:11 [ERROR]  Erreur scan YARA sur C:\Users\DELL LATITUDE 5420\OneDrive\Images\Pictures\Screenshots\Textures\Capture d'écran 2025-09-07 145418.png : could not open file "C:\Users\DELL LATITUDE 5420\OneDrive\Images\Pictures\Screenshots\Textures\Capture d'écran 2025-09-07 145418.png"
2026-08-07 19:27:11 [WARNING] MENACE : None → Capture d'écran 2025-09-07 145418.png
2026-08-07 19:27:11 [ERROR]  Erreur scan YARA sur C:\Users\DELL LATITUDE 5420\OneDrive\Images\Pictures\Screenshots\Textures\Capture d'écran 2025-09-07 145431.png : could not open file "C:\Users\DELL LATITUDE 5420\OneDrive\Images\Pictures\Screenshots\Textures\Capture d'écran 2025-09-07 145431.png"
2026-08-07 19:27:11 [WARNING] MENACE : None → Capture d'écran 2025-09-07 145431.png
2026-08-07 19:27:11 [ERROR]  Erreur scan YARA sur C:\Users\DELL LATITUDE 5420\OneDrive\Images\Pictures\Screenshots\Textures\Capture d'écran 2025-09-07 151246.png : could not open file "C:\Users\DELL LATITUDE 5420\OneDrive\Images\Pictures\Screenshots\Textures\Capture d'écran 2025-09-07 151246.png"
2026-08-07 19:27:11 [WARNING] MENACE : None → Capture d'écran 2025-09-07 151246.png
2026-08-07 19:27:11 [ERROR]  Erreur scan YARA sur C:\Users\DELL LATITUDE 5420\OneDrive\Images\Pictures\Screenshots\Textures\Capture d'écran 2025-09-07 151303.png : could not open file "C:\Users\DELL LATITUDE 5420\OneDrive\Images\Pictures\Screenshots\Textures\Capture d'écran 2025-09-07 151303.png"
2026-08-07 19:27:11 [WARNING] MENACE : None → Capture d'écran 2025-09-07 151303.png
2026-08-07 19:27:11 [ERROR]  Erreur scan YARA sur C:\Users\DELL LATITUDE 5420\OneDrive\Images\Pictures\Screenshots\Textures\Capture d'écran 2025-09-07 151412.png : could not open file "C:\Users\DELL LATITUDE 5420\OneDrive\Images\Pictures\Screenshots\Textures\Capture d'écran 2025-09-07 151412.png"
2026-08-07 19:27:11 [WARNING] MENACE : None → Capture d'écran 2025-09-07 151412.png
2026-08-07 19:27:11 [ERROR]  Erreur scan YARA sur C:\Users\DELL LATITUDE 5420\OneDrive\Images\Pictures\Screenshots\Textures\Capture d'écran 2025-09-07 151437.png : could not open file "C:\Users\DELL LATITUDE 5420\OneDrive\Images\Pictures\Screenshots\Textures\Capture d'écran 2025-09-07 151437.png"
2026-08-07 19:27:11 [WARNING] MENACE : None → Capture d'écran 2025-09-07 151437.png
2026-08-07 19:27:11 [ERROR]  Erreur scan YARA sur C:\Users\DELL LATITUDE 5420\OneDrive\Images\Pictures\Screenshots\Textures\Capture d'écran 2025-09-08 144832.png : could not open file "C:\Users\DELL LATITUDE 5420\OneDrive\Images\Pictures\Screenshots\Textures\Capture d'écran 2025-09-08 144832.png"
2026-08-07 19:27:11 [WARNING] MENACE : None → Capture d'écran 2025-09-08 144832.png
2026-08-07 19:27:11 [ERROR]  Erreur scan YARA sur C:\Users\DELL LATITUDE 5420\OneDrive\Images\Pictures\Screenshots\Textures\Capture d'écran 2025-09-08 150703.png : could not open file "C:\Users\DELL LATITUDE 5420\OneDrive\Images\Pictures\Screenshots\Textures\Capture d'écran 2025-09-08 150703.png"
2026-08-07 19:27:11 [WARNING] MENACE : None → Capture d'écran 2025-09-08 150703.png
2026-08-07 19:27:11 [ERROR]  Erreur scan YARA sur C:\Users\DELL LATITUDE 5420\OneDrive\Images\Pictures\Screenshots\Textures\Capture d'écran 2025-09-08 150753.png : could not open file "C:\Users\DELL LATITUDE 5420\OneDrive\Images\Pictures\Screenshots\Textures\Capture d'écran 2025-09-08 150753.png"
2026-08-07 19:27:11 [WARNING] MENACE : None → Capture d'écran 2025-09-08 150753.png
2026-08-07 19:27:12 [ERROR]  Erreur scan YARA sur C:\Users\DELL LATITUDE 5420\OneDrive\Images\Pictures\Screenshots\Textures\Capture d'écran 2025-09-08 150815.png : could not open file "C:\Users\DELL LATITUDE 5420\OneDrive\Images\Pictures\Screenshots\Textures\Capture d'écran 2025-09-08 150815.png"
2026-08-07 19:27:12 [WARNING] MENACE : None → Capture d'écran 2025-09-08 150815.png
2026-08-07 19:27:12 [ERROR]  Erreur scan YARA sur C:\Users\DELL LATITUDE 5420\OneDrive\Images\Pictures\Screenshots\Textures\Capture d'écran 2025-09-08 150857.png : could not open file "C:\Users\DELL LATITUDE 5420\OneDrive\Images\Pictures\Screenshots\Textures\Capture d'écran 2025-09-08 150857.png"
2026-08-07 19:27:12 [WARNING] MENACE : None → Capture d'écran 2025-09-08 150857.png
2026-08-07 19:27:12 [ERROR]  Erreur scan YARA sur C:\Users\DELL LATITUDE 5420\OneDrive\Images\Pictures\Screenshots\Textures\Capture d'écran 2025-09-08 151155.png : could not open file "C:\Users\DELL LATITUDE 5420\OneDrive\Images\Pictures\Screenshots\Textures\Capture d'écran 2025-09-08 151155.png"
2026-08-07 19:27:12 [WARNING] MENACE : None → Capture d'écran 2025-09-08 151155.png
2026-08-07 19:27:12 [ERROR]  Erreur scan YARA sur C:\Users\DELL LATITUDE 5420\OneDrive\Images\Pictures\Screenshots\Textures\Capture d'écran 2025-09-08 151849.png : could not open file "C:\Users\DELL LATITUDE 5420\OneDrive\Images\Pictures\Screenshots\Textures\Capture d'écran 2025-09-08 151849.png"
2026-08-07 19:27:12 [WARNING] MENACE : None → Capture d'écran 2025-09-08 151849.png
2026-08-07 19:27:12 [ERROR]  Erreur scan YARA sur C:\Users\DELL LATITUDE 5420\OneDrive\Images\Pictures\Screenshots\Textures\Capture d'écran 2025-09-08 152358.png : could not open file "C:\Users\DELL LATITUDE 5420\OneDrive\Images\Pictures\Screenshots\Textures\Capture d'écran 2025-09-08 152358.png"
2026-08-07 19:27:12 [WARNING] MENACE : None → Capture d'écran 2025-09-08 152358.png
2026-08-07 19:27:12 [ERROR]  Erreur scan YARA sur C:\Users\DELL LATITUDE 5420\OneDrive\Images\Pictures\Screenshots\Textures\Capture d'écran 2025-09-08 152541.png : could not open file "C:\Users\DELL LATITUDE 5420\OneDrive\Images\Pictures\Screenshots\Textures\Capture d'écran 2025-09-08 152541.png"
2026-08-07 19:27:12 [WARNING] MENACE : None → Capture d'écran 2025-09-08 152541.png
2026-08-07 19:27:12 [ERROR]  Erreur scan YARA sur C:\Users\DELL LATITUDE 5420\OneDrive\Images\Pictures\Screenshots\Textures\Capture d'écran 2025-09-08 152846.png : could not open file "C:\Users\DELL LATITUDE 5420\OneDrive\Images\Pictures\Screenshots\Textures\Capture d'écran 2025-09-08 152846.png"
2026-08-07 19:27:12 [WARNING] MENACE : None → Capture d'écran 2025-09-08 152846.png
2026-08-07 19:27:12 [ERROR]  Erreur scan YARA sur C:\Users\DELL LATITUDE 5420\OneDrive\Images\Pictures\Screenshots\Textures\Capture d'écran 2025-09-08 152921.png : could not open file "C:\Users\DELL LATITUDE 5420\OneDrive\Images\Pictures\Screenshots\Textures\Capture d'écran 2025-09-08 152921.png"
2026-08-07 19:27:12 [WARNING] MENACE : None → Capture d'écran 2025-09-08 152921.png
2026-08-07 19:27:13 [ERROR]  Erreur scan YARA sur C:\Users\DELL LATITUDE 5420\OneDrive\Images\Pictures\Screenshots\Textures\Capture d'écran 2025-09-08 153047.png : could not open file "C:\Users\DELL LATITUDE 5420\OneDrive\Images\Pictures\Screenshots\Textures\Capture d'écran 2025-09-08 153047.png"
2026-08-07 19:27:13 [WARNING] MENACE : None → Capture d'écran 2025-09-08 153047.png
2026-08-07 19:27:13 [ERROR]  Erreur scan YARA sur C:\Users\DELL LATITUDE 5420\OneDrive\Images\Pictures\Screenshots\Textures\Capture d'écran 2025-09-13 134740.png : could not open file "C:\Users\DELL LATITUDE 5420\OneDrive\Images\Pictures\Screenshots\Textures\Capture d'écran 2025-09-13 134740.png"
2026-08-07 19:27:13 [WARNING] MENACE : None → Capture d'écran 2025-09-13 134740.png
2026-08-07 19:27:13 [ERROR]  Erreur scan YARA sur C:\Users\DELL LATITUDE 5420\OneDrive\Images\Pictures\Screenshots\Textures\Capture d'écran 2025-09-13 134751.png : could not open file "C:\Users\DELL LATITUDE 5420\OneDrive\Images\Pictures\Screenshots\Textures\Capture d'écran 2025-09-13 134751.png"
2026-08-07 19:27:13 [WARNING] MENACE : None → Capture d'écran 2025-09-13 134751.png
2026-08-07 19:27:13 [ERROR]  Erreur scan YARA sur C:\Users\DELL LATITUDE 5420\OneDrive\Images\Pictures\Screenshots\Textures\Capture d'écran 2025-09-13 134756.png : could not open file "C:\Users\DELL LATITUDE 5420\OneDrive\Images\Pictures\Screenshots\Textures\Capture d'écran 2025-09-13 134756.png"
2026-08-07 19:27:13 [WARNING] MENACE : None → Capture d'écran 2025-09-13 134756.png
2026-08-07 19:27:13 [ERROR]  Erreur scan YARA sur C:\Users\DELL LATITUDE 5420\OneDrive\Images\Pictures\Screenshots\Textures\Capture d'écran 2025-09-13 135016.png : could not open file "C:\Users\DELL LATITUDE 5420\OneDrive\Images\Pictures\Screenshots\Textures\Capture d'écran 2025-09-13 135016.png"
2026-08-07 19:27:13 [WARNING] MENACE : None → Capture d'écran 2025-09-13 135016.png
2026-08-07 19:27:13 [ERROR]  Erreur scan YARA sur C:\Users\DELL LATITUDE 5420\OneDrive\Images\Pictures\Screenshots\Textures\Capture d'écran 2025-10-22 210540.png : could not open file "C:\Users\DELL LATITUDE 5420\OneDrive\Images\Pictures\Screenshots\Textures\Capture d'écran 2025-10-22 210540.png"
2026-08-07 19:27:13 [WARNING] MENACE : None → Capture d'écran 2025-10-22 210540.png
2026-08-07 19:27:13 [ERROR]  Erreur scan YARA sur C:\Users\DELL LATITUDE 5420\OneDrive\Images\Pictures\Screenshots\Textures\Capture d'écran 2025-10-22 210550.png : could not open file "C:\Users\DELL LATITUDE 5420\OneDrive\Images\Pictures\Screenshots\Textures\Capture d'écran 2025-10-22 210550.png"
2026-08-07 19:27:13 [WARNING] MENACE : None → Capture d'écran 2025-10-22 210550.png
2026-08-07 19:27:13 [ERROR]  Erreur scan YARA sur C:\Users\DELL LATITUDE 5420\OneDrive\Images\Pictures\Screenshots\Textures\Capture d'écran 2025-10-22 210658.png : could not open file "C:\Users\DELL LATITUDE 5420\OneDrive\Images\Pictures\Screenshots\Textures\Capture d'écran 2025-10-22 210658.png"
2026-08-07 19:27:13 [WARNING] MENACE : None → Capture d'écran 2025-10-22 210658.png
2026-08-07 19:27:13 [ERROR]  Erreur scan YARA sur C:\Users\DELL LATITUDE 5420\OneDrive\Images\Pictures\Screenshots\Textures\Capture d'écran 2025-10-22 210846.png : could not open file "C:\Users\DELL LATITUDE 5420\OneDrive\Images\Pictures\Screenshots\Textures\Capture d'écran 2025-10-22 210846.png"
2026-08-07 19:27:13 [WARNING] MENACE : None → Capture d'écran 2025-10-22 210846.png
2026-08-07 19:27:13 [ERROR]  Erreur scan YARA sur C:\Users\DELL LATITUDE 5420\OneDrive\Images\Pictures\Screenshots\Textures\Capture d'écran 2025-10-22 210930.png : could not open file "C:\Users\DELL LATITUDE 5420\OneDrive\Images\Pictures\Screenshots\Textures\Capture d'écran 2025-10-22 210930.png"
2026-08-07 19:27:13 [WARNING] MENACE : None → Capture d'écran 2025-10-22 210930.png
2026-08-07 19:27:13 [ERROR]  Erreur scan YARA sur C:\Users\DELL LATITUDE 5420\OneDrive\Images\Pictures\Screenshots\Textures\Capture d'écran 2025-10-22 211103.png : could not open file "C:\Users\DELL LATITUDE 5420\OneDrive\Images\Pictures\Screenshots\Textures\Capture d'écran 2025-10-22 211103.png"
2026-08-07 19:27:13 [WARNING] MENACE : None → Capture d'écran 2025-10-22 211103.png
2026-08-07 19:27:13 [ERROR]  Erreur scan YARA sur C:\Users\DELL LATITUDE 5420\OneDrive\Images\Pictures\Screenshots\Textures\Capture d'écran 2025-10-22 211223.png : could not open file "C:\Users\DELL LATITUDE 5420\OneDrive\Images\Pictures\Screenshots\Textures\Capture d'écran 2025-10-22 211223.png"
2026-08-07 19:27:13 [WARNING] MENACE : None → Capture d'écran 2025-10-22 211223.png
2026-08-07 19:27:13 [ERROR]  Erreur scan YARA sur C:\Users\DELL LATITUDE 5420\OneDrive\Images\Pictures\Screenshots\Textures\Capture d'écran 2026-01-04 203410.png : could not open file "C:\Users\DELL LATITUDE 5420\OneDrive\Images\Pictures\Screenshots\Textures\Capture d'écran 2026-01-04 203410.png"
2026-08-07 19:27:13 [WARNING] MENACE : None → Capture d'écran 2026-01-04 203410.png
2026-08-07 19:27:14 [ERROR]  Erreur scan YARA sur C:\Users\DELL LATITUDE 5420\OneDrive\Images\Pictures\Screenshots\Textures\Capture d'écran 2026-01-04 203436.png : could not open file "C:\Users\DELL LATITUDE 5420\OneDrive\Images\Pictures\Screenshots\Textures\Capture d'écran 2026-01-04 203436.png"
2026-08-07 19:27:14 [WARNING] MENACE : None → Capture d'écran 2026-01-04 203436.png
2026-08-07 19:27:14 [ERROR]  Erreur scan YARA sur C:\Users\DELL LATITUDE 5420\OneDrive\Images\Pictures\Screenshots\Textures\Capture d'écran 2026-01-04 203530.png : could not open file "C:\Users\DELL LATITUDE 5420\OneDrive\Images\Pictures\Screenshots\Textures\Capture d'écran 2026-01-04 203530.png"
2026-08-07 19:27:14 [WARNING] MENACE : None → Capture d'écran 2026-01-04 203530.png
2026-08-07 19:27:14 [ERROR]  Erreur scan YARA sur C:\Users\DELL LATITUDE 5420\OneDrive\Images\Pictures\Screenshots\Visa application\Capture d'écran 2025-09-23 070850.png : could not open file "C:\Users\DELL LATITUDE 5420\OneDrive\Images\Pictures\Screenshots\Visa application\Capture d'écran 2025-09-23 070850.png"
2026-08-07 19:27:14 [WARNING] MENACE : None → Capture d'écran 2025-09-23 070850.png
2026-08-07 19:27:14 [ERROR]  Erreur scan YARA sur C:\Users\DELL LATITUDE 5420\OneDrive\Images\Pictures\Screenshots\Visa application\Capture d'écran 2025-09-23 071005.png : could not open file "C:\Users\DELL LATITUDE 5420\OneDrive\Images\Pictures\Screenshots\Visa application\Capture d'écran 2025-09-23 071005.png"
2026-08-07 19:27:14 [WARNING] MENACE : None → Capture d'écran 2025-09-23 071005.png
2026-08-07 19:27:14 [ERROR]  Erreur scan YARA sur C:\Users\DELL LATITUDE 5420\OneDrive\Images\Pictures\Screenshots\Visa application\Capture d'écran 2025-09-23 071341.png : could not open file "C:\Users\DELL LATITUDE 5420\OneDrive\Images\Pictures\Screenshots\Visa application\Capture d'écran 2025-09-23 071341.png"
2026-08-07 19:27:14 [WARNING] MENACE : None → Capture d'écran 2025-09-23 071341.png
2026-08-07 19:27:14 [ERROR]  Erreur scan YARA sur C:\Users\DELL LATITUDE 5420\OneDrive\Images\Pictures\Screenshots\Visa application\Capture d'écran 2025-09-23 073655.png : could not open file "C:\Users\DELL LATITUDE 5420\OneDrive\Images\Pictures\Screenshots\Visa application\Capture d'écran 2025-09-23 073655.png"
2026-08-07 19:27:14 [WARNING] MENACE : None → Capture d'écran 2025-09-23 073655.png
2026-08-07 19:27:14 [ERROR]  Erreur scan YARA sur C:\Users\DELL LATITUDE 5420\OneDrive\Images\Pictures\Screenshots\Visa application\Capture d'écran 2025-09-28 001051.png : could not open file "C:\Users\DELL LATITUDE 5420\OneDrive\Images\Pictures\Screenshots\Visa application\Capture d'écran 2025-09-28 001051.png"
2026-08-07 19:27:14 [WARNING] MENACE : None → Capture d'écran 2025-09-28 001051.png
2026-08-07 19:27:14 [ERROR]  Erreur scan YARA sur C:\Users\DELL LATITUDE 5420\OneDrive\Images\Pictures\Screenshots\Visa application\Capture d'écran 2025-09-28 004026.png : could not open file "C:\Users\DELL LATITUDE 5420\OneDrive\Images\Pictures\Screenshots\Visa application\Capture d'écran 2025-09-28 004026.png"
2026-08-07 19:27:14 [WARNING] MENACE : None → Capture d'écran 2025-09-28 004026.png
2026-08-07 19:27:14 [ERROR]  Erreur scan YARA sur C:\Users\DELL LATITUDE 5420\OneDrive\Images\Pictures\Screenshots\Visa application\Capture d'écran 2025-09-28 005815.png : could not open file "C:\Users\DELL LATITUDE 5420\OneDrive\Images\Pictures\Screenshots\Visa application\Capture d'écran 2025-09-28 005815.png"
2026-08-07 19:27:14 [WARNING] MENACE : None → Capture d'écran 2025-09-28 005815.png
2026-08-07 19:27:14 [ERROR]  Erreur scan YARA sur C:\Users\DELL LATITUDE 5420\OneDrive\Images\Pictures\Screenshots\Visa application\Capture d'écran 2025-09-28 132838.png : could not open file "C:\Users\DELL LATITUDE 5420\OneDrive\Images\Pictures\Screenshots\Visa application\Capture d'écran 2025-09-28 132838.png"
2026-08-07 19:27:14 [WARNING] MENACE : None → Capture d'écran 2025-09-28 132838.png
2026-08-07 19:27:14 [ERROR]  Erreur scan YARA sur C:\Users\DELL LATITUDE 5420\OneDrive\Images\Pictures\Screenshots\Visa application\Capture d'écran 2025-09-28 133518.png : could not open file "C:\Users\DELL LATITUDE 5420\OneDrive\Images\Pictures\Screenshots\Visa application\Capture d'écran 2025-09-28 133518.png"
2026-08-07 19:27:14 [WARNING] MENACE : None → Capture d'écran 2025-09-28 133518.png
2026-08-07 19:27:14 [ERROR]  Erreur scan YARA sur C:\Users\DELL LATITUDE 5420\OneDrive\Images\Pictures\Screenshots\Visa application\Capture d'écran 2025-09-28 133529.png : could not open file "C:\Users\DELL LATITUDE 5420\OneDrive\Images\Pictures\Screenshots\Visa application\Capture d'écran 2025-09-28 133529.png"
2026-08-07 19:27:14 [WARNING] MENACE : None → Capture d'écran 2025-09-28 133529.png
2026-08-07 19:27:14 [ERROR]  Erreur scan YARA sur C:\Users\DELL LATITUDE 5420\OneDrive\Images\Pictures\Screenshots\Visa application\Capture d'écran 2025-09-28 133543.png : could not open file "C:\Users\DELL LATITUDE 5420\OneDrive\Images\Pictures\Screenshots\Visa application\Capture d'écran 2025-09-28 133543.png"
2026-08-07 19:27:14 [WARNING] MENACE : None → Capture d'écran 2025-09-28 133543.png
2026-08-07 19:27:14 [ERROR]  Erreur scan YARA sur C:\Users\DELL LATITUDE 5420\OneDrive\Images\Pictures\Screenshots\Visa application\Capture d'écran 2025-09-28 144109.png : could not open file "C:\Users\DELL LATITUDE 5420\OneDrive\Images\Pictures\Screenshots\Visa application\Capture d'écran 2025-09-28 144109.png"
2026-08-07 19:27:14 [WARNING] MENACE : None → Capture d'écran 2025-09-28 144109.png
2026-08-07 19:27:14 [ERROR]  Erreur scan YARA sur C:\Users\DELL LATITUDE 5420\OneDrive\Images\Pictures\Screenshots\Visa application\Capture d'écran 2025-09-28 145716.png : could not open file "C:\Users\DELL LATITUDE 5420\OneDrive\Images\Pictures\Screenshots\Visa application\Capture d'écran 2025-09-28 145716.png"
2026-08-07 19:27:14 [WARNING] MENACE : None → Capture d'écran 2025-09-28 145716.png
2026-08-07 19:27:14 [ERROR]  Erreur scan YARA sur C:\Users\DELL LATITUDE 5420\OneDrive\Images\Pictures\Screenshots\Visa application\Capture d'écran 2025-09-28 145727.png : could not open file "C:\Users\DELL LATITUDE 5420\OneDrive\Images\Pictures\Screenshots\Visa application\Capture d'écran 2025-09-28 145727.png"
2026-08-07 19:27:14 [WARNING] MENACE : None → Capture d'écran 2025-09-28 145727.png
2026-08-07 19:27:14 [ERROR]  Erreur scan YARA sur C:\Users\DELL LATITUDE 5420\OneDrive\Images\Pictures\Screenshots\Visa application\Capture d'écran 2025-09-28 150346.png : could not open file "C:\Users\DELL LATITUDE 5420\OneDrive\Images\Pictures\Screenshots\Visa application\Capture d'écran 2025-09-28 150346.png"
2026-08-07 19:27:14 [WARNING] MENACE : None → Capture d'écran 2025-09-28 150346.png
2026-08-07 19:27:14 [ERROR]  Erreur scan YARA sur C:\Users\DELL LATITUDE 5420\OneDrive\Images\Pictures\Screenshots\Visa application\Capture d'écran 2025-09-28 150456.png : could not open file "C:\Users\DELL LATITUDE 5420\OneDrive\Images\Pictures\Screenshots\Visa application\Capture d'écran 2025-09-28 150456.png"
2026-08-07 19:27:14 [WARNING] MENACE : None → Capture d'écran 2025-09-28 150456.png
2026-08-07 19:27:14 [ERROR]  Erreur scan YARA sur C:\Users\DELL LATITUDE 5420\OneDrive\Images\Pictures\Screenshots\Visa application\Capture d'écran 2025-09-28 151727.png : could not open file "C:\Users\DELL LATITUDE 5420\OneDrive\Images\Pictures\Screenshots\Visa application\Capture d'écran 2025-09-28 151727.png"
2026-08-07 19:27:14 [WARNING] MENACE : None → Capture d'écran 2025-09-28 151727.png
2026-08-07 19:27:14 [ERROR]  Erreur scan YARA sur C:\Users\DELL LATITUDE 5420\OneDrive\Images\Pictures\Screenshots\Visa application\Capture d'écran 2025-09-28 151836.png : could not open file "C:\Users\DELL LATITUDE 5420\OneDrive\Images\Pictures\Screenshots\Visa application\Capture d'écran 2025-09-28 151836.png"
2026-08-07 19:27:14 [WARNING] MENACE : None → Capture d'écran 2025-09-28 151836.png
2026-08-07 19:27:14 [ERROR]  Erreur scan YARA sur C:\Users\DELL LATITUDE 5420\OneDrive\Images\Pictures\Screenshots\Visa application\Capture d'écran 2025-09-28 152302.png : could not open file "C:\Users\DELL LATITUDE 5420\OneDrive\Images\Pictures\Screenshots\Visa application\Capture d'écran 2025-09-28 152302.png"
2026-08-07 19:27:14 [WARNING] MENACE : None → Capture d'écran 2025-09-28 152302.png
2026-08-07 19:27:14 [ERROR]  Erreur scan YARA sur C:\Users\DELL LATITUDE 5420\OneDrive\Images\Pictures\Screenshots\Visa application\Capture d'écran 2025-10-08 154015.png : could not open file "C:\Users\DELL LATITUDE 5420\OneDrive\Images\Pictures\Screenshots\Visa application\Capture d'écran 2025-10-08 154015.png"
2026-08-07 19:27:14 [WARNING] MENACE : None → Capture d'écran 2025-10-08 154015.png
2026-08-07 19:27:14 [ERROR]  Erreur scan YARA sur C:\Users\DELL LATITUDE 5420\OneDrive\Images\Pictures\Screenshots\Visa application\Capture d'écran 2025-10-08 154026.png : could not open file "C:\Users\DELL LATITUDE 5420\OneDrive\Images\Pictures\Screenshots\Visa application\Capture d'écran 2025-10-08 154026.png"
2026-08-07 19:27:14 [WARNING] MENACE : None → Capture d'écran 2025-10-08 154026.png
2026-08-07 19:27:14 [ERROR]  Erreur scan YARA sur C:\Users\DELL LATITUDE 5420\OneDrive\Images\Pictures\Screenshots\Visa application\Capture d'écran 2025-10-08 154154.png : could not open file "C:\Users\DELL LATITUDE 5420\OneDrive\Images\Pictures\Screenshots\Visa application\Capture d'écran 2025-10-08 154154.png"
2026-08-07 19:27:14 [WARNING] MENACE : None → Capture d'écran 2025-10-08 154154.png
2026-08-07 19:27:14 [ERROR]  Erreur scan YARA sur C:\Users\DELL LATITUDE 5420\OneDrive\Images\Pictures\Screenshots\Visa application\Capture d'écran 2025-10-08 164014.png : could not open file "C:\Users\DELL LATITUDE 5420\OneDrive\Images\Pictures\Screenshots\Visa application\Capture d'écran 2025-10-08 164014.png"
2026-08-07 19:27:14 [WARNING] MENACE : None → Capture d'écran 2025-10-08 164014.png
2026-08-07 19:27:14 [ERROR]  Erreur scan YARA sur C:\Users\DELL LATITUDE 5420\OneDrive\Images\Pictures\Screenshots\Visa application\Capture d'écran 2025-10-08 164026.png : could not open file "C:\Users\DELL LATITUDE 5420\OneDrive\Images\Pictures\Screenshots\Visa application\Capture d'écran 2025-10-08 164026.png"
2026-08-07 19:27:14 [WARNING] MENACE : None → Capture d'écran 2025-10-08 164026.png
2026-08-07 19:27:15 [ERROR]  Erreur scan YARA sur C:\Users\DELL LATITUDE 5420\OneDrive\Images\Pictures\Screenshots\Visa application\Capture d'écran 2025-10-08 220935.png : could not open file "C:\Users\DELL LATITUDE 5420\OneDrive\Images\Pictures\Screenshots\Visa application\Capture d'écran 2025-10-08 220935.png"
2026-08-07 19:27:15 [WARNING] MENACE : None → Capture d'écran 2025-10-08 220935.png
2026-08-07 19:27:15 [ERROR]  Erreur scan YARA sur C:\Users\DELL LATITUDE 5420\OneDrive\Images\Pictures\Screenshots\Visa application\Capture d'écran 2025-10-08 220946.png : could not open file "C:\Users\DELL LATITUDE 5420\OneDrive\Images\Pictures\Screenshots\Visa application\Capture d'écran 2025-10-08 220946.png"
2026-08-07 19:27:15 [WARNING] MENACE : None → Capture d'écran 2025-10-08 220946.png
2026-08-07 19:27:15 [ERROR]  Erreur scan YARA sur C:\Users\DELL LATITUDE 5420\OneDrive\Images\Pictures\Screenshots\Visa application\Capture d'écran 2025-10-09 202322.png : could not open file "C:\Users\DELL LATITUDE 5420\OneDrive\Images\Pictures\Screenshots\Visa application\Capture d'écran 2025-10-09 202322.png"
2026-08-07 19:27:15 [WARNING] MENACE : None → Capture d'écran 2025-10-09 202322.png
2026-08-07 19:27:15 [ERROR]  Erreur scan YARA sur C:\Users\DELL LATITUDE 5420\OneDrive\Images\Pictures\Screenshots\Visa application\Capture d'écran 2025-10-10 201051.png : could not open file "C:\Users\DELL LATITUDE 5420\OneDrive\Images\Pictures\Screenshots\Visa application\Capture d'écran 2025-10-10 201051.png"
2026-08-07 19:27:15 [WARNING] MENACE : None → Capture d'écran 2025-10-10 201051.png
2026-08-07 19:27:15 [ERROR]  Erreur scan YARA sur C:\Users\DELL LATITUDE 5420\OneDrive\Images\Pictures\Screenshots\Visa application\Capture d'écran 2025-10-16 142748.png : could not open file "C:\Users\DELL LATITUDE 5420\OneDrive\Images\Pictures\Screenshots\Visa application\Capture d'écran 2025-10-16 142748.png"
2026-08-07 19:27:15 [WARNING] MENACE : None → Capture d'écran 2025-10-16 142748.png
2026-08-07 19:27:15 [ERROR]  Erreur scan YARA sur C:\Users\DELL LATITUDE 5420\OneDrive\Images\Pictures\Screenshots\Visa application\Capture d'écran 2025-10-19 201504.png : could not open file "C:\Users\DELL LATITUDE 5420\OneDrive\Images\Pictures\Screenshots\Visa application\Capture d'écran 2025-10-19 201504.png"
2026-08-07 19:27:15 [WARNING] MENACE : None → Capture d'écran 2025-10-19 201504.png
2026-08-07 19:27:15 [ERROR]  Erreur scan YARA sur C:\Users\DELL LATITUDE 5420\OneDrive\Images\Pictures\Screenshots\Visa application\Capture d'écran 2025-10-19 202032.png : could not open file "C:\Users\DELL LATITUDE 5420\OneDrive\Images\Pictures\Screenshots\Visa application\Capture d'écran 2025-10-19 202032.png"
2026-08-07 19:27:15 [WARNING] MENACE : None → Capture d'écran 2025-10-19 202032.png
2026-08-07 19:27:15 [ERROR]  Erreur scan YARA sur C:\Users\DELL LATITUDE 5420\OneDrive\Images\Pictures\Screenshots\Visa application\Capture d'écran 2025-10-19 202049.png : could not open file "C:\Users\DELL LATITUDE 5420\OneDrive\Images\Pictures\Screenshots\Visa application\Capture d'écran 2025-10-19 202049.png"
2026-08-07 19:27:15 [WARNING] MENACE : None → Capture d'écran 2025-10-19 202049.png
2026-08-07 19:27:15 [ERROR]  Erreur scan YARA sur C:\Users\DELL LATITUDE 5420\OneDrive\Images\Pictures\Screenshots\Visa application\Capture d'écran 2025-10-19 202106.png : could not open file "C:\Users\DELL LATITUDE 5420\OneDrive\Images\Pictures\Screenshots\Visa application\Capture d'écran 2025-10-19 202106.png"
2026-08-07 19:27:15 [WARNING] MENACE : None → Capture d'écran 2025-10-19 202106.png
2026-08-07 19:27:15 [ERROR]  Erreur scan YARA sur C:\Users\DELL LATITUDE 5420\OneDrive\Images\Pictures\Screenshots\Visa application\Capture d'écran 2025-10-19 202435.png : could not open file "C:\Users\DELL LATITUDE 5420\OneDrive\Images\Pictures\Screenshots\Visa application\Capture d'écran 2025-10-19 202435.png"
2026-08-07 19:27:15 [WARNING] MENACE : None → Capture d'écran 2025-10-19 202435.png
2026-08-07 19:27:15 [ERROR]  Erreur scan YARA sur C:\Users\DELL LATITUDE 5420\OneDrive\Images\Pictures\Screenshots\Visa application\Capture d'écran 2025-10-20 185812.png : could not open file "C:\Users\DELL LATITUDE 5420\OneDrive\Images\Pictures\Screenshots\Visa application\Capture d'écran 2025-10-20 185812.png"
2026-08-07 19:27:15 [WARNING] MENACE : None → Capture d'écran 2025-10-20 185812.png
2026-08-07 19:27:15 [ERROR]  Erreur scan YARA sur C:\Users\DELL LATITUDE 5420\OneDrive\Images\Pictures\Screenshots\Visa application\Capture d'écran 2025-10-20 185930.png : could not open file "C:\Users\DELL LATITUDE 5420\OneDrive\Images\Pictures\Screenshots\Visa application\Capture d'écran 2025-10-20 185930.png"
2026-08-07 19:27:15 [WARNING] MENACE : None → Capture d'écran 2025-10-20 185930.png
2026-08-07 19:27:15 [ERROR]  Erreur scan YARA sur C:\Users\DELL LATITUDE 5420\OneDrive\Images\Pictures\Screenshots\Visa application\Capture d'écran 2025-10-20 204811.png : could not open file "C:\Users\DELL LATITUDE 5420\OneDrive\Images\Pictures\Screenshots\Visa application\Capture d'écran 2025-10-20 204811.png"
2026-08-07 19:27:15 [WARNING] MENACE : None → Capture d'écran 2025-10-20 204811.png
2026-08-07 19:27:15 [ERROR]  Erreur scan YARA sur C:\Users\DELL LATITUDE 5420\OneDrive\Images\Pictures\Screenshots\Visa application\Capture d'écran 2025-10-20 204824.png : could not open file "C:\Users\DELL LATITUDE 5420\OneDrive\Images\Pictures\Screenshots\Visa application\Capture d'écran 2025-10-20 204824.png"
2026-08-07 19:27:15 [WARNING] MENACE : None → Capture d'écran 2025-10-20 204824.png
2026-08-07 19:27:15 [ERROR]  Erreur scan YARA sur C:\Users\DELL LATITUDE 5420\OneDrive\Images\Pictures\Screenshots\Visa application\Capture d'écran 2025-10-22 144157.png : could not open file "C:\Users\DELL LATITUDE 5420\OneDrive\Images\Pictures\Screenshots\Visa application\Capture d'écran 2025-10-22 144157.png"
2026-08-07 19:27:15 [WARNING] MENACE : None → Capture d'écran 2025-10-22 144157.png
2026-08-07 19:27:15 [ERROR]  Erreur scan YARA sur C:\Users\DELL LATITUDE 5420\OneDrive\Images\Pictures\Screenshots\Visa application\Capture d'écran 2025-10-22 144209.png : could not open file "C:\Users\DELL LATITUDE 5420\OneDrive\Images\Pictures\Screenshots\Visa application\Capture d'écran 2025-10-22 144209.png"
2026-08-07 19:27:15 [WARNING] MENACE : None → Capture d'écran 2025-10-22 144209.png
2026-08-07 19:27:15 [ERROR]  Erreur scan YARA sur C:\Users\DELL LATITUDE 5420\OneDrive\Images\Pictures\Screenshots\Visa application\Capture d'écran 2025-10-22 144219.png : could not open file "C:\Users\DELL LATITUDE 5420\OneDrive\Images\Pictures\Screenshots\Visa application\Capture d'écran 2025-10-22 144219.png"
2026-08-07 19:27:15 [WARNING] MENACE : None → Capture d'écran 2025-10-22 144219.png
2026-08-07 19:27:15 [ERROR]  Erreur scan YARA sur C:\Users\DELL LATITUDE 5420\OneDrive\Images\Pictures\Screenshots\Visa application\Capture d'écran 2025-10-22 144228.png : could not open file "C:\Users\DELL LATITUDE 5420\OneDrive\Images\Pictures\Screenshots\Visa application\Capture d'écran 2025-10-22 144228.png"
2026-08-07 19:27:15 [WARNING] MENACE : None → Capture d'écran 2025-10-22 144228.png
2026-08-07 19:27:15 [ERROR]  Erreur scan YARA sur C:\Users\DELL LATITUDE 5420\OneDrive\Images\Pictures\Screenshots\Visa application\Capture d'écran 2025-10-22 144239.png : could not open file "C:\Users\DELL LATITUDE 5420\OneDrive\Images\Pictures\Screenshots\Visa application\Capture d'écran 2025-10-22 144239.png"
2026-08-07 19:27:15 [WARNING] MENACE : None → Capture d'écran 2025-10-22 144239.png
2026-08-07 19:27:15 [ERROR]  Erreur scan YARA sur C:\Users\DELL LATITUDE 5420\OneDrive\Images\Pictures\Screenshots\Visa application\Capture d'écran 2025-10-22 144249.png : could not open file "C:\Users\DELL LATITUDE 5420\OneDrive\Images\Pictures\Screenshots\Visa application\Capture d'écran 2025-10-22 144249.png"
2026-08-07 19:27:15 [WARNING] MENACE : None → Capture d'écran 2025-10-22 144249.png
2026-08-07 19:27:15 [ERROR]  Erreur scan YARA sur C:\Users\DELL LATITUDE 5420\OneDrive\Images\Pictures\Screenshots\Visa application\Capture d'écran 2025-10-22 144256.png : could not open file "C:\Users\DELL LATITUDE 5420\OneDrive\Images\Pictures\Screenshots\Visa application\Capture d'écran 2025-10-22 144256.png"
2026-08-07 19:27:15 [WARNING] MENACE : None → Capture d'écran 2025-10-22 144256.png
2026-08-07 19:27:15 [ERROR]  Erreur scan YARA sur C:\Users\DELL LATITUDE 5420\OneDrive\Images\Pictures\Screenshots\Visa application\Capture d'écran 2025-10-22 144303.png : could not open file "C:\Users\DELL LATITUDE 5420\OneDrive\Images\Pictures\Screenshots\Visa application\Capture d'écran 2025-10-22 144303.png"
2026-08-07 19:27:15 [WARNING] MENACE : None → Capture d'écran 2025-10-22 144303.png
2026-08-07 19:27:15 [ERROR]  Erreur scan YARA sur C:\Users\DELL LATITUDE 5420\OneDrive\Images\Pictures\Screenshots\Visa application\Capture d'écran 2025-10-22 144314.png : could not open file "C:\Users\DELL LATITUDE 5420\OneDrive\Images\Pictures\Screenshots\Visa application\Capture d'écran 2025-10-22 144314.png"
2026-08-07 19:27:15 [WARNING] MENACE : None → Capture d'écran 2025-10-22 144314.png
2026-08-07 19:27:15 [ERROR]  Erreur scan YARA sur C:\Users\DELL LATITUDE 5420\OneDrive\Images\Pictures\Screenshots\Visa application\Capture d'écran 2025-10-22 144327.png : could not open file "C:\Users\DELL LATITUDE 5420\OneDrive\Images\Pictures\Screenshots\Visa application\Capture d'écran 2025-10-22 144327.png"
2026-08-07 19:27:15 [WARNING] MENACE : None → Capture d'écran 2025-10-22 144327.png
2026-08-07 19:27:15 [ERROR]  Erreur scan YARA sur C:\Users\DELL LATITUDE 5420\OneDrive\Images\Pictures\Screenshots\Visa application\Capture d'écran 2025-10-22 144336.png : could not open file "C:\Users\DELL LATITUDE 5420\OneDrive\Images\Pictures\Screenshots\Visa application\Capture d'écran 2025-10-22 144336.png"
2026-08-07 19:27:15 [WARNING] MENACE : None → Capture d'écran 2025-10-22 144336.png
2026-08-07 19:27:15 [ERROR]  Erreur scan YARA sur C:\Users\DELL LATITUDE 5420\OneDrive\Images\Pictures\Screenshots\Visa application\Capture d'écran 2025-10-22 144346.png : could not open file "C:\Users\DELL LATITUDE 5420\OneDrive\Images\Pictures\Screenshots\Visa application\Capture d'écran 2025-10-22 144346.png"
2026-08-07 19:27:15 [WARNING] MENACE : None → Capture d'écran 2025-10-22 144346.png
2026-08-07 19:27:15 [ERROR]  Erreur scan YARA sur C:\Users\DELL LATITUDE 5420\OneDrive\Images\Pictures\Screenshots\Visa application\Capture d'écran 2025-10-22 144356.png : could not open file "C:\Users\DELL LATITUDE 5420\OneDrive\Images\Pictures\Screenshots\Visa application\Capture d'écran 2025-10-22 144356.png"
2026-08-07 19:27:15 [WARNING] MENACE : None → Capture d'écran 2025-10-22 144356.png
2026-08-07 19:27:15 [ERROR]  Erreur scan YARA sur C:\Users\DELL LATITUDE 5420\OneDrive\Images\Pictures\Screenshots\Visa application\Capture d'écran 2025-10-22 144408.png : could not open file "C:\Users\DELL LATITUDE 5420\OneDrive\Images\Pictures\Screenshots\Visa application\Capture d'écran 2025-10-22 144408.png"
2026-08-07 19:27:15 [WARNING] MENACE : None → Capture d'écran 2025-10-22 144408.png
2026-08-07 19:27:15 [ERROR]  Erreur scan YARA sur C:\Users\DELL LATITUDE 5420\OneDrive\Images\Pictures\Screenshots\Visa application\Capture d'écran 2025-10-22 144414.png : could not open file "C:\Users\DELL LATITUDE 5420\OneDrive\Images\Pictures\Screenshots\Visa application\Capture d'écran 2025-10-22 144414.png"
2026-08-07 19:27:15 [WARNING] MENACE : None → Capture d'écran 2025-10-22 144414.png
2026-08-07 19:27:15 [ERROR]  Erreur scan YARA sur C:\Users\DELL LATITUDE 5420\OneDrive\Images\Pictures\Screenshots\Visa application\Capture d'écran 2025-10-22 144424.png : could not open file "C:\Users\DELL LATITUDE 5420\OneDrive\Images\Pictures\Screenshots\Visa application\Capture d'écran 2025-10-22 144424.png"
2026-08-07 19:27:15 [WARNING] MENACE : None → Capture d'écran 2025-10-22 144424.png
2026-08-07 19:27:15 [ERROR]  Erreur scan YARA sur C:\Users\DELL LATITUDE 5420\OneDrive\Images\Pictures\Screenshots\Visa application\Capture d'écran 2025-10-22 144433.png : could not open file "C:\Users\DELL LATITUDE 5420\OneDrive\Images\Pictures\Screenshots\Visa application\Capture d'écran 2025-10-22 144433.png"
2026-08-07 19:27:15 [WARNING] MENACE : None → Capture d'écran 2025-10-22 144433.png
2026-08-07 19:27:15 [ERROR]  Erreur scan YARA sur C:\Users\DELL LATITUDE 5420\OneDrive\Images\Pictures\Screenshots\Visa application\Capture d'écran 2025-10-22 144442.png : could not open file "C:\Users\DELL LATITUDE 5420\OneDrive\Images\Pictures\Screenshots\Visa application\Capture d'écran 2025-10-22 144442.png"
2026-08-07 19:27:15 [WARNING] MENACE : None → Capture d'écran 2025-10-22 144442.png
2026-08-07 19:27:15 [ERROR]  Erreur scan YARA sur C:\Users\DELL LATITUDE 5420\OneDrive\Images\Pictures\Screenshots\Visa application\Capture d'écran 2025-10-22 144451.png : could not open file "C:\Users\DELL LATITUDE 5420\OneDrive\Images\Pictures\Screenshots\Visa application\Capture d'écran 2025-10-22 144451.png"
2026-08-07 19:27:15 [WARNING] MENACE : None → Capture d'écran 2025-10-22 144451.png
2026-08-07 19:27:15 [ERROR]  Erreur scan YARA sur C:\Users\DELL LATITUDE 5420\OneDrive\Images\Pictures\Screenshots\Visa application\Capture d'écran 2025-10-22 144501.png : could not open file "C:\Users\DELL LATITUDE 5420\OneDrive\Images\Pictures\Screenshots\Visa application\Capture d'écran 2025-10-22 144501.png"
2026-08-07 19:27:15 [WARNING] MENACE : None → Capture d'écran 2025-10-22 144501.png
2026-08-07 19:27:15 [ERROR]  Erreur scan YARA sur C:\Users\DELL LATITUDE 5420\OneDrive\Images\Pictures\Screenshots\Visa application\Capture d'écran 2025-10-22 144512.png : could not open file "C:\Users\DELL LATITUDE 5420\OneDrive\Images\Pictures\Screenshots\Visa application\Capture d'écran 2025-10-22 144512.png"
2026-08-07 19:27:15 [WARNING] MENACE : None → Capture d'écran 2025-10-22 144512.png
2026-08-07 19:27:15 [ERROR]  Erreur scan YARA sur C:\Users\DELL LATITUDE 5420\OneDrive\Images\Pictures\Screenshots\Visa application\Capture d'écran 2025-10-22 144523.png : could not open file "C:\Users\DELL LATITUDE 5420\OneDrive\Images\Pictures\Screenshots\Visa application\Capture d'écran 2025-10-22 144523.png"
2026-08-07 19:27:15 [WARNING] MENACE : None → Capture d'écran 2025-10-22 144523.png
2026-08-07 19:27:15 [ERROR]  Erreur scan YARA sur C:\Users\DELL LATITUDE 5420\OneDrive\Images\Pictures\Screenshots\Visa application\Capture d'écran 2025-10-22 144535.png : could not open file "C:\Users\DELL LATITUDE 5420\OneDrive\Images\Pictures\Screenshots\Visa application\Capture d'écran 2025-10-22 144535.png"
2026-08-07 19:27:15 [WARNING] MENACE : None → Capture d'écran 2025-10-22 144535.png
2026-08-07 19:27:15 [ERROR]  Erreur scan YARA sur C:\Users\DELL LATITUDE 5420\OneDrive\Images\Pictures\Screenshots\Visa application\Capture d'écran 2025-10-22 200000.png : could not open file "C:\Users\DELL LATITUDE 5420\OneDrive\Images\Pictures\Screenshots\Visa application\Capture d'écran 2025-10-22 200000.png"
2026-08-07 19:27:15 [WARNING] MENACE : None → Capture d'écran 2025-10-22 200000.png
2026-08-07 19:27:16 [ERROR]  Erreur scan YARA sur C:\Users\DELL LATITUDE 5420\OneDrive\Images\Images\Mamanon\Capture d'écran 2025-09-06 190221.png : could not open file "C:\Users\DELL LATITUDE 5420\OneDrive\Images\Images\Mamanon\Capture d'écran 2025-09-06 190221.png"
2026-08-07 19:27:16 [WARNING] MENACE : None → Capture d'écran 2025-09-06 190221.png
2026-08-07 19:27:16 [WARNING] MENACE : None → Design sans titre (1).png
2026-08-07 19:27:16 [WARNING] MENACE : None → Design sansyg titre (1).png
2026-08-07 19:27:16 [WARNING] MENACE : None → Mamanaon.png
2026-08-07 19:27:16 [WARNING] MENACE : None → Mamanaon_no_ok.png
2026-08-07 19:27:16 [WARNING] MENACE : None → Mamanon_synosis.png
2026-08-07 19:27:16 [WARNING] MENACE : None → whitout_bg.png
2026-08-07 19:27:16 [ERROR]  Erreur scan YARA sur C:\Users\DELL LATITUDE 5420\OneDrive\Images\Images\Mamanon\whitout_bg_retouché.png : could not open file "C:\Users\DELL LATITUDE 5420\OneDrive\Images\Images\Mamanon\whitout_bg_retouché.png"
2026-08-07 19:27:16 [WARNING] MENACE : None → whitout_bg_retouché.png
2026-08-07 19:27:16 [ERROR]  Erreur scan YARA sur C:\Users\DELL LATITUDE 5420\OneDrive\Images\Images\Mamanon\whitout_bg_retouché_bc_mieux.png : could not open file "C:\Users\DELL LATITUDE 5420\OneDrive\Images\Images\Mamanon\whitout_bg_retouché_bc_mieux.png"
2026-08-07 19:27:16 [WARNING] MENACE : None → whitout_bg_retouché_bc_mieux.png
2026-08-07 19:27:17 [ERROR]  Erreur scan YARA sur C:\Users\DELL LATITUDE 5420\OneDrive\Images\Images\Tatiaanaaa\Capture d'écran 2025-11-01 151524.png : could not open file "C:\Users\DELL LATITUDE 5420\OneDrive\Images\Images\Tatiaanaaa\Capture d'écran 2025-11-01 151524.png"
2026-08-07 19:27:17 [WARNING] MENACE : None → Capture d'écran 2025-11-01 151524.png
2026-08-07 19:27:17 [ERROR]  Erreur scan YARA sur C:\Users\DELL LATITUDE 5420\OneDrive\Images\Images\Tatiaanaaa\Capture d'écran 2026-02-18 225221.png : could not open file "C:\Users\DELL LATITUDE 5420\OneDrive\Images\Images\Tatiaanaaa\Capture d'écran 2026-02-18 225221.png"
2026-08-07 19:27:17 [WARNING] MENACE : None → Capture d'écran 2026-02-18 225221.png
2026-08-07 19:27:17 [ERROR]  Erreur scan YARA sur C:\Users\DELL LATITUDE 5420\OneDrive\Images\Images\Tatiaanaaa\Capture d'écran 2026-02-19 122437.png : could not open file "C:\Users\DELL LATITUDE 5420\OneDrive\Images\Images\Tatiaanaaa\Capture d'écran 2026-02-19 122437.png"
2026-08-07 19:27:17 [WARNING] MENACE : None → Capture d'écran 2026-02-19 122437.png
2026-08-07 19:27:17 [ERROR]  Erreur scan YARA sur C:\Users\DELL LATITUDE 5420\OneDrive\Images\Images\Tatiaanaaa\Capture d'écran 2026-04-12 233323.png : could not open file "C:\Users\DELL LATITUDE 5420\OneDrive\Images\Images\Tatiaanaaa\Capture d'écran 2026-04-12 233323.png"
2026-08-07 19:27:17 [WARNING] MENACE : None → Capture d'écran 2026-04-12 233323.png
2026-08-07 19:27:18 [ERROR]  Erreur scan YARA sur C:\Users\DELL LATITUDE 5420\OneDrive\Images\Images\Tatiaanaaa\Capture d'écran 2026-04-28 140600.png : could not open file "C:\Users\DELL LATITUDE 5420\OneDrive\Images\Images\Tatiaanaaa\Capture d'écran 2026-04-28 140600.png"
2026-08-07 19:27:18 [WARNING] MENACE : None → Capture d'écran 2026-04-28 140600.png
2026-08-07 19:27:18 [ERROR]  Erreur scan YARA sur C:\Users\DELL LATITUDE 5420\OneDrive\Images\Images\Tatiaanaaa\Capture d'écran 2026-06-27 102533.png : could not open file "C:\Users\DELL LATITUDE 5420\OneDrive\Images\Images\Tatiaanaaa\Capture d'écran 2026-06-27 102533.png"
2026-08-07 19:27:18 [WARNING] MENACE : None → Capture d'écran 2026-06-27 102533.png
2026-08-07 19:27:18 [ERROR]  Erreur scan YARA sur C:\Users\DELL LATITUDE 5420\OneDrive\Images\Images\Tatiaanaaa\Capture d'écran 2026-06-27 102613.png : could not open file "C:\Users\DELL LATITUDE 5420\OneDrive\Images\Images\Tatiaanaaa\Capture d'écran 2026-06-27 102613.png"
2026-08-07 19:27:18 [WARNING] MENACE : None → Capture d'écran 2026-06-27 102613.png
2026-08-07 19:27:18 [ERROR]  Erreur scan YARA sur C:\Users\DELL LATITUDE 5420\OneDrive\Images\Images\Tatiaanaaa\Diapo pour voir combien la vie est belle\Capture d'écran 2025-11-01 151524.png : could not open file "C:\Users\DELL LATITUDE 5420\OneDrive\Images\Images\Tatiaanaaa\Diapo pour voir combien la vie est belle\Capture d'écran 2025-11-01 151524.png"
2026-08-07 19:27:18 [WARNING] MENACE : None → Capture d'écran 2025-11-01 151524.png
2026-08-07 19:27:19 [ERROR]  Erreur scan YARA sur C:\Users\DELL LATITUDE 5420\OneDrive\Images\Images\Tatiaanaaa\Diapo pour voir combien la vie est belle\Capture d'écran 2026-02-19 122437.png : could not open file "C:\Users\DELL LATITUDE 5420\OneDrive\Images\Images\Tatiaanaaa\Diapo pour voir combien la vie est belle\Capture d'écran 2026-02-19 122437.png"
2026-08-07 19:27:19 [WARNING] MENACE : None → Capture d'écran 2026-02-19 122437.png
2026-08-07 19:27:19 [ERROR]  Erreur scan YARA sur C:\Users\DELL LATITUDE 5420\OneDrive\Images\Images\Tatiaanaaa\Diapo pour voir combien la vie est belle\Capture d'écran 2026-04-12 233323.png : could not open file "C:\Users\DELL LATITUDE 5420\OneDrive\Images\Images\Tatiaanaaa\Diapo pour voir combien la vie est belle\Capture d'écran 2026-04-12 233323.png"
2026-08-07 19:27:19 [WARNING] MENACE : None → Capture d'écran 2026-04-12 233323.png
2026-08-07 19:27:19 [WARNING] MENACE : None → Design sans titre (1).png
2026-08-07 19:27:19 [WARNING] MENACE : None → Design sans titre.png
2026-08-07 19:27:20 [ERROR]  Erreur scan YARA sur C:\Users\DELL LATITUDE 5420\OneDrive\Documents\Mes documents\Attestions-dossier-Maroc\Attention d'hébergement (1).pdf : could not open file "C:\Users\DELL LATITUDE 5420\OneDrive\Documents\Mes documents\Attestions-dossier-Maroc\Attention d'hébergement (1).pdf"
2026-08-07 19:27:20 [WARNING] MENACE : None → Attention d'hébergement (1).pdf
2026-08-07 19:27:20 [WARNING] MENACE : None → Attention d'inscription.pdf
2026-08-07 19:27:20 [WARNING] MENACE : None → calendrier_parcoursup_2023-1.pdf
2026-08-07 19:27:21 [WARNING] MENACE : None → Campus France dos.pdf
2026-08-07 19:27:21 [WARNING] MENACE : None → Acte de naissance.pdf
2026-08-07 19:27:21 [WARNING] MENACE : None → Attestation de niveau.pdf
2026-08-07 19:27:21 [WARNING] MENACE : None → ---(incomplet-un seul)Bulletin terminale.pdf
2026-08-07 19:27:21 [WARNING] MENACE : None → -----Seconde 2020-2021.pdf
2026-08-07 19:27:21 [ERROR]  Erreur scan YARA sur C:\Users\DELL LATITUDE 5420\OneDrive\Documents\Mes documents\Mes dossiers\Bult1\---Première 2021-2022.pdf : could not open file "C:\Users\DELL LATITUDE 5420\OneDrive\Documents\Mes documents\Mes dossiers\Bult1\---Première 2021-2022.pdf"
2026-08-07 19:27:21 [WARNING] MENACE : None → ---Première 2021-2022.pdf
2026-08-07 19:27:21 [ERROR]  Erreur scan YARA sur C:\Users\DELL LATITUDE 5420\OneDrive\Documents\Mes documents\Mes dossiers\Bult1\Bul_1e_trim_1èreS.pdf : could not open file "C:\Users\DELL LATITUDE 5420\OneDrive\Documents\Mes documents\Mes dossiers\Bult1\Bul_1e_trim_1èreS.pdf"
2026-08-07 19:27:21 [WARNING] MENACE : None → Bul_1e_trim_1èreS.pdf
2026-08-07 19:27:21 [WARNING] MENACE : None → Bul_1e_trim_2ndS.pdf
2026-08-07 19:27:21 [ERROR]  Erreur scan YARA sur C:\Users\DELL LATITUDE 5420\OneDrive\Documents\Mes documents\Mes dossiers\Bult1\Bul_2e_trim_1èreS.pdf : could not open file "C:\Users\DELL LATITUDE 5420\OneDrive\Documents\Mes documents\Mes dossiers\Bult1\Bul_2e_trim_1èreS.pdf"
2026-08-07 19:27:21 [WARNING] MENACE : None → Bul_2e_trim_1èreS.pdf
2026-08-07 19:27:22 [WARNING] MENACE : None → Bul_2e_trim_2ndS.pdf
2026-08-07 19:27:22 [ERROR]  Erreur scan YARA sur C:\Users\DELL LATITUDE 5420\OneDrive\Documents\Mes documents\Mes dossiers\Bult1\Bul_3e_trim_1èreS.pdf : could not open file "C:\Users\DELL LATITUDE 5420\OneDrive\Documents\Mes documents\Mes dossiers\Bult1\Bul_3e_trim_1èreS.pdf"
2026-08-07 19:27:22 [WARNING] MENACE : None → Bul_3e_trim_1èreS.pdf
2026-08-07 19:27:22 [WARNING] MENACE : None → Bul_3e_trim_2ndS.pdf
2026-08-07 19:27:22 [ERROR]  Erreur scan YARA sur C:\Users\DELL LATITUDE 5420\OneDrive\Bureau\Cours\Cours-Mathématiques-Financières.pdf : could not open file "C:\Users\DELL LATITUDE 5420\OneDrive\Bureau\Cours\Cours-Mathématiques-Financières.pdf"
2026-08-07 19:27:22 [WARNING] MENACE : None → Cours-Mathématiques-Financières.pdf
2026-08-07 19:27:22 [WARNING] MENACE : None → 2025-02-04 20_16_33.pdf
2026-08-07 19:27:22 [WARNING] MENACE : None → ATTESTATION DE RESIDENCE.pdf
2026-08-07 19:27:22 [WARNING] MENACE : None → Copine Passeport.pdf
2026-08-07 19:27:23 [WARNING] MENACE : None → errty.pdf
2026-08-07 19:27:23 [WARNING] MENACE : None → formulaire recu bank app.pdf
2026-08-07 19:27:23 [WARNING] MENACE : None → Lettre d'engagementxxx.pdf
2026-08-07 19:27:23 [WARNING] MENACE : None → logo.png
2026-08-07 19:27:23 [WARNING] MENACE : None → masra thierry dorobe.png
2026-08-07 19:27:24 [WARNING] MENACE : None → RESULTAT BAC 2023 - 1er tour - ADMIS D'OFFICE.pdf
2026-08-07 19:27:24 [ERROR]  Erreur scan YARA sur C:\Users\DELL LATITUDE 5420\OneDrive\Bureau\Doc profess\WhatsApp_Image_2025-03-04_à_17.13.16_3463063c-removebg-preview.png : could not open file "C:\Users\DELL LATITUDE 5420\OneDrive\Bureau\Doc profess\WhatsApp_Image_2025-03-04_à_17.13.16_3463063c-removebg-preview.png"
2026-08-07 19:27:24 [WARNING] MENACE : None → WhatsApp_Image_2025-03-04_à_17.13.16_3463063c-removebg-preview.png
2026-08-07 19:27:24 [ERROR]  Erreur scan YARA sur C:\Users\DELL LATITUDE 5420\OneDrive\Bureau\Pour les vacccs now\Les 5 clés pour cultiver son intelligence émotionnelle -- Daniel Goleman -- Dunod Editeur, Paris, 2013 -- Dunod -- 9782100594283 -- 6ca216217fb34f2bc6bafde341b5bcb1 -- Anna’s Archive.pdf : could not open file "C:\Users\DELL LATITUDE 5420\OneDrive\Bureau\Pour les vacccs now\Les 5 clés pour cultiver son intelligence émotionnelle -- Daniel Goleman -- Dunod Editeur, Paris, 2013 -- Dunod -- 9782100594283 -- 6ca216217fb34f2bc6bafde341b5bcb1 -- Anna’s Archive.pdf"
2026-08-07 19:27:24 [WARNING] MENACE : None → Les 5 clés pour cultiver son intelligence émotionnelle -- Daniel Goleman -- Dunod Editeur, Paris, 2013 -- Dunod -- 9782100594283 -- 6ca216217fb34f2bc6bafde341b5bcb1 -- Anna’s Archive.pdf
2026-08-07 19:27:25 [WARNING] MENACE : None → _OceanofPDF.com_Intelligence_emotionnelle_French_Edition_-_Daniel_Goleman.pdf
2026-08-07 19:27:25 [WARNING] MENACE : None → config sys.png
2026-08-07 19:27:25 [WARNING] MENACE : None → Figcon sys.png
2026-08-07 19:27:25 [ERROR]  Erreur scan YARA sur C:\Users\DELL LATITUDE 5420\OneDrive\Bureau\Solve Dad's Pb\Résolution\Attention.png : could not open file "C:\Users\DELL LATITUDE 5420\OneDrive\Bureau\Solve Dad's Pb\Résolution\Attention.png"
2026-08-07 19:27:25 [WARNING] MENACE : None → Attention.png
2026-08-07 19:27:25 [ERROR]  Erreur scan YARA sur C:\Users\DELL LATITUDE 5420\OneDrive\Bureau\Solve Dad's Pb\Résolution\config matos necessaire.png : could not open file "C:\Users\DELL LATITUDE 5420\OneDrive\Bureau\Solve Dad's Pb\Résolution\config matos necessaire.png"
2026-08-07 19:27:25 [WARNING] MENACE : None → config matos necessaire.png
2026-08-07 19:27:25 [ERROR]  Erreur scan YARA sur C:\Users\DELL LATITUDE 5420\OneDrive\Bureau\Solve Dad's Pb\Résolution\Points à savoir.png : could not open file "C:\Users\DELL LATITUDE 5420\OneDrive\Bureau\Solve Dad's Pb\Résolution\Points à savoir.png"
2026-08-07 19:27:25 [WARNING] MENACE : None → Points à savoir.png
2026-08-07 19:27:25 [ERROR]  Erreur scan YARA sur C:\Users\DELL LATITUDE 5420\OneDrive\Bureau\Solve Dad's Pb\Résolution\Si compatible.png : could not open file "C:\Users\DELL LATITUDE 5420\OneDrive\Bureau\Solve Dad's Pb\Résolution\Si compatible.png"
2026-08-07 19:27:25 [WARNING] MENACE : None → Si compatible.png
2026-08-07 19:27:25 [ERROR]  Erreur scan YARA sur C:\Users\DELL LATITUDE 5420\OneDrive\Bureau\Solve Dad's Pb\Résolution\Sol 1\1_config_rufus.png : could not open file "C:\Users\DELL LATITUDE 5420\OneDrive\Bureau\Solve Dad's Pb\Résolution\Sol 1\1_config_rufus.png"
2026-08-07 19:27:25 [WARNING] MENACE : None → 1_config_rufus.png
2026-08-07 19:27:25 [ERROR]  Erreur scan YARA sur C:\Users\DELL LATITUDE 5420\OneDrive\Bureau\Solve Dad's Pb\Résolution\Sol 1\2_start_install.png : could not open file "C:\Users\DELL LATITUDE 5420\OneDrive\Bureau\Solve Dad's Pb\Résolution\Sol 1\2_start_install.png"
2026-08-07 19:27:25 [WARNING] MENACE : None → 2_start_install.png
2026-08-07 19:27:26 [ERROR]  Erreur scan YARA sur C:\Users\DELL LATITUDE 5420\OneDrive\Bureau\Solve Dad's Pb\Résolution\Sol 1\rufus-4.15.exe : could not open file "C:\Users\DELL LATITUDE 5420\OneDrive\Bureau\Solve Dad's Pb\Résolution\Sol 1\rufus-4.15.exe"
2026-08-07 19:27:26 [WARNING] MENACE : None → rufus-4.15.exe
2026-08-07 19:27:26 [ERROR]  Erreur scan YARA sur C:\Users\DELL LATITUDE 5420\OneDrive\Bureau\Solve Dad's Pb\Résolution\Sol 2\Attention.png : could not open file "C:\Users\DELL LATITUDE 5420\OneDrive\Bureau\Solve Dad's Pb\Résolution\Sol 2\Attention.png"
2026-08-07 19:27:26 [WARNING] MENACE : None → Attention.png
2026-08-07 19:27:26 [ERROR]  Erreur scan YARA sur C:\Users\DELL LATITUDE 5420\OneDrive\Bureau\Solve Dad's Pb\Résolution\Sol 2\Procédure.png : could not open file "C:\Users\DELL LATITUDE 5420\OneDrive\Bureau\Solve Dad's Pb\Résolution\Sol 2\Procédure.png"
2026-08-07 19:27:26 [WARNING] MENACE : None → Procédure.png
2026-08-07 19:27:26 [ERROR]  Erreur scan YARA sur C:\Users\DELL LATITUDE 5420\OneDrive\Bureau\Solve Dad's Pb\Résolution\Sol 2\Fly\FlyOOBE.exe : could not open file "C:\Users\DELL LATITUDE 5420\OneDrive\Bureau\Solve Dad's Pb\Résolution\Sol 2\Fly\FlyOOBE.exe"
2026-08-07 19:27:26 [ERROR]  Erreur scan YARA sur C:\Users\DELL LATITUDE 5420\OneDrive\Bureau\Solve Dad's Pb\Résolution\Sol 2\Fly\scripts\Flyby11\CpuCheckNative.dll : could not open file "C:\Users\DELL LATITUDE 5420\OneDrive\Bureau\Solve Dad's Pb\Résolution\Sol 2\Fly\scripts\Flyby11\CpuCheckNative.dll"
2026-08-07 19:27:26 [ERROR]  Erreur scan YARA sur C:\Users\DELL LATITUDE 5420\OneDrive\Bureau\Solve Dad's Pb\Résolution\Sol 2\Fly\scripts\Flyby11\Flyby11.exe : could not open file "C:\Users\DELL LATITUDE 5420\OneDrive\Bureau\Solve Dad's Pb\Résolution\Sol 2\Fly\scripts\Flyby11\Flyby11.exe"
2026-08-07 19:27:26 [ERROR]  Erreur scan YARA sur C:\Users\DELL LATITUDE 5420\OneDrive\Bureau\Solve Dad's Pb\Résolution\Sol 2\Fly\scripts\ViVeTool\Albacore.ViVe.dll : could not open file "C:\Users\DELL LATITUDE 5420\OneDrive\Bureau\Solve Dad's Pb\Résolution\Sol 2\Fly\scripts\ViVeTool\Albacore.ViVe.dll"
2026-08-07 19:27:26 [ERROR]  Erreur scan YARA sur C:\Users\DELL LATITUDE 5420\OneDrive\Bureau\Solve Dad's Pb\Résolution\Sol 2\Fly\scripts\ViVeTool\ViVeTool.exe : could not open file "C:\Users\DELL LATITUDE 5420\OneDrive\Bureau\Solve Dad's Pb\Résolution\Sol 2\Fly\scripts\ViVeTool\ViVeTool.exe"
2026-08-07 19:27:26 [ERROR]  Erreur scan YARA sur C:\Users\DELL LATITUDE 5420\OneDrive\Bureau\Retour avec Dieu à côté\BBB__Autres bourses\fiche_de_choix_m1_informatique_site_versailles_completée.pdf : could not open file "C:\Users\DELL LATITUDE 5420\OneDrive\Bureau\Retour avec Dieu à côté\BBB__Autres bourses\fiche_de_choix_m1_informatique_site_versailles_completée.pdf"
2026-08-07 19:27:26 [WARNING] MENACE : None → fiche_de_choix_m1_informatique_site_versailles_completée.pdf
2026-08-07 19:27:26 [ERROR]  Erreur scan YARA sur C:\Users\DELL LATITUDE 5420\OneDrive\Bureau\Retour avec Dieu à côté\GGG__Autres docs\Bac.pdf : could not open file "C:\Users\DELL LATITUDE 5420\OneDrive\Bureau\Retour avec Dieu à côté\GGG__Autres docs\Bac.pdf"
2026-08-07 19:27:26 [WARNING] MENACE : None → Bac.pdf
2026-08-07 19:27:26 [ERROR]  Erreur scan YARA sur C:\Users\DELL LATITUDE 5420\OneDrive\Bureau\Retour avec Dieu à côté\GGG__Autres docs\Lettre de recommandation 2.pdf : could not open file "C:\Users\DELL LATITUDE 5420\OneDrive\Bureau\Retour avec Dieu à côté\GGG__Autres docs\Lettre de recommandation 2.pdf"
2026-08-07 19:27:26 [WARNING] MENACE : None → Lettre de recommandation 2.pdf
2026-08-07 19:27:26 [ERROR]  Erreur scan YARA sur C:\Users\DELL LATITUDE 5420\OneDrive\Bureau\Retour avec Dieu à côté\GGG__Autres docs\Relevé.pdf : could not open file "C:\Users\DELL LATITUDE 5420\OneDrive\Bureau\Retour avec Dieu à côté\GGG__Autres docs\Relevé.pdf"
2026-08-07 19:27:26 [WARNING] MENACE : None → Relevé.pdf
2026-08-07 19:27:26 [ERROR]  Erreur scan YARA sur C:\Users\DELL LATITUDE 5420\OneDrive\Bureau\Retour avec Dieu à côté\GGG__Autres docs\Bac + Attest niveau + Relevés\1ère année_relevé_notes.pdf : could not open file "C:\Users\DELL LATITUDE 5420\OneDrive\Bureau\Retour avec Dieu à côté\GGG__Autres docs\Bac + Attest niveau + Relevés\1ère année_relevé_notes.pdf"
2026-08-07 19:27:27 [WARNING] MENACE : None → 1ère année_relevé_notes.pdf
2026-08-07 19:27:27 [ERROR]  Erreur scan YARA sur C:\Users\DELL LATITUDE 5420\OneDrive\Bureau\Retour avec Dieu à côté\GGG__Autres docs\Bac + Attest niveau + Relevés\2em_année_relevé_notes.pdf : could not open file "C:\Users\DELL LATITUDE 5420\OneDrive\Bureau\Retour avec Dieu à côté\GGG__Autres docs\Bac + Attest niveau + Relevés\2em_année_relevé_notes.pdf"
2026-08-07 19:27:27 [WARNING] MENACE : None → 2em_année_relevé_notes.pdf
2026-08-07 19:27:27 [ERROR]  Erreur scan YARA sur C:\Users\DELL LATITUDE 5420\OneDrive\Bureau\Retour avec Dieu à côté\GGG__Autres docs\Bac + Attest niveau + Relevés\Attestation de scolarité.pdf : could not open file "C:\Users\DELL LATITUDE 5420\OneDrive\Bureau\Retour avec Dieu à côté\GGG__Autres docs\Bac + Attest niveau + Relevés\Attestation de scolarité.pdf"
2026-08-07 19:27:27 [WARNING] MENACE : None → Attestation de scolarité.pdf
2026-08-07 19:27:27 [ERROR]  Erreur scan YARA sur C:\Users\DELL LATITUDE 5420\OneDrive\Bureau\Retour avec Dieu à côté\GGG__Autres docs\Bac + Attest niveau + Relevés\Bac_relevé_notes.pdf : could not open file "C:\Users\DELL LATITUDE 5420\OneDrive\Bureau\Retour avec Dieu à côté\GGG__Autres docs\Bac + Attest niveau + Relevés\Bac_relevé_notes.pdf"
2026-08-07 19:27:27 [WARNING] MENACE : None → Bac_relevé_notes.pdf
2026-08-07 19:27:27 [ERROR]  Erreur scan YARA sur C:\Users\DELL LATITUDE 5420\OneDrive\Bureau\Retour avec Dieu à côté\GGG__Autres docs\Bac + Attest niveau + Relevés\Diplôme BAC.pdf : could not open file "C:\Users\DELL LATITUDE 5420\OneDrive\Bureau\Retour avec Dieu à côté\GGG__Autres docs\Bac + Attest niveau + Relevés\Diplôme BAC.pdf"
2026-08-07 19:27:27 [WARNING] MENACE : None → Diplôme BAC.pdf
2026-08-07 19:27:27 [ERROR]  Erreur scan YARA sur C:\Users\DELL LATITUDE 5420\OneDrive\Bureau\Retour avec Dieu à côté\GGG__Autres docs\ID\Sej_card.pdf : could not open file "C:\Users\DELL LATITUDE 5420\OneDrive\Bureau\Retour avec Dieu à côté\GGG__Autres docs\ID\Sej_card.pdf"
2026-08-07 19:27:27 [WARNING] MENACE : None → Sej_card.pdf
2026-08-07 19:27:27 [ERROR]  Erreur scan YARA sur C:\Users\DELL LATITUDE 5420\OneDrive\Bureau\Retour avec Dieu à côté\GGG__Autres docs\Old_ref_&_study_plan\Reference_II_Letter_of_recommandation_MASRA_Thierry_D_.pdf : could not open file "C:\Users\DELL LATITUDE 5420\OneDrive\Bureau\Retour avec Dieu à côté\GGG__Autres docs\Old_ref_&_study_plan\Reference_II_Letter_of_recommandation_MASRA_Thierry_D_.pdf"
2026-08-07 19:27:27 [WARNING] MENACE : None → Reference_II_Letter_of_recommandation_MASRA_Thierry_D_.pdf
2026-08-07 19:27:27 [ERROR]  Erreur scan YARA sur C:\Users\DELL LATITUDE 5420\OneDrive\Bureau\Retour avec Dieu à côté\GGG__Autres docs\Old_ref_&_study_plan\Reference_I_Letter_of_recommandation_MASRA_Thierry_D.pdf : could not open file "C:\Users\DELL LATITUDE 5420\OneDrive\Bureau\Retour avec Dieu à côté\GGG__Autres docs\Old_ref_&_study_plan\Reference_I_Letter_of_recommandation_MASRA_Thierry_D.pdf"
2026-08-07 19:27:27 [WARNING] MENACE : None → Reference_I_Letter_of_recommandation_MASRA_Thierry_D.pdf
2026-08-07 19:27:27 [ERROR]  Erreur scan YARA sur C:\Users\DELL LATITUDE 5420\OneDrive\Bureau\Retour avec Dieu à côté\GGG__Autres docs\Old_ref_&_study_plan\Study_plan_MASRA_Thierry_D.pdf : could not open file "C:\Users\DELL LATITUDE 5420\OneDrive\Bureau\Retour avec Dieu à côté\GGG__Autres docs\Old_ref_&_study_plan\Study_plan_MASRA_Thierry_D.pdf"
2026-08-07 19:27:27 [WARNING] MENACE : None → Study_plan_MASRA_Thierry_D.pdf
2026-08-07 19:27:27 [ERROR]  Erreur scan YARA sur C:\Users\DELL LATITUDE 5420\OneDrive\Bureau\Retour avec Dieu à côté\BBB__Autres bourses\AMCI\Attestation d'inscription.pdf : could not open file "C:\Users\DELL LATITUDE 5420\OneDrive\Bureau\Retour avec Dieu à côté\BBB__Autres bourses\AMCI\Attestation d'inscription.pdf"
2026-08-07 19:27:27 [WARNING] MENACE : None → Attestation d'inscription.pdf
2026-08-07 19:27:27 [ERROR]  Erreur scan YARA sur C:\Users\DELL LATITUDE 5420\OneDrive\Bureau\Retour avec Dieu à côté\BBB__Autres bourses\AMCI\Diplôme BAC.pdf : could not open file "C:\Users\DELL LATITUDE 5420\OneDrive\Bureau\Retour avec Dieu à côté\BBB__Autres bourses\AMCI\Diplôme BAC.pdf"
2026-08-07 19:27:27 [WARNING] MENACE : None → Diplôme BAC.pdf
2026-08-07 19:27:27 [ERROR]  Erreur scan YARA sur C:\Users\DELL LATITUDE 5420\OneDrive\Bureau\Retour avec Dieu à côté\BBB__Autres bourses\AMCI\Passport_MASRA_T.pdf : could not open file "C:\Users\DELL LATITUDE 5420\OneDrive\Bureau\Retour avec Dieu à côté\BBB__Autres bourses\AMCI\Passport_MASRA_T.pdf"
2026-08-07 19:27:27 [WARNING] MENACE : None → Passport_MASRA_T.pdf
2026-08-07 19:27:27 [ERROR]  Erreur scan YARA sur C:\Users\DELL LATITUDE 5420\OneDrive\Bureau\Retour avec Dieu à côté\BBB__Autres bourses\AMCI\Relevés de notes.pdf : could not open file "C:\Users\DELL LATITUDE 5420\OneDrive\Bureau\Retour avec Dieu à côté\BBB__Autres bourses\AMCI\Relevés de notes.pdf"
2026-08-07 19:27:27 [WARNING] MENACE : None → Relevés de notes.pdf
2026-08-07 19:27:27 [ERROR]  Erreur scan YARA sur C:\Users\DELL LATITUDE 5420\OneDrive\Bureau\Retour avec Dieu à côté\BBB__Autres bourses\AMCI\Sej_card.pdf : could not open file "C:\Users\DELL LATITUDE 5420\OneDrive\Bureau\Retour avec Dieu à côté\BBB__Autres bourses\AMCI\Sej_card.pdf"
2026-08-07 19:27:27 [WARNING] MENACE : None → Sej_card.pdf
2026-08-07 19:27:27 [ERROR]  Erreur scan YARA sur C:\Users\DELL LATITUDE 5420\OneDrive\Bureau\Retour avec Dieu à côté\BBB__Autres bourses\Inde ICCR\Fitness.pdf : could not open file "C:\Users\DELL LATITUDE 5420\OneDrive\Bureau\Retour avec Dieu à côté\BBB__Autres bourses\Inde ICCR\Fitness.pdf"
2026-08-07 19:27:27 [WARNING] MENACE : None → Fitness.pdf
2026-08-07 19:27:27 [ERROR]  Erreur scan YARA sur C:\Users\DELL LATITUDE 5420\OneDrive\Bureau\Retour avec Dieu à côté\BBB__Autres bourses\Inde ICCR\Policy_Guidelines.pdf : could not open file "C:\Users\DELL LATITUDE 5420\OneDrive\Bureau\Retour avec Dieu à côté\BBB__Autres bourses\Inde ICCR\Policy_Guidelines.pdf"
2026-08-07 19:27:27 [WARNING] MENACE : None → Policy_Guidelines.pdf
2026-08-07 19:27:27 [ERROR]  Erreur scan YARA sur C:\Users\DELL LATITUDE 5420\OneDrive\Bureau\Retour avec Dieu à côté\BBB__Autres bourses\Turkie\26TD003809_SummaryPDFEn.pdf : could not open file "C:\Users\DELL LATITUDE 5420\OneDrive\Bureau\Retour avec Dieu à côté\BBB__Autres bourses\Turkie\26TD003809_SummaryPDFEn.pdf"
2026-08-07 19:27:27 [WARNING] MENACE : None → 26TD003809_SummaryPDFEn.pdf
2026-08-07 19:27:27 [ERROR]  Erreur scan YARA sur C:\Users\DELL LATITUDE 5420\OneDrive\Bureau\Retour avec Dieu à côté\BBB__Autres bourses\Turkie\Lettre de recommandation.pdf : could not open file "C:\Users\DELL LATITUDE 5420\OneDrive\Bureau\Retour avec Dieu à côté\BBB__Autres bourses\Turkie\Lettre de recommandation.pdf"
2026-08-07 19:27:27 [WARNING] MENACE : None → Lettre de recommandation.pdf
2026-08-07 19:27:27 [ERROR]  Erreur scan YARA sur C:\Users\DELL LATITUDE 5420\OneDrive\Bureau\Retour avec Dieu à côté\BBB__Autres bourses\Turkie\AAA_ Phases accomplies\26TD003809_SummaryPDFEn.pdf : could not open file "C:\Users\DELL LATITUDE 5420\OneDrive\Bureau\Retour avec Dieu à côté\BBB__Autres bourses\Turkie\AAA_ Phases accomplies\26TD003809_SummaryPDFEn.pdf"
2026-08-07 19:27:27 [WARNING] MENACE : None → 26TD003809_SummaryPDFEn.pdf
2026-08-07 19:27:28 [ERROR]  Erreur scan YARA sur C:\Users\DELL LATITUDE 5420\OneDrive\Bureau\Retour avec Dieu à côté\BBB__Autres bourses\Turkie\Certifs qualifications\Attestation concours art oratoire.pdf : could not open file "C:\Users\DELL LATITUDE 5420\OneDrive\Bureau\Retour avec Dieu à côté\BBB__Autres bourses\Turkie\Certifs qualifications\Attestation concours art oratoire.pdf"
2026-08-07 19:27:28 [WARNING] MENACE : None → Attestation concours art oratoire.pdf
2026-08-07 19:27:29 [ERROR]  Erreur scan YARA sur C:\Users\DELL LATITUDE 5420\OneDrive\Bureau\Retour avec Dieu à côté\BBB__Autres bourses\Turkie\Certifs qualifications\certf prem class.pdf : could not open file "C:\Users\DELL LATITUDE 5420\OneDrive\Bureau\Retour avec Dieu à côté\BBB__Autres bourses\Turkie\Certifs qualifications\certf prem class.pdf"
2026-08-07 19:27:29 [WARNING] MENACE : None → certf prem class.pdf
2026-08-07 19:27:30 [ERROR]  Erreur scan YARA sur C:\Users\DELL LATITUDE 5420\OneDrive\Bureau\Retour avec Dieu à côté\BBB__Autres bourses\Turkie\Certifs qualifications\Certif_prem.png : could not open file "C:\Users\DELL LATITUDE 5420\OneDrive\Bureau\Retour avec Dieu à côté\BBB__Autres bourses\Turkie\Certifs qualifications\Certif_prem.png"
2026-08-07 19:27:30 [WARNING] MENACE : None → Certif_prem.png
2026-08-07 19:27:30 [ERROR]  Erreur scan YARA sur C:\Users\DELL LATITUDE 5420\OneDrive\Bureau\Retour avec Dieu à côté\BBB__Autres bourses\Turkie\Certifs qualifications\MASRA THIERRY DOROBE-Hackathon.pdf : could not open file "C:\Users\DELL LATITUDE 5420\OneDrive\Bureau\Retour avec Dieu à côté\BBB__Autres bourses\Turkie\Certifs qualifications\MASRA THIERRY DOROBE-Hackathon.pdf"
2026-08-07 19:27:30 [WARNING] MENACE : None → MASRA THIERRY DOROBE-Hackathon.pdf
2026-08-07 19:27:30 [ERROR]  Erreur scan YARA sur C:\Users\DELL LATITUDE 5420\OneDrive\Bureau\Retour avec Dieu à côté\BBB__Autres bourses\Turkie\CV\CV_Masra_Thierry.pdf : could not open file "C:\Users\DELL LATITUDE 5420\OneDrive\Bureau\Retour avec Dieu à côté\BBB__Autres bourses\Turkie\CV\CV_Masra_Thierry.pdf"
2026-08-07 19:27:30 [WARNING] MENACE : None → CV_Masra_Thierry.pdf
2026-08-07 19:27:30 [ERROR]  Erreur scan YARA sur C:\Users\DELL LATITUDE 5420\OneDrive\Bureau\Retour avec Dieu à côté\BBB__Autres bourses\Paris-Saclay Master Only\AAA__ Phase accomplie\Screenshot 2026-03-15 092103.png : could not open file "C:\Users\DELL LATITUDE 5420\OneDrive\Bureau\Retour avec Dieu à côté\BBB__Autres bourses\Paris-Saclay Master Only\AAA__ Phase accomplie\Screenshot 2026-03-15 092103.png"
2026-08-07 19:27:30 [WARNING] MENACE : None → Screenshot 2026-03-15 092103.png
2026-08-07 19:27:30 [ERROR]  Erreur scan YARA sur C:\Users\DELL LATITUDE 5420\OneDrive\Bureau\Retour avec Dieu à côté\BBB__Autres bourses\Paris-Saclay Master Only\AAA__ Phase accomplie\Screenshot 2026-03-15 092118.png : could not open file "C:\Users\DELL LATITUDE 5420\OneDrive\Bureau\Retour avec Dieu à côté\BBB__Autres bourses\Paris-Saclay Master Only\AAA__ Phase accomplie\Screenshot 2026-03-15 092118.png"
2026-08-07 19:27:30 [WARNING] MENACE : None → Screenshot 2026-03-15 092118.png
2026-08-07 19:27:30 [ERROR]  Erreur scan YARA sur C:\Users\DELL LATITUDE 5420\OneDrive\Bureau\Retour avec Dieu à côté\BBB__Autres bourses\Paris-Saclay Master Only\AAA__ Phase accomplie\Screenshot 2026-03-15 092135.png : could not open file "C:\Users\DELL LATITUDE 5420\OneDrive\Bureau\Retour avec Dieu à côté\BBB__Autres bourses\Paris-Saclay Master Only\AAA__ Phase accomplie\Screenshot 2026-03-15 092135.png"
2026-08-07 19:27:30 [WARNING] MENACE : None → Screenshot 2026-03-15 092135.png
2026-08-07 19:27:30 [ERROR]  Erreur scan YARA sur C:\Users\DELL LATITUDE 5420\OneDrive\Bureau\Retour avec Dieu à côté\BBB__Autres bourses\Paris-Saclay Master Only\AAA__ Phase accomplie\Screenshot 2026-03-15 092153.png : could not open file "C:\Users\DELL LATITUDE 5420\OneDrive\Bureau\Retour avec Dieu à côté\BBB__Autres bourses\Paris-Saclay Master Only\AAA__ Phase accomplie\Screenshot 2026-03-15 092153.png"
2026-08-07 19:27:30 [WARNING] MENACE : None → Screenshot 2026-03-15 092153.png
2026-08-07 19:27:30 [ERROR]  Erreur scan YARA sur C:\Users\DELL LATITUDE 5420\OneDrive\Bureau\Retour avec Dieu à côté\BBB__Autres bourses\Paris-Saclay Master Only\AAA__ Phase accomplie\Screenshot 2026-03-15 092211.png : could not open file "C:\Users\DELL LATITUDE 5420\OneDrive\Bureau\Retour avec Dieu à côté\BBB__Autres bourses\Paris-Saclay Master Only\AAA__ Phase accomplie\Screenshot 2026-03-15 092211.png"
2026-08-07 19:27:30 [WARNING] MENACE : None → Screenshot 2026-03-15 092211.png
2026-08-07 19:27:30 [ERROR]  Erreur scan YARA sur C:\Users\DELL LATITUDE 5420\OneDrive\Bureau\Retour avec Dieu à côté\BBB__Autres bourses\Paris-Saclay Master Only\AAA__ Phase accomplie\Screenshot 2026-03-15 092222.png : could not open file "C:\Users\DELL LATITUDE 5420\OneDrive\Bureau\Retour avec Dieu à côté\BBB__Autres bourses\Paris-Saclay Master Only\AAA__ Phase accomplie\Screenshot 2026-03-15 092222.png"
2026-08-07 19:27:30 [WARNING] MENACE : None → Screenshot 2026-03-15 092222.png
2026-08-07 19:27:30 [ERROR]  Erreur scan YARA sur C:\Users\DELL LATITUDE 5420\OneDrive\Bureau\Retour avec Dieu à côté\BBB__Autres bourses\Paris-Saclay Master Only\AAA__ Phase accomplie\Screenshot 2026-03-15 092239.png : could not open file "C:\Users\DELL LATITUDE 5420\OneDrive\Bureau\Retour avec Dieu à côté\BBB__Autres bourses\Paris-Saclay Master Only\AAA__ Phase accomplie\Screenshot 2026-03-15 092239.png"
2026-08-07 19:27:30 [WARNING] MENACE : None → Screenshot 2026-03-15 092239.png
2026-08-07 19:27:30 [ERROR]  Erreur scan YARA sur C:\Users\DELL LATITUDE 5420\OneDrive\Bureau\Retour avec Dieu à côté\BBB__Autres bourses\Paris-Saclay Master Only\AAA__ Phase accomplie\Screenshot 2026-03-15 092249.png : could not open file "C:\Users\DELL LATITUDE 5420\OneDrive\Bureau\Retour avec Dieu à côté\BBB__Autres bourses\Paris-Saclay Master Only\AAA__ Phase accomplie\Screenshot 2026-03-15 092249.png"
2026-08-07 19:27:30 [WARNING] MENACE : None → Screenshot 2026-03-15 092249.png
2026-08-07 19:27:30 [ERROR]  Erreur scan YARA sur C:\Users\DELL LATITUDE 5420\OneDrive\Bureau\Retour avec Dieu à côté\BBB__Autres bourses\Paris-Saclay Master Only\AAA__ Phase accomplie\Screenshot 2026-03-15 092258.png : could not open file "C:\Users\DELL LATITUDE 5420\OneDrive\Bureau\Retour avec Dieu à côté\BBB__Autres bourses\Paris-Saclay Master Only\AAA__ Phase accomplie\Screenshot 2026-03-15 092258.png"
2026-08-07 19:27:30 [WARNING] MENACE : None → Screenshot 2026-03-15 092258.png
2026-08-07 19:27:30 [ERROR]  Erreur scan YARA sur C:\Users\DELL LATITUDE 5420\OneDrive\Bureau\Retour avec Dieu à côté\BBB__Autres bourses\Paris-Saclay Master Only\AAA__ Phase accomplie\Screenshot 2026-03-15 092306.png : could not open file "C:\Users\DELL LATITUDE 5420\OneDrive\Bureau\Retour avec Dieu à côté\BBB__Autres bourses\Paris-Saclay Master Only\AAA__ Phase accomplie\Screenshot 2026-03-15 092306.png"
2026-08-07 19:27:30 [WARNING] MENACE : None → Screenshot 2026-03-15 092306.png
2026-08-07 19:27:30 [ERROR]  Erreur scan YARA sur C:\Users\DELL LATITUDE 5420\OneDrive\Bureau\Retour avec Dieu à côté\BBB__Autres bourses\Paris-Saclay Master Only\AAA__ Phase accomplie\Screenshot 2026-03-15 092319.png : could not open file "C:\Users\DELL LATITUDE 5420\OneDrive\Bureau\Retour avec Dieu à côté\BBB__Autres bourses\Paris-Saclay Master Only\AAA__ Phase accomplie\Screenshot 2026-03-15 092319.png"
2026-08-07 19:27:30 [WARNING] MENACE : None → Screenshot 2026-03-15 092319.png
2026-08-07 19:27:30 [ERROR]  Erreur scan YARA sur C:\Users\DELL LATITUDE 5420\OneDrive\Bureau\Retour avec Dieu à côté\BBB__Autres bourses\Paris-Saclay Master Only\AAA__ Phase accomplie\Screenshot 2026-03-15 092329.png : could not open file "C:\Users\DELL LATITUDE 5420\OneDrive\Bureau\Retour avec Dieu à côté\BBB__Autres bourses\Paris-Saclay Master Only\AAA__ Phase accomplie\Screenshot 2026-03-15 092329.png"
2026-08-07 19:27:30 [WARNING] MENACE : None → Screenshot 2026-03-15 092329.png
2026-08-07 19:27:30 [ERROR]  Erreur scan YARA sur C:\Users\DELL LATITUDE 5420\OneDrive\Bureau\Retour avec Dieu à côté\BBB__Autres bourses\Paris-Saclay Master Only\AAA__ Phase accomplie\Screenshot 2026-03-15 092359.png : could not open file "C:\Users\DELL LATITUDE 5420\OneDrive\Bureau\Retour avec Dieu à côté\BBB__Autres bourses\Paris-Saclay Master Only\AAA__ Phase accomplie\Screenshot 2026-03-15 092359.png"
2026-08-07 19:27:30 [WARNING] MENACE : None → Screenshot 2026-03-15 092359.png
2026-08-07 19:27:30 [ERROR]  Erreur scan YARA sur C:\Users\DELL LATITUDE 5420\OneDrive\Bureau\Retour avec Dieu à côté\BBB__Autres bourses\Paris-Saclay Master Only\AAA__ Phase accomplie\Screenshot 2026-03-15 092416.png : could not open file "C:\Users\DELL LATITUDE 5420\OneDrive\Bureau\Retour avec Dieu à côté\BBB__Autres bourses\Paris-Saclay Master Only\AAA__ Phase accomplie\Screenshot 2026-03-15 092416.png"
2026-08-07 19:27:30 [WARNING] MENACE : None → Screenshot 2026-03-15 092416.png
2026-08-07 19:27:30 [ERROR]  Erreur scan YARA sur C:\Users\DELL LATITUDE 5420\OneDrive\Bureau\Retour avec Dieu à côté\BBB__Autres bourses\Paris-Saclay Master Only\AAA__ Phase accomplie\Screenshot 2026-03-15 092426.png : could not open file "C:\Users\DELL LATITUDE 5420\OneDrive\Bureau\Retour avec Dieu à côté\BBB__Autres bourses\Paris-Saclay Master Only\AAA__ Phase accomplie\Screenshot 2026-03-15 092426.png"
2026-08-07 19:27:30 [WARNING] MENACE : None → Screenshot 2026-03-15 092426.png
2026-08-07 19:27:30 [ERROR]  Erreur scan YARA sur C:\Users\DELL LATITUDE 5420\OneDrive\Bureau\Retour avec Dieu à côté\BBB__Autres bourses\Paris-Saclay Master Only\AAA__ Phase accomplie\Screenshot 2026-03-15 092433.png : could not open file "C:\Users\DELL LATITUDE 5420\OneDrive\Bureau\Retour avec Dieu à côté\BBB__Autres bourses\Paris-Saclay Master Only\AAA__ Phase accomplie\Screenshot 2026-03-15 092433.png"
2026-08-07 19:27:30 [WARNING] MENACE : None → Screenshot 2026-03-15 092433.png
2026-08-07 19:27:30 [ERROR]  Erreur scan YARA sur C:\Users\DELL LATITUDE 5420\OneDrive\Bureau\Retour avec Dieu à côté\BBB__Autres bourses\Paris-Saclay Master Only\AAA__ Phase accomplie\Screenshot 2026-03-15 092453.png : could not open file "C:\Users\DELL LATITUDE 5420\OneDrive\Bureau\Retour avec Dieu à côté\BBB__Autres bourses\Paris-Saclay Master Only\AAA__ Phase accomplie\Screenshot 2026-03-15 092453.png"
2026-08-07 19:27:30 [WARNING] MENACE : None → Screenshot 2026-03-15 092453.png
2026-08-07 19:27:30 [ERROR]  Erreur scan YARA sur C:\Users\DELL LATITUDE 5420\OneDrive\Bureau\Retour avec Dieu à côté\BBB__Autres bourses\Paris-Saclay Master Only\AAA__ Phase accomplie\Screenshot 2026-03-15 092512.png : could not open file "C:\Users\DELL LATITUDE 5420\OneDrive\Bureau\Retour avec Dieu à côté\BBB__Autres bourses\Paris-Saclay Master Only\AAA__ Phase accomplie\Screenshot 2026-03-15 092512.png"
2026-08-07 19:27:30 [WARNING] MENACE : None → Screenshot 2026-03-15 092512.png
2026-08-07 19:27:30 [ERROR]  Erreur scan YARA sur C:\Users\DELL LATITUDE 5420\OneDrive\Bureau\Retour avec Dieu à côté\BBB__Autres bourses\Paris-Saclay Master Only\Candidat\Capture d'écran 2026-02-17 204723.png : could not open file "C:\Users\DELL LATITUDE 5420\OneDrive\Bureau\Retour avec Dieu à côté\BBB__Autres bourses\Paris-Saclay Master Only\Candidat\Capture d'écran 2026-02-17 204723.png"
2026-08-07 19:27:30 [WARNING] MENACE : None → Capture d'écran 2026-02-17 204723.png
2026-08-07 19:27:30 [ERROR]  Erreur scan YARA sur C:\Users\DELL LATITUDE 5420\OneDrive\Bureau\Retour avec Dieu à côté\BBB__Autres bourses\Paris-Saclay Master Only\Candidat\Capture d'écran 2026-02-17 205048.png : could not open file "C:\Users\DELL LATITUDE 5420\OneDrive\Bureau\Retour avec Dieu à côté\BBB__Autres bourses\Paris-Saclay Master Only\Candidat\Capture d'écran 2026-02-17 205048.png"
2026-08-07 19:27:30 [WARNING] MENACE : None → Capture d'écran 2026-02-17 205048.png
2026-08-07 19:27:30 [ERROR]  Erreur scan YARA sur C:\Users\DELL LATITUDE 5420\OneDrive\Bureau\Retour avec Dieu à côté\BBB__Autres bourses\Paris-Saclay Master Only\Candidat\Capture d'écran 2026-02-17 205229.png : could not open file "C:\Users\DELL LATITUDE 5420\OneDrive\Bureau\Retour avec Dieu à côté\BBB__Autres bourses\Paris-Saclay Master Only\Candidat\Capture d'écran 2026-02-17 205229.png"
2026-08-07 19:27:30 [WARNING] MENACE : None → Capture d'écran 2026-02-17 205229.png
2026-08-07 19:27:30 [ERROR]  Erreur scan YARA sur C:\Users\DELL LATITUDE 5420\OneDrive\Bureau\Retour avec Dieu à côté\BBB__Autres bourses\Paris-Saclay Master Only\Candidat\Capture d'écran 2026-02-17 205456.png : could not open file "C:\Users\DELL LATITUDE 5420\OneDrive\Bureau\Retour avec Dieu à côté\BBB__Autres bourses\Paris-Saclay Master Only\Candidat\Capture d'écran 2026-02-17 205456.png"
2026-08-07 19:27:30 [WARNING] MENACE : None → Capture d'écran 2026-02-17 205456.png
2026-08-07 19:27:30 [ERROR]  Erreur scan YARA sur C:\Users\DELL LATITUDE 5420\OneDrive\Bureau\Retour avec Dieu à côté\BBB__Autres bourses\Paris-Saclay Master Only\Candidat\Capture d'écran 2026-02-17 220458.png : could not open file "C:\Users\DELL LATITUDE 5420\OneDrive\Bureau\Retour avec Dieu à côté\BBB__Autres bourses\Paris-Saclay Master Only\Candidat\Capture d'écran 2026-02-17 220458.png"
2026-08-07 19:27:30 [WARNING] MENACE : None → Capture d'écran 2026-02-17 220458.png
2026-08-07 19:27:31 [ERROR]  Erreur scan YARA sur C:\Users\DELL LATITUDE 5420\OneDrive\Bureau\Retour avec Dieu à côté\BBB__Autres bourses\Paris-Saclay Master Only\Candidat\Capture d'écran 2026-02-17 220551.png : could not open file "C:\Users\DELL LATITUDE 5420\OneDrive\Bureau\Retour avec Dieu à côté\BBB__Autres bourses\Paris-Saclay Master Only\Candidat\Capture d'écran 2026-02-17 220551.png"
2026-08-07 19:27:31 [WARNING] MENACE : None → Capture d'écran 2026-02-17 220551.png
2026-08-07 19:27:31 [ERROR]  Erreur scan YARA sur C:\Users\DELL LATITUDE 5420\OneDrive\Bureau\Retour avec Dieu à côté\BBB__Autres bourses\Paris-Saclay Master Only\Candidat\Capture d'écran 2026-02-17 221021.png : could not open file "C:\Users\DELL LATITUDE 5420\OneDrive\Bureau\Retour avec Dieu à côté\BBB__Autres bourses\Paris-Saclay Master Only\Candidat\Capture d'écran 2026-02-17 221021.png"
2026-08-07 19:27:31 [WARNING] MENACE : None → Capture d'écran 2026-02-17 221021.png
2026-08-07 19:27:31 [ERROR]  Erreur scan YARA sur C:\Users\DELL LATITUDE 5420\OneDrive\Bureau\Retour avec Dieu à côté\BBB__Autres bourses\Paris-Saclay Master Only\Candidat\Screenshot 2026-02-27 144040.png : could not open file "C:\Users\DELL LATITUDE 5420\OneDrive\Bureau\Retour avec Dieu à côté\BBB__Autres bourses\Paris-Saclay Master Only\Candidat\Screenshot 2026-02-27 144040.png"
2026-08-07 19:27:31 [WARNING] MENACE : None → Screenshot 2026-02-27 144040.png
2026-08-07 19:27:31 [ERROR]  Erreur scan YARA sur C:\Users\DELL LATITUDE 5420\OneDrive\Bureau\Retour avec Dieu à côté\BBB__Autres bourses\Paris-Saclay Master Only\Docs\fiche_de_choix_m1_informatique_site_versailles_completée.pdf : could not open file "C:\Users\DELL LATITUDE 5420\OneDrive\Bureau\Retour avec Dieu à côté\BBB__Autres bourses\Paris-Saclay Master Only\Docs\fiche_de_choix_m1_informatique_site_versailles_completée.pdf"
2026-08-07 19:27:31 [WARNING] MENACE : None → fiche_de_choix_m1_informatique_site_versailles_completée.pdf
2026-08-07 19:27:31 [ERROR]  Erreur scan YARA sur C:\Users\DELL LATITUDE 5420\OneDrive\Bureau\Retour avec Dieu à côté\BBB__Autres bourses\Paris-Saclay Master Only\Infos Bourse\Capture d'écran 2026-02-17 222954.png : could not open file "C:\Users\DELL LATITUDE 5420\OneDrive\Bureau\Retour avec Dieu à côté\BBB__Autres bourses\Paris-Saclay Master Only\Infos Bourse\Capture d'écran 2026-02-17 222954.png"
2026-08-07 19:27:31 [WARNING] MENACE : None → Capture d'écran 2026-02-17 222954.png
2026-08-07 19:27:31 [ERROR]  Erreur scan YARA sur C:\Users\DELL LATITUDE 5420\OneDrive\Bureau\Retour avec Dieu à côté\BBB__Autres bourses\Paris-Saclay Master Only\Infos Bourse\Capture d'écran 2026-02-17 223059.png : could not open file "C:\Users\DELL LATITUDE 5420\OneDrive\Bureau\Retour avec Dieu à côté\BBB__Autres bourses\Paris-Saclay Master Only\Infos Bourse\Capture d'écran 2026-02-17 223059.png"
2026-08-07 19:27:31 [WARNING] MENACE : None → Capture d'écran 2026-02-17 223059.png
2026-08-07 19:27:31 [ERROR]  Erreur scan YARA sur C:\Users\DELL LATITUDE 5420\OneDrive\Bureau\Retour avec Dieu à côté\BBB__Autres bourses\Paris-Saclay Master Only\Infos Bourse\reglementation_du_programme_de_bourses_internationales_de_master_universite_paris-saclay.pdf : could not open file "C:\Users\DELL LATITUDE 5420\OneDrive\Bureau\Retour avec Dieu à côté\BBB__Autres bourses\Paris-Saclay Master Only\Infos Bourse\reglementation_du_programme_de_bourses_internationales_de_master_universite_paris-saclay.pdf"
2026-08-07 19:27:31 [WARNING] MENACE : None → reglementation_du_programme_de_bourses_internationales_de_master_universite_paris-saclay.pdf
2026-08-07 19:27:31 [ERROR]  Erreur scan YARA sur C:\Users\DELL LATITUDE 5420\OneDrive\Bureau\Retour avec Dieu à côté\BBB__Autres bourses\Paris-Saclay Master Only\Motiv letter\Lettre de motivation_OK.pdf : could not open file "C:\Users\DELL LATITUDE 5420\OneDrive\Bureau\Retour avec Dieu à côté\BBB__Autres bourses\Paris-Saclay Master Only\Motiv letter\Lettre de motivation_OK.pdf"
2026-08-07 19:27:31 [WARNING] MENACE : None → Lettre de motivation_OK.pdf
2026-08-07 19:27:31 [ERROR]  Erreur scan YARA sur C:\Users\DELL LATITUDE 5420\OneDrive\Bureau\Retour avec Dieu à côté\BBB__Autres bourses\Paris-Saclay Master Only\Volume horaire\Volume horaire_OK.pdf : could not open file "C:\Users\DELL LATITUDE 5420\OneDrive\Bureau\Retour avec Dieu à côté\BBB__Autres bourses\Paris-Saclay Master Only\Volume horaire\Volume horaire_OK.pdf"
2026-08-07 19:27:31 [WARNING] MENACE : None → Volume horaire_OK.pdf
2026-08-07 19:27:31 [ERROR]  Erreur scan YARA sur C:\Users\DELL LATITUDE 5420\OneDrive\Bureau\Retour avec Dieu à côté\BBB__Autres bourses\Paris-Saclay Master Only\Motiv letter\Signature\IMG20260306162034-removebg-preview.png : could not open file "C:\Users\DELL LATITUDE 5420\OneDrive\Bureau\Retour avec Dieu à côté\BBB__Autres bourses\Paris-Saclay Master Only\Motiv letter\Signature\IMG20260306162034-removebg-preview.png"
2026-08-07 19:27:31 [WARNING] MENACE : None → IMG20260306162034-removebg-preview.png
2026-08-07 19:27:31 [ERROR]  Erreur scan YARA sur C:\Users\DELL LATITUDE 5420\OneDrive\Bureau\Retour avec Dieu à côté\BBB__Autres bourses\Paris-Saclay Master Only\Docs\Bac et Relevés\Attestation de scolarité.pdf : could not open file "C:\Users\DELL LATITUDE 5420\OneDrive\Bureau\Retour avec Dieu à côté\BBB__Autres bourses\Paris-Saclay Master Only\Docs\Bac et Relevés\Attestation de scolarité.pdf"
2026-08-07 19:27:31 [WARNING] MENACE : None → Attestation de scolarité.pdf
2026-08-07 19:27:31 [ERROR]  Erreur scan YARA sur C:\Users\DELL LATITUDE 5420\OneDrive\Bureau\Retour avec Dieu à côté\BBB__Autres bourses\Paris-Saclay Master Only\Docs\Bac et Relevés\Diplôme BAC.pdf : could not open file "C:\Users\DELL LATITUDE 5420\OneDrive\Bureau\Retour avec Dieu à côté\BBB__Autres bourses\Paris-Saclay Master Only\Docs\Bac et Relevés\Diplôme BAC.pdf"
2026-08-07 19:27:31 [WARNING] MENACE : None → Diplôme BAC.pdf
2026-08-07 19:27:31 [ERROR]  Erreur scan YARA sur C:\Users\DELL LATITUDE 5420\OneDrive\Bureau\Retour avec Dieu à côté\BBB__Autres bourses\Paris-Saclay Master Only\Docs\Bac et Relevés\Relevés de notes.pdf : could not open file "C:\Users\DELL LATITUDE 5420\OneDrive\Bureau\Retour avec Dieu à côté\BBB__Autres bourses\Paris-Saclay Master Only\Docs\Bac et Relevés\Relevés de notes.pdf"
2026-08-07 19:27:31 [WARNING] MENACE : None → Relevés de notes.pdf
2026-08-07 19:27:31 [ERROR]  Erreur scan YARA sur C:\Users\DELL LATITUDE 5420\OneDrive\Bureau\Retour avec Dieu à côté\BBB__Autres bourses\Paris-Saclay Master Only\Docs\CV\blzck_Ful de CV (1).pdf : could not open file "C:\Users\DELL LATITUDE 5420\OneDrive\Bureau\Retour avec Dieu à côté\BBB__Autres bourses\Paris-Saclay Master Only\Docs\CV\blzck_Ful de CV (1).pdf"
2026-08-07 19:27:31 [WARNING] MENACE : None → blzck_Ful de CV (1).pdf
2026-08-07 19:27:31 [ERROR]  Erreur scan YARA sur C:\Users\DELL LATITUDE 5420\OneDrive\Bureau\Retour avec Dieu à côté\BBB__Autres bourses\Paris-Saclay Master Only\Docs\CV\Ful de CV.pdf : could not open file "C:\Users\DELL LATITUDE 5420\OneDrive\Bureau\Retour avec Dieu à côté\BBB__Autres bourses\Paris-Saclay Master Only\Docs\CV\Ful de CV.pdf"
2026-08-07 19:27:31 [WARNING] MENACE : None → Ful de CV.pdf
2026-08-07 19:27:31 [ERROR]  Erreur scan YARA sur C:\Users\DELL LATITUDE 5420\OneDrive\Bureau\Retour avec Dieu à côté\BBB__Autres bourses\Paris-Saclay Master Only\Docs\CV\red_Ful de CV.pdf : could not open file "C:\Users\DELL LATITUDE 5420\OneDrive\Bureau\Retour avec Dieu à côté\BBB__Autres bourses\Paris-Saclay Master Only\Docs\CV\red_Ful de CV.pdf"
2026-08-07 19:27:31 [WARNING] MENACE : None → red_Ful de CV.pdf
2026-08-07 19:27:31 [ERROR]  Erreur scan YARA sur C:\Users\DELL LATITUDE 5420\OneDrive\Bureau\Retour avec Dieu à côté\BBB__Autres bourses\Paris-Saclay Master Only\Docs\ID\Photo_MASRA_T.png : could not open file "C:\Users\DELL LATITUDE 5420\OneDrive\Bureau\Retour avec Dieu à côté\BBB__Autres bourses\Paris-Saclay Master Only\Docs\ID\Photo_MASRA_T.png"
2026-08-07 19:27:31 [WARNING] MENACE : None → Photo_MASRA_T.png
2026-08-07 19:27:31 [ERROR]  Erreur scan YARA sur C:\Users\DELL LATITUDE 5420\OneDrive\Bureau\Retour avec Dieu à côté\BBB__Autres bourses\Paris-Saclay Master Only\Docs\ID\Sej_card.pdf : could not open file "C:\Users\DELL LATITUDE 5420\OneDrive\Bureau\Retour avec Dieu à côté\BBB__Autres bourses\Paris-Saclay Master Only\Docs\ID\Sej_card.pdf"
2026-08-07 19:27:31 [WARNING] MENACE : None → Sej_card.pdf
2026-08-07 19:27:32 [ERROR]  Erreur scan YARA sur C:\Users\DELL LATITUDE 5420\OneDrive\Bureau\Retour avec Dieu à côté\BBB__Autres bourses\Paris-Saclay Master Only\Docs\Ref s\Lettre recommandation\AYOUB.png : could not open file "C:\Users\DELL LATITUDE 5420\OneDrive\Bureau\Retour avec Dieu à côté\BBB__Autres bourses\Paris-Saclay Master Only\Docs\Ref s\Lettre recommandation\AYOUB.png"
2026-08-07 19:27:32 [WARNING] MENACE : None → AYOUB.png
2026-08-07 19:27:32 [ERROR]  Erreur scan YARA sur C:\Users\DELL LATITUDE 5420\OneDrive\Bureau\Retour avec Dieu à côté\BBB__Autres bourses\Paris-Saclay Master Only\Docs\Ref s\Lettre recommandation\Lettre de recommandation_2.pdf : could not open file "C:\Users\DELL LATITUDE 5420\OneDrive\Bureau\Retour avec Dieu à côté\BBB__Autres bourses\Paris-Saclay Master Only\Docs\Ref s\Lettre recommandation\Lettre de recommandation_2.pdf"
2026-08-07 19:27:32 [WARNING] MENACE : None → Lettre de recommandation_2.pdf
2026-08-07 19:27:32 [ERROR]  Erreur scan YARA sur C:\Users\DELL LATITUDE 5420\OneDrive\Bureau\Retour avec Dieu à côté\BBB__Autres bourses\Paris-Saclay Master Only\Docs\CV\OK\CV_Ok.pdf : could not open file "C:\Users\DELL LATITUDE 5420\OneDrive\Bureau\Retour avec Dieu à côté\BBB__Autres bourses\Paris-Saclay Master Only\Docs\CV\OK\CV_Ok.pdf"
2026-08-07 19:27:32 [WARNING] MENACE : None → CV_Ok.pdf
2026-08-07 19:27:32 [ERROR]  Erreur scan YARA sur C:\Users\DELL LATITUDE 5420\OneDrive\Bureau\Retour avec Dieu à côté\BBB__Autres bourses\Paris-Saclay Master Only\Docs\Bac et Relevés\Relevés\1ère année_relevé_notes.pdf : could not open file "C:\Users\DELL LATITUDE 5420\OneDrive\Bureau\Retour avec Dieu à côté\BBB__Autres bourses\Paris-Saclay Master Only\Docs\Bac et Relevés\Relevés\1ère année_relevé_notes.pdf"
2026-08-07 19:27:32 [WARNING] MENACE : None → 1ère année_relevé_notes.pdf
2026-08-07 19:27:32 [ERROR]  Erreur scan YARA sur C:\Users\DELL LATITUDE 5420\OneDrive\Bureau\Retour avec Dieu à côté\BBB__Autres bourses\Paris-Saclay Master Only\Docs\Bac et Relevés\Relevés\2em_année_relevé_notes.pdf : could not open file "C:\Users\DELL LATITUDE 5420\OneDrive\Bureau\Retour avec Dieu à côté\BBB__Autres bourses\Paris-Saclay Master Only\Docs\Bac et Relevés\Relevés\2em_année_relevé_notes.pdf"
2026-08-07 19:27:32 [WARNING] MENACE : None → 2em_année_relevé_notes.pdf
2026-08-07 19:27:32 [ERROR]  Erreur scan YARA sur C:\Users\DELL LATITUDE 5420\OneDrive\Bureau\Retour avec Dieu à côté\BBB__Autres bourses\Paris-Saclay Master Only\Docs\Bac et Relevés\Relevés\Bac_relevé_notes.pdf : could not open file "C:\Users\DELL LATITUDE 5420\OneDrive\Bureau\Retour avec Dieu à côté\BBB__Autres bourses\Paris-Saclay Master Only\Docs\Bac et Relevés\Relevés\Bac_relevé_notes.pdf"
2026-08-07 19:27:32 [WARNING] MENACE : None → Bac_relevé_notes.pdf
2026-08-07 19:27:33 [ERROR]  Erreur scan YARA sur C:\Users\DELL LATITUDE 5420\OneDrive\Bureau\Retour avec Dieu à côté\BBB__Autres bourses\Japan MEXT\Kyoto_out_deadline\Admissions_Guide_2026-2027_english.pdf : could not open file "C:\Users\DELL LATITUDE 5420\OneDrive\Bureau\Retour avec Dieu à côté\BBB__Autres bourses\Japan MEXT\Kyoto_out_deadline\Admissions_Guide_2026-2027_english.pdf"
2026-08-07 19:27:33 [WARNING] MENACE : None → Admissions_Guide_2026-2027_english.pdf
2026-08-07 19:27:33 [ERROR]  Erreur scan YARA sur C:\Users\DELL LATITUDE 5420\OneDrive\Bureau\Retour avec Dieu à côté\BBB__Autres bourses\Japan MEXT\Osaka\14_a_EN2027.pdf : could not open file "C:\Users\DELL LATITUDE 5420\OneDrive\Bureau\Retour avec Dieu à côté\BBB__Autres bourses\Japan MEXT\Osaka\14_a_EN2027.pdf"
2026-08-07 19:27:33 [WARNING] MENACE : None → 14_a_EN2027.pdf
2026-08-07 19:27:33 [ERROR]  Erreur scan YARA sur C:\Users\DELL LATITUDE 5420\OneDrive\Bureau\Retour avec Dieu à côté\BBB__Autres bourses\Japan MEXT\Osaka\Application quali assess.pdf : could not open file "C:\Users\DELL LATITUDE 5420\OneDrive\Bureau\Retour avec Dieu à côté\BBB__Autres bourses\Japan MEXT\Osaka\Application quali assess.pdf"
2026-08-07 19:27:33 [WARNING] MENACE : None → Application quali assess.pdf
2026-08-07 19:27:33 [ERROR]  Erreur scan YARA sur C:\Users\DELL LATITUDE 5420\OneDrive\Bureau\Retour avec Dieu à côté\BBB__Autres bourses\AMCI\Bult1\10th_grade_transcript_2020-2021_MASRA_T.pdf : could not open file "C:\Users\DELL LATITUDE 5420\OneDrive\Bureau\Retour avec Dieu à côté\BBB__Autres bourses\AMCI\Bult1\10th_grade_transcript_2020-2021_MASRA_T.pdf"
2026-08-07 19:27:33 [WARNING] MENACE : None → 10th_grade_transcript_2020-2021_MASRA_T.pdf
2026-08-07 19:27:33 [ERROR]  Erreur scan YARA sur C:\Users\DELL LATITUDE 5420\OneDrive\Bureau\Retour avec Dieu à côté\BBB__Autres bourses\AMCI\Bult1\11th_grade transcript_2021-2022_MASRA_T.pdf : could not open file "C:\Users\DELL LATITUDE 5420\OneDrive\Bureau\Retour avec Dieu à côté\BBB__Autres bourses\AMCI\Bult1\11th_grade transcript_2021-2022_MASRA_T.pdf"
2026-08-07 19:27:33 [WARNING] MENACE : None → 11th_grade transcript_2021-2022_MASRA_T.pdf
2026-08-07 19:27:34 [ERROR]  Erreur scan YARA sur C:\Users\DELL LATITUDE 5420\OneDrive\Bureau\Retour avec Dieu à côté\BBB__Autres bourses\AMCI\Bult1\12th_grade_trascript2022-2023_MASRA_T.pdf : could not open file "C:\Users\DELL LATITUDE 5420\OneDrive\Bureau\Retour avec Dieu à côté\BBB__Autres bourses\AMCI\Bult1\12th_grade_trascript2022-2023_MASRA_T.pdf"
2026-08-07 19:27:34 [WARNING] MENACE : None → 12th_grade_trascript2022-2023_MASRA_T.pdf
2026-08-07 19:27:34 [ERROR]  Erreur scan YARA sur C:\Users\DELL LATITUDE 5420\OneDrive\Bureau\Retour avec Dieu à côté\AAA__China_CSC\Others\CSCA\CSCA-Guidebook.pdf : could not open file "C:\Users\DELL LATITUDE 5420\OneDrive\Bureau\Retour avec Dieu à côté\AAA__China_CSC\Others\CSCA\CSCA-Guidebook.pdf"
2026-08-07 19:27:34 [WARNING] MENACE : None → CSCA-Guidebook.pdf
2026-08-07 19:27:34 [ERROR]  Erreur scan YARA sur C:\Users\DELL LATITUDE 5420\OneDrive\Bureau\Retour avec Dieu à côté\AAA__China_CSC\Others\Hunan University\Capture d'écran 2026-03-24 202209.png : could not open file "C:\Users\DELL LATITUDE 5420\OneDrive\Bureau\Retour avec Dieu à côté\AAA__China_CSC\Others\Hunan University\Capture d'écran 2026-03-24 202209.png"
2026-08-07 19:27:34 [WARNING] MENACE : None → Capture d'écran 2026-03-24 202209.png
2026-08-07 19:27:34 [ERROR]  Erreur scan YARA sur C:\Users\DELL LATITUDE 5420\OneDrive\Bureau\Retour avec Dieu à côté\AAA__China_CSC\Others\Hunan University\Seule filière possible pour master.png : could not open file "C:\Users\DELL LATITUDE 5420\OneDrive\Bureau\Retour avec Dieu à côté\AAA__China_CSC\Others\Hunan University\Seule filière possible pour master.png"
2026-08-07 19:27:34 [WARNING] MENACE : None → Seule filière possible pour master.png
2026-08-07 19:27:34 [ERROR]  Erreur scan YARA sur C:\Users\DELL LATITUDE 5420\OneDrive\Bureau\Retour avec Dieu à côté\AAA__China_CSC\Others\Recherches\Universités\Liste_univ_1.png : could not open file "C:\Users\DELL LATITUDE 5420\OneDrive\Bureau\Retour avec Dieu à côté\AAA__China_CSC\Others\Recherches\Universités\Liste_univ_1.png"
2026-08-07 19:27:34 [WARNING] MENACE : None → Liste_univ_1.png
2026-08-07 19:27:34 [ERROR]  Erreur scan YARA sur C:\Users\DELL LATITUDE 5420\OneDrive\Bureau\Retour avec Dieu à côté\AAA__China_CSC\Others\Recherches\Universités\Liste_univ_2.png : could not open file "C:\Users\DELL LATITUDE 5420\OneDrive\Bureau\Retour avec Dieu à côté\AAA__China_CSC\Others\Recherches\Universités\Liste_univ_2.png"
2026-08-07 19:27:34 [WARNING] MENACE : None → Liste_univ_2.png
2026-08-07 19:27:35 [ERROR]  Erreur scan YARA sur C:\Users\DELL LATITUDE 5420\OneDrive\Bureau\Retour avec Dieu à côté\AAA__China_CSC\Others\Recherches\Universités\Shandong University\Captures\Capture d'écran 2025-12-24 164632.png : could not open file "C:\Users\DELL LATITUDE 5420\OneDrive\Bureau\Retour avec Dieu à côté\AAA__China_CSC\Others\Recherches\Universités\Shandong University\Captures\Capture d'écran 2025-12-24 164632.png"
2026-08-07 19:27:35 [WARNING] MENACE : None → Capture d'écran 2025-12-24 164632.png
2026-08-07 19:27:35 [ERROR]  Erreur scan YARA sur C:\Users\DELL LATITUDE 5420\OneDrive\Bureau\Retour avec Dieu à côté\AAA__China_CSC\Others\Recherches\Universités\Shandong University\Captures\Capture d'écran 2025-12-24 164642.png : could not open file "C:\Users\DELL LATITUDE 5420\OneDrive\Bureau\Retour avec Dieu à côté\AAA__China_CSC\Others\Recherches\Universités\Shandong University\Captures\Capture d'écran 2025-12-24 164642.png"
2026-08-07 19:27:35 [WARNING] MENACE : None → Capture d'écran 2025-12-24 164642.png
2026-08-07 19:27:35 [ERROR]  Erreur scan YARA sur C:\Users\DELL LATITUDE 5420\OneDrive\Bureau\Retour avec Dieu à côté\AAA__China_CSC\Others\Recherches\Universités\Shandong University\Captures\Capture d'écran 2025-12-24 164652.png : could not open file "C:\Users\DELL LATITUDE 5420\OneDrive\Bureau\Retour avec Dieu à côté\AAA__China_CSC\Others\Recherches\Universités\Shandong University\Captures\Capture d'écran 2025-12-24 164652.png"
2026-08-07 19:27:35 [WARNING] MENACE : None → Capture d'écran 2025-12-24 164652.png
2026-08-07 19:27:35 [ERROR]  Erreur scan YARA sur C:\Users\DELL LATITUDE 5420\OneDrive\Bureau\Retour avec Dieu à côté\AAA__China_CSC\Others\Recherches\Universités\Shandong University\Captures\Capture d'écran 2025-12-24 164705.png : could not open file "C:\Users\DELL LATITUDE 5420\OneDrive\Bureau\Retour avec Dieu à côté\AAA__China_CSC\Others\Recherches\Universités\Shandong University\Captures\Capture d'écran 2025-12-24 164705.png"
2026-08-07 19:27:35 [WARNING] MENACE : None → Capture d'écran 2025-12-24 164705.png
2026-08-07 19:27:35 [ERROR]  Erreur scan YARA sur C:\Users\DELL LATITUDE 5420\OneDrive\Bureau\Retour avec Dieu à côté\AAA__China_CSC\Others\Recherches\Universités\Shandong University\Captures\Capture d'écran 2025-12-24 164717.png : could not open file "C:\Users\DELL LATITUDE 5420\OneDrive\Bureau\Retour avec Dieu à côté\AAA__China_CSC\Others\Recherches\Universités\Shandong University\Captures\Capture d'écran 2025-12-24 164717.png"
2026-08-07 19:27:35 [WARNING] MENACE : None → Capture d'écran 2025-12-24 164717.png
2026-08-07 19:27:35 [ERROR]  Erreur scan YARA sur C:\Users\DELL LATITUDE 5420\OneDrive\Bureau\Retour avec Dieu à côté\AAA__China_CSC\Others\Recherches\Universités\Shandong University\Captures\Capture d'écran 2025-12-24 164728.png : could not open file "C:\Users\DELL LATITUDE 5420\OneDrive\Bureau\Retour avec Dieu à côté\AAA__China_CSC\Others\Recherches\Universités\Shandong University\Captures\Capture d'écran 2025-12-24 164728.png"
2026-08-07 19:27:35 [WARNING] MENACE : None → Capture d'écran 2025-12-24 164728.png
2026-08-07 19:27:35 [ERROR]  Erreur scan YARA sur C:\Users\DELL LATITUDE 5420\OneDrive\Bureau\Retour avec Dieu à côté\AAA__China_CSC\Others\Recherches\Universités\Shandong University\Captures\Capture d'écran 2025-12-24 164738.png : could not open file "C:\Users\DELL LATITUDE 5420\OneDrive\Bureau\Retour avec Dieu à côté\AAA__China_CSC\Others\Recherches\Universités\Shandong University\Captures\Capture d'écran 2025-12-24 164738.png"
2026-08-07 19:27:35 [WARNING] MENACE : None → Capture d'écran 2025-12-24 164738.png
2026-08-07 19:27:35 [ERROR]  Erreur scan YARA sur C:\Users\DELL LATITUDE 5420\OneDrive\Bureau\Retour avec Dieu à côté\AAA__China_CSC\Others\Recherches\Universités\Shandong University\Captures\Capture d'écran 2025-12-24 164747.png : could not open file "C:\Users\DELL LATITUDE 5420\OneDrive\Bureau\Retour avec Dieu à côté\AAA__China_CSC\Others\Recherches\Universités\Shandong University\Captures\Capture d'écran 2025-12-24 164747.png"
2026-08-07 19:27:35 [WARNING] MENACE : None → Capture d'écran 2025-12-24 164747.png
2026-08-07 19:27:36 [ERROR]  Erreur scan YARA sur C:\Users\DELL LATITUDE 5420\OneDrive\Bureau\Retour avec Dieu à côté\AAA__China_CSC\Others\Recherches\Universités\Shandong University\Captures\Capture d'écran 2025-12-24 164754.png : could not open file "C:\Users\DELL LATITUDE 5420\OneDrive\Bureau\Retour avec Dieu à côté\AAA__China_CSC\Others\Recherches\Universités\Shandong University\Captures\Capture d'écran 2025-12-24 164754.png"
2026-08-07 19:27:36 [WARNING] MENACE : None → Capture d'écran 2025-12-24 164754.png
2026-08-07 19:27:36 [ERROR]  Erreur scan YARA sur C:\Users\DELL LATITUDE 5420\OneDrive\Bureau\Retour avec Dieu à côté\AAA__China_CSC\Others\Recherches\Universités\Shandong University\Captures\Capture d'écran 2025-12-24 164803.png : could not open file "C:\Users\DELL LATITUDE 5420\OneDrive\Bureau\Retour avec Dieu à côté\AAA__China_CSC\Others\Recherches\Universités\Shandong University\Captures\Capture d'écran 2025-12-24 164803.png"
2026-08-07 19:27:36 [WARNING] MENACE : None → Capture d'écran 2025-12-24 164803.png
2026-08-07 19:27:36 [ERROR]  Erreur scan YARA sur C:\Users\DELL LATITUDE 5420\OneDrive\Bureau\Retour avec Dieu à côté\AAA__China_CSC\Others\Recherches\Universités\Shandong University\Captures\Capture d'écran 2025-12-24 164813.png : could not open file "C:\Users\DELL LATITUDE 5420\OneDrive\Bureau\Retour avec Dieu à côté\AAA__China_CSC\Others\Recherches\Universités\Shandong University\Captures\Capture d'écran 2025-12-24 164813.png"
2026-08-07 19:27:36 [WARNING] MENACE : None → Capture d'écran 2025-12-24 164813.png
2026-08-07 19:27:36 [ERROR]  Erreur scan YARA sur C:\Users\DELL LATITUDE 5420\OneDrive\Bureau\Retour avec Dieu à côté\AAA__China_CSC\Others\Recherches\Universités\Shandong University\Captures\Capture d'écran 2025-12-24 164823.png : could not open file "C:\Users\DELL LATITUDE 5420\OneDrive\Bureau\Retour avec Dieu à côté\AAA__China_CSC\Others\Recherches\Universités\Shandong University\Captures\Capture d'écran 2025-12-24 164823.png"
2026-08-07 19:27:36 [WARNING] MENACE : None → Capture d'écran 2025-12-24 164823.png
2026-08-07 19:27:36 [ERROR]  Erreur scan YARA sur C:\Users\DELL LATITUDE 5420\OneDrive\Bureau\Retour avec Dieu à côté\AAA__China_CSC\Others\Recherches\Universités\Shandong University\Captures\Capture d'écran 2025-12-24 164835.png : could not open file "C:\Users\DELL LATITUDE 5420\OneDrive\Bureau\Retour avec Dieu à côté\AAA__China_CSC\Others\Recherches\Universités\Shandong University\Captures\Capture d'écran 2025-12-24 164835.png"
2026-08-07 19:27:36 [WARNING] MENACE : None → Capture d'écran 2025-12-24 164835.png
2026-08-07 19:27:36 [ERROR]  Erreur scan YARA sur C:\Users\DELL LATITUDE 5420\OneDrive\Bureau\Retour avec Dieu à côté\AAA__China_CSC\Others\Recherches\Universités\Shandong University\Captures\Capture d'écran 2025-12-24 164846.png : could not open file "C:\Users\DELL LATITUDE 5420\OneDrive\Bureau\Retour avec Dieu à côté\AAA__China_CSC\Others\Recherches\Universités\Shandong University\Captures\Capture d'écran 2025-12-24 164846.png"
2026-08-07 19:27:36 [WARNING] MENACE : None → Capture d'écran 2025-12-24 164846.png
2026-08-07 19:27:36 [ERROR]  Erreur scan YARA sur C:\Users\DELL LATITUDE 5420\OneDrive\Bureau\Retour avec Dieu à côté\AAA__China_CSC\Others\Recherches\Universités\Shandong University\Captures\Capture d'écran 2025-12-24 164856.png : could not open file "C:\Users\DELL LATITUDE 5420\OneDrive\Bureau\Retour avec Dieu à côté\AAA__China_CSC\Others\Recherches\Universités\Shandong University\Captures\Capture d'écran 2025-12-24 164856.png"
2026-08-07 19:27:36 [WARNING] MENACE : None → Capture d'écran 2025-12-24 164856.png
2026-08-07 19:27:36 [ERROR]  Erreur scan YARA sur C:\Users\DELL LATITUDE 5420\OneDrive\Bureau\Retour avec Dieu à côté\AAA__China_CSC\Others\Recherches\Universités\Shandong University\Captures\Capture d'écran 2025-12-24 164905.png : could not open file "C:\Users\DELL LATITUDE 5420\OneDrive\Bureau\Retour avec Dieu à côté\AAA__China_CSC\Others\Recherches\Universités\Shandong University\Captures\Capture d'écran 2025-12-24 164905.png"
2026-08-07 19:27:36 [WARNING] MENACE : None → Capture d'écran 2025-12-24 164905.png
2026-08-07 19:27:36 [ERROR]  Erreur scan YARA sur C:\Users\DELL LATITUDE 5420\OneDrive\Bureau\Retour avec Dieu à côté\AAA__China_CSC\Others\Recherches\Universités\Shandong University\Captures\Capture d'écran 2025-12-24 165537.png : could not open file "C:\Users\DELL LATITUDE 5420\OneDrive\Bureau\Retour avec Dieu à côté\AAA__China_CSC\Others\Recherches\Universités\Shandong University\Captures\Capture d'écran 2025-12-24 165537.png"
2026-08-07 19:27:36 [WARNING] MENACE : None → Capture d'écran 2025-12-24 165537.png
2026-08-07 19:27:37 [ERROR]  Erreur scan YARA sur C:\Users\DELL LATITUDE 5420\OneDrive\Bureau\Retour avec Dieu à côté\AAA__China_CSC\Others\Recherches\Universités\Shandong University\Captures\Capture d'écran 2025-12-24 165548.png : could not open file "C:\Users\DELL LATITUDE 5420\OneDrive\Bureau\Retour avec Dieu à côté\AAA__China_CSC\Others\Recherches\Universités\Shandong University\Captures\Capture d'écran 2025-12-24 165548.png"
2026-08-07 19:27:37 [WARNING] MENACE : None → Capture d'écran 2025-12-24 165548.png
2026-08-07 19:27:37 [ERROR]  Erreur scan YARA sur C:\Users\DELL LATITUDE 5420\OneDrive\Bureau\Retour avec Dieu à côté\AAA__China_CSC\Others\Recherches\Universités\Shandong University\Captures\Capture d'écran 2025-12-24 165612.png : could not open file "C:\Users\DELL LATITUDE 5420\OneDrive\Bureau\Retour avec Dieu à côté\AAA__China_CSC\Others\Recherches\Universités\Shandong University\Captures\Capture d'écran 2025-12-24 165612.png"
2026-08-07 19:27:37 [WARNING] MENACE : None → Capture d'écran 2025-12-24 165612.png
2026-08-07 19:27:37 [ERROR]  Erreur scan YARA sur C:\Users\DELL LATITUDE 5420\OneDrive\Bureau\Retour avec Dieu à côté\AAA__China_CSC\Others\Recherches\Universités\Shandong University\Captures\Capture d'écran 2025-12-24 165629.png : could not open file "C:\Users\DELL LATITUDE 5420\OneDrive\Bureau\Retour avec Dieu à côté\AAA__China_CSC\Others\Recherches\Universités\Shandong University\Captures\Capture d'écran 2025-12-24 165629.png"
2026-08-07 19:27:37 [WARNING] MENACE : None → Capture d'écran 2025-12-24 165629.png
2026-08-07 19:27:37 [ERROR]  Erreur scan YARA sur C:\Users\DELL LATITUDE 5420\OneDrive\Bureau\Retour avec Dieu à côté\AAA__China_CSC\Others\Recherches\Universités\Shandong University\Captures\Capture d'écran 2025-12-24 165704.png : could not open file "C:\Users\DELL LATITUDE 5420\OneDrive\Bureau\Retour avec Dieu à côté\AAA__China_CSC\Others\Recherches\Universités\Shandong University\Captures\Capture d'écran 2025-12-24 165704.png"
2026-08-07 19:27:37 [WARNING] MENACE : None → Capture d'écran 2025-12-24 165704.png
2026-08-07 19:27:37 [ERROR]  Erreur scan YARA sur C:\Users\DELL LATITUDE 5420\OneDrive\Bureau\Retour avec Dieu à côté\AAA__China_CSC\Others\Recherches\Universités\Shandong University\Captures\Capture d'écran 2025-12-24 165713.png : could not open file "C:\Users\DELL LATITUDE 5420\OneDrive\Bureau\Retour avec Dieu à côté\AAA__China_CSC\Others\Recherches\Universités\Shandong University\Captures\Capture d'écran 2025-12-24 165713.png"
2026-08-07 19:27:37 [WARNING] MENACE : None → Capture d'écran 2025-12-24 165713.png
2026-08-07 19:27:37 [ERROR]  Erreur scan YARA sur C:\Users\DELL LATITUDE 5420\OneDrive\Bureau\Retour avec Dieu à côté\AAA__China_CSC\Others\Recherches\Universités\Shandong University\Captures\Capture d'écran 2025-12-24 165722.png : could not open file "C:\Users\DELL LATITUDE 5420\OneDrive\Bureau\Retour avec Dieu à côté\AAA__China_CSC\Others\Recherches\Universités\Shandong University\Captures\Capture d'écran 2025-12-24 165722.png"
2026-08-07 19:27:37 [WARNING] MENACE : None → Capture d'écran 2025-12-24 165722.png
2026-08-07 19:27:37 [ERROR]  Erreur scan YARA sur C:\Users\DELL LATITUDE 5420\OneDrive\Bureau\Retour avec Dieu à côté\AAA__China_CSC\Others\Recherches\Universités\Shandong University\Captures\Capture d'écran 2025-12-24 165734.png : could not open file "C:\Users\DELL LATITUDE 5420\OneDrive\Bureau\Retour avec Dieu à côté\AAA__China_CSC\Others\Recherches\Universités\Shandong University\Captures\Capture d'écran 2025-12-24 165734.png"
2026-08-07 19:27:37 [WARNING] MENACE : None → Capture d'écran 2025-12-24 165734.png
2026-08-07 19:27:38 [ERROR]  Erreur scan YARA sur C:\Users\DELL LATITUDE 5420\OneDrive\Bureau\Retour avec Dieu à côté\AAA__China_CSC\Others\Recherches\Universités\Shandong University\Captures\Capture d'écran 2025-12-24 165743.png : could not open file "C:\Users\DELL LATITUDE 5420\OneDrive\Bureau\Retour avec Dieu à côté\AAA__China_CSC\Others\Recherches\Universités\Shandong University\Captures\Capture d'écran 2025-12-24 165743.png"
2026-08-07 19:27:38 [WARNING] MENACE : None → Capture d'écran 2025-12-24 165743.png
2026-08-07 19:27:38 [ERROR]  Erreur scan YARA sur C:\Users\DELL LATITUDE 5420\OneDrive\Bureau\Retour avec Dieu à côté\AAA__China_CSC\Others\Recherches\Universités\Shandong University\Captures\Capture d'écran 2025-12-24 165751.png : could not open file "C:\Users\DELL LATITUDE 5420\OneDrive\Bureau\Retour avec Dieu à côté\AAA__China_CSC\Others\Recherches\Universités\Shandong University\Captures\Capture d'écran 2025-12-24 165751.png"
2026-08-07 19:27:38 [WARNING] MENACE : None → Capture d'écran 2025-12-24 165751.png
2026-08-07 19:27:38 [ERROR]  Erreur scan YARA sur C:\Users\DELL LATITUDE 5420\OneDrive\Bureau\Retour avec Dieu à côté\AAA__China_CSC\Others\Recherches\Universités\Shandong University\Captures\Capture d'écran 2025-12-24 165802.png : could not open file "C:\Users\DELL LATITUDE 5420\OneDrive\Bureau\Retour avec Dieu à côté\AAA__China_CSC\Others\Recherches\Universités\Shandong University\Captures\Capture d'écran 2025-12-24 165802.png"
2026-08-07 19:27:38 [WARNING] MENACE : None → Capture d'écran 2025-12-24 165802.png
2026-08-07 19:27:38 [ERROR]  Erreur scan YARA sur C:\Users\DELL LATITUDE 5420\OneDrive\Bureau\Retour avec Dieu à côté\AAA__China_CSC\Others\Recherches\Universités\Shandong University\Captures\Capture d'écran 2025-12-24 165811.png : could not open file "C:\Users\DELL LATITUDE 5420\OneDrive\Bureau\Retour avec Dieu à côté\AAA__China_CSC\Others\Recherches\Universités\Shandong University\Captures\Capture d'écran 2025-12-24 165811.png"
2026-08-07 19:27:38 [WARNING] MENACE : None → Capture d'écran 2025-12-24 165811.png
2026-08-07 19:27:38 [ERROR]  Erreur scan YARA sur C:\Users\DELL LATITUDE 5420\OneDrive\Bureau\Retour avec Dieu à côté\AAA__China_CSC\Others\Recherches\Universités\Shandong University\Captures\Capture d'écran 2025-12-24 165822.png : could not open file "C:\Users\DELL LATITUDE 5420\OneDrive\Bureau\Retour avec Dieu à côté\AAA__China_CSC\Others\Recherches\Universités\Shandong University\Captures\Capture d'écran 2025-12-24 165822.png"
2026-08-07 19:27:38 [WARNING] MENACE : None → Capture d'écran 2025-12-24 165822.png
2026-08-07 19:27:38 [ERROR]  Erreur scan YARA sur C:\Users\DELL LATITUDE 5420\OneDrive\Bureau\Retour avec Dieu à côté\AAA__China_CSC\Others\Recherches\Universités\Shandong University\Captures\Capture d'écran 2025-12-24 165831.png : could not open file "C:\Users\DELL LATITUDE 5420\OneDrive\Bureau\Retour avec Dieu à côté\AAA__China_CSC\Others\Recherches\Universités\Shandong University\Captures\Capture d'écran 2025-12-24 165831.png"
2026-08-07 19:27:38 [WARNING] MENACE : None → Capture d'écran 2025-12-24 165831.png
2026-08-07 19:27:39 [ERROR]  Erreur scan YARA sur C:\Users\DELL LATITUDE 5420\OneDrive\Bureau\Retour avec Dieu à côté\AAA__China_CSC\Others\Recherches\Universités\Shandong University\Captures\Capture d'écran 2025-12-24 165839.png : could not open file "C:\Users\DELL LATITUDE 5420\OneDrive\Bureau\Retour avec Dieu à côté\AAA__China_CSC\Others\Recherches\Universités\Shandong University\Captures\Capture d'écran 2025-12-24 165839.png"
2026-08-07 19:27:39 [WARNING] MENACE : None → Capture d'écran 2025-12-24 165839.png
2026-08-07 19:27:39 [ERROR]  Erreur scan YARA sur C:\Users\DELL LATITUDE 5420\OneDrive\Bureau\Retour avec Dieu à côté\AAA__China_CSC\Others\Recherches\Universités\Shandong University\Captures\Capture d'écran 2025-12-24 165848.png : could not open file "C:\Users\DELL LATITUDE 5420\OneDrive\Bureau\Retour avec Dieu à côté\AAA__China_CSC\Others\Recherches\Universités\Shandong University\Captures\Capture d'écran 2025-12-24 165848.png"
2026-08-07 19:27:39 [WARNING] MENACE : None → Capture d'écran 2025-12-24 165848.png
2026-08-07 19:27:39 [ERROR]  Erreur scan YARA sur C:\Users\DELL LATITUDE 5420\OneDrive\Bureau\Retour avec Dieu à côté\AAA__China_CSC\Others\Recherches\Universités\Shandong University\Captures\Capture d'écran 2025-12-24 165858.png : could not open file "C:\Users\DELL LATITUDE 5420\OneDrive\Bureau\Retour avec Dieu à côté\AAA__China_CSC\Others\Recherches\Universités\Shandong University\Captures\Capture d'écran 2025-12-24 165858.png"
2026-08-07 19:27:39 [WARNING] MENACE : None → Capture d'écran 2025-12-24 165858.png
2026-08-07 19:27:39 [ERROR]  Erreur scan YARA sur C:\Users\DELL LATITUDE 5420\OneDrive\Bureau\Retour avec Dieu à côté\AAA__China_CSC\Others\Recherches\Universités\Shandong University\Captures\Capture d'écran 2025-12-24 165909.png : could not open file "C:\Users\DELL LATITUDE 5420\OneDrive\Bureau\Retour avec Dieu à côté\AAA__China_CSC\Others\Recherches\Universités\Shandong University\Captures\Capture d'écran 2025-12-24 165909.png"
2026-08-07 19:27:39 [WARNING] MENACE : None → Capture d'écran 2025-12-24 165909.png
2026-08-07 19:27:39 [ERROR]  Erreur scan YARA sur C:\Users\DELL LATITUDE 5420\OneDrive\Bureau\Retour avec Dieu à côté\AAA__China_CSC\Others\Recherches\Universités\Shandong University\Captures\Capture d'écran 2025-12-24 165918.png : could not open file "C:\Users\DELL LATITUDE 5420\OneDrive\Bureau\Retour avec Dieu à côté\AAA__China_CSC\Others\Recherches\Universités\Shandong University\Captures\Capture d'écran 2025-12-24 165918.png"
2026-08-07 19:27:39 [WARNING] MENACE : None → Capture d'écran 2025-12-24 165918.png
2026-08-07 19:27:39 [ERROR]  Erreur scan YARA sur C:\Users\DELL LATITUDE 5420\OneDrive\Bureau\Retour avec Dieu à côté\AAA__China_CSC\Others\Recherches\Universités\Shandong University\Captures\Capture d'écran 2025-12-24 165930.png : could not open file "C:\Users\DELL LATITUDE 5420\OneDrive\Bureau\Retour avec Dieu à côté\AAA__China_CSC\Others\Recherches\Universités\Shandong University\Captures\Capture d'écran 2025-12-24 165930.png"
2026-08-07 19:27:39 [WARNING] MENACE : None → Capture d'écran 2025-12-24 165930.png
2026-08-07 19:27:39 [ERROR]  Erreur scan YARA sur C:\Users\DELL LATITUDE 5420\OneDrive\Bureau\Retour avec Dieu à côté\AAA__China_CSC\Others\Recherches\Recherches ville\Premières recherches\Capture d'écran 2025-12-24 151125.png : could not open file "C:\Users\DELL LATITUDE 5420\OneDrive\Bureau\Retour avec Dieu à côté\AAA__China_CSC\Others\Recherches\Recherches ville\Premières recherches\Capture d'écran 2025-12-24 151125.png"
2026-08-07 19:27:39 [WARNING] MENACE : None → Capture d'écran 2025-12-24 151125.png
2026-08-07 19:27:39 [ERROR]  Erreur scan YARA sur C:\Users\DELL LATITUDE 5420\OneDrive\Bureau\Retour avec Dieu à côté\AAA__China_CSC\Others\Recherches\Recherches ville\Premières recherches\Capture d'écran 2025-12-24 151618.png : could not open file "C:\Users\DELL LATITUDE 5420\OneDrive\Bureau\Retour avec Dieu à côté\AAA__China_CSC\Others\Recherches\Recherches ville\Premières recherches\Capture d'écran 2025-12-24 151618.png"
2026-08-07 19:27:39 [WARNING] MENACE : None → Capture d'écran 2025-12-24 151618.png
2026-08-07 19:27:39 [ERROR]  Erreur scan YARA sur C:\Users\DELL LATITUDE 5420\OneDrive\Bureau\Retour avec Dieu à côté\AAA__China_CSC\Others\Recherches\Recherches ville\Premières recherches\Capture d'écran 2025-12-24 152253.png : could not open file "C:\Users\DELL LATITUDE 5420\OneDrive\Bureau\Retour avec Dieu à côté\AAA__China_CSC\Others\Recherches\Recherches ville\Premières recherches\Capture d'écran 2025-12-24 152253.png"
2026-08-07 19:27:39 [WARNING] MENACE : None → Capture d'écran 2025-12-24 152253.png
2026-08-07 19:27:39 [ERROR]  Erreur scan YARA sur C:\Users\DELL LATITUDE 5420\OneDrive\Bureau\Retour avec Dieu à côté\AAA__China_CSC\Others\Recherches\Recherches ville\Premières recherches\Capture d'écran 2025-12-24 152319.png : could not open file "C:\Users\DELL LATITUDE 5420\OneDrive\Bureau\Retour avec Dieu à côté\AAA__China_CSC\Others\Recherches\Recherches ville\Premières recherches\Capture d'écran 2025-12-24 152319.png"
2026-08-07 19:27:39 [WARNING] MENACE : None → Capture d'écran 2025-12-24 152319.png
2026-08-07 19:27:39 [ERROR]  Erreur scan YARA sur C:\Users\DELL LATITUDE 5420\OneDrive\Bureau\Retour avec Dieu à côté\AAA__China_CSC\Others\Recherches\Recherches ville\Premières recherches\Capture d'écran 2025-12-24 152329.png : could not open file "C:\Users\DELL LATITUDE 5420\OneDrive\Bureau\Retour avec Dieu à côté\AAA__China_CSC\Others\Recherches\Recherches ville\Premières recherches\Capture d'écran 2025-12-24 152329.png"
2026-08-07 19:27:39 [WARNING] MENACE : None → Capture d'écran 2025-12-24 152329.png
2026-08-07 19:27:39 [ERROR]  Erreur scan YARA sur C:\Users\DELL LATITUDE 5420\OneDrive\Bureau\Retour avec Dieu à côté\AAA__China_CSC\Others\Recherches\Recherches ville\Premières recherches\Capture d'écran 2025-12-24 152340.png : could not open file "C:\Users\DELL LATITUDE 5420\OneDrive\Bureau\Retour avec Dieu à côté\AAA__China_CSC\Others\Recherches\Recherches ville\Premières recherches\Capture d'écran 2025-12-24 152340.png"
2026-08-07 19:27:39 [WARNING] MENACE : None → Capture d'écran 2025-12-24 152340.png
2026-08-07 19:27:39 [ERROR]  Erreur scan YARA sur C:\Users\DELL LATITUDE 5420\OneDrive\Bureau\Retour avec Dieu à côté\AAA__China_CSC\Others\Recherches\Recherches ville\Premières recherches\Capture d'écran 2025-12-24 152401.png : could not open file "C:\Users\DELL LATITUDE 5420\OneDrive\Bureau\Retour avec Dieu à côté\AAA__China_CSC\Others\Recherches\Recherches ville\Premières recherches\Capture d'écran 2025-12-24 152401.png"
2026-08-07 19:27:39 [WARNING] MENACE : None → Capture d'écran 2025-12-24 152401.png
2026-08-07 19:27:39 [ERROR]  Erreur scan YARA sur C:\Users\DELL LATITUDE 5420\OneDrive\Bureau\Retour avec Dieu à côté\AAA__China_CSC\Others\Recherches\Recherches ville\Premières recherches\Capture d'écran 2025-12-24 152505.png : could not open file "C:\Users\DELL LATITUDE 5420\OneDrive\Bureau\Retour avec Dieu à côté\AAA__China_CSC\Others\Recherches\Recherches ville\Premières recherches\Capture d'écran 2025-12-24 152505.png"
2026-08-07 19:27:39 [WARNING] MENACE : None → Capture d'écran 2025-12-24 152505.png
2026-08-07 19:27:39 [ERROR]  Erreur scan YARA sur C:\Users\DELL LATITUDE 5420\OneDrive\Bureau\Retour avec Dieu à côté\AAA__China_CSC\Others\Recherches\Recherches ville\Premières recherches\Capture d'écran 2025-12-24 152517.png : could not open file "C:\Users\DELL LATITUDE 5420\OneDrive\Bureau\Retour avec Dieu à côté\AAA__China_CSC\Others\Recherches\Recherches ville\Premières recherches\Capture d'écran 2025-12-24 152517.png"
2026-08-07 19:27:39 [WARNING] MENACE : None → Capture d'écran 2025-12-24 152517.png
2026-08-07 19:27:39 [ERROR]  Erreur scan YARA sur C:\Users\DELL LATITUDE 5420\OneDrive\Bureau\Retour avec Dieu à côté\AAA__China_CSC\Others\Recherches\Recherches ville\Premières recherches\Capture d'écran 2025-12-24 152545.png : could not open file "C:\Users\DELL LATITUDE 5420\OneDrive\Bureau\Retour avec Dieu à côté\AAA__China_CSC\Others\Recherches\Recherches ville\Premières recherches\Capture d'écran 2025-12-24 152545.png"
2026-08-07 19:27:39 [WARNING] MENACE : None → Capture d'écran 2025-12-24 152545.png
2026-08-07 19:27:39 [ERROR]  Erreur scan YARA sur C:\Users\DELL LATITUDE 5420\OneDrive\Bureau\Retour avec Dieu à côté\AAA__China_CSC\Others\Recherches\Recherches ville\Premières recherches\Capture d'écran 2025-12-24 152555.png : could not open file "C:\Users\DELL LATITUDE 5420\OneDrive\Bureau\Retour avec Dieu à côté\AAA__China_CSC\Others\Recherches\Recherches ville\Premières recherches\Capture d'écran 2025-12-24 152555.png"
2026-08-07 19:27:39 [WARNING] MENACE : None → Capture d'écran 2025-12-24 152555.png
2026-08-07 19:27:39 [ERROR]  Erreur scan YARA sur C:\Users\DELL LATITUDE 5420\OneDrive\Bureau\Retour avec Dieu à côté\AAA__China_CSC\Others\Recherches\Recherches ville\Premières recherches\Capture d'écran 2025-12-24 152807.png : could not open file "C:\Users\DELL LATITUDE 5420\OneDrive\Bureau\Retour avec Dieu à côté\AAA__China_CSC\Others\Recherches\Recherches ville\Premières recherches\Capture d'écran 2025-12-24 152807.png"
2026-08-07 19:27:39 [WARNING] MENACE : None → Capture d'écran 2025-12-24 152807.png
2026-08-07 19:27:40 [ERROR]  Erreur scan YARA sur C:\Users\DELL LATITUDE 5420\OneDrive\Bureau\Retour avec Dieu à côté\AAA__China_CSC\Others\Recherches\Recherches ville\Premières recherches\Capture d'écran 2025-12-24 152836.png : could not open file "C:\Users\DELL LATITUDE 5420\OneDrive\Bureau\Retour avec Dieu à côté\AAA__China_CSC\Others\Recherches\Recherches ville\Premières recherches\Capture d'écran 2025-12-24 152836.png"
2026-08-07 19:27:40 [WARNING] MENACE : None → Capture d'écran 2025-12-24 152836.png
2026-08-07 19:27:40 [ERROR]  Erreur scan YARA sur C:\Users\DELL LATITUDE 5420\OneDrive\Bureau\Retour avec Dieu à côté\AAA__China_CSC\Others\Recherches\Recherches ville\Premières recherches\Capture d'écran 2025-12-24 152918.png : could not open file "C:\Users\DELL LATITUDE 5420\OneDrive\Bureau\Retour avec Dieu à côté\AAA__China_CSC\Others\Recherches\Recherches ville\Premières recherches\Capture d'écran 2025-12-24 152918.png"
2026-08-07 19:27:40 [WARNING] MENACE : None → Capture d'écran 2025-12-24 152918.png
2026-08-07 19:27:40 [ERROR]  Erreur scan YARA sur C:\Users\DELL LATITUDE 5420\OneDrive\Bureau\Retour avec Dieu à côté\AAA__China_CSC\Others\Recherches\Recherches ville\Premières recherches\Capture d'écran 2025-12-24 152932.png : could not open file "C:\Users\DELL LATITUDE 5420\OneDrive\Bureau\Retour avec Dieu à côté\AAA__China_CSC\Others\Recherches\Recherches ville\Premières recherches\Capture d'écran 2025-12-24 152932.png"
2026-08-07 19:27:40 [WARNING] MENACE : None → Capture d'écran 2025-12-24 152932.png
2026-08-07 19:27:40 [ERROR]  Erreur scan YARA sur C:\Users\DELL LATITUDE 5420\OneDrive\Bureau\Retour avec Dieu à côté\AAA__China_CSC\Others\Recherches\Recherches ville\Premières recherches\Capture d'écran 2025-12-24 152955.png : could not open file "C:\Users\DELL LATITUDE 5420\OneDrive\Bureau\Retour avec Dieu à côté\AAA__China_CSC\Others\Recherches\Recherches ville\Premières recherches\Capture d'écran 2025-12-24 152955.png"
2026-08-07 19:27:40 [WARNING] MENACE : None → Capture d'écran 2025-12-24 152955.png
2026-08-07 19:27:40 [ERROR]  Erreur scan YARA sur C:\Users\DELL LATITUDE 5420\OneDrive\Bureau\Retour avec Dieu à côté\AAA__China_CSC\Others\Recherches\Recherches ville\Premières recherches\Capture d'écran 2025-12-24 153012.png : could not open file "C:\Users\DELL LATITUDE 5420\OneDrive\Bureau\Retour avec Dieu à côté\AAA__China_CSC\Others\Recherches\Recherches ville\Premières recherches\Capture d'écran 2025-12-24 153012.png"
2026-08-07 19:27:40 [WARNING] MENACE : None → Capture d'écran 2025-12-24 153012.png
2026-08-07 19:27:40 [ERROR]  Erreur scan YARA sur C:\Users\DELL LATITUDE 5420\OneDrive\Bureau\Retour avec Dieu à côté\AAA__China_CSC\Others\Recherches\Recherches ville\Premières recherches\Capture d'écran 2025-12-24 153025.png : could not open file "C:\Users\DELL LATITUDE 5420\OneDrive\Bureau\Retour avec Dieu à côté\AAA__China_CSC\Others\Recherches\Recherches ville\Premières recherches\Capture d'écran 2025-12-24 153025.png"
2026-08-07 19:27:40 [WARNING] MENACE : None → Capture d'écran 2025-12-24 153025.png
2026-08-07 19:27:40 [ERROR]  Erreur scan YARA sur C:\Users\DELL LATITUDE 5420\OneDrive\Bureau\Retour avec Dieu à côté\AAA__China_CSC\Others\Recherches\Recherches ville\Premières recherches\Capture d'écran 2025-12-24 153036.png : could not open file "C:\Users\DELL LATITUDE 5420\OneDrive\Bureau\Retour avec Dieu à côté\AAA__China_CSC\Others\Recherches\Recherches ville\Premières recherches\Capture d'écran 2025-12-24 153036.png"
2026-08-07 19:27:40 [WARNING] MENACE : None → Capture d'écran 2025-12-24 153036.png
2026-08-07 19:27:40 [ERROR]  Erreur scan YARA sur C:\Users\DELL LATITUDE 5420\OneDrive\Bureau\Retour avec Dieu à côté\AAA__China_CSC\Others\Recherches\Recherches ville\Premières recherches\Capture d'écran 2025-12-24 153046.png : could not open file "C:\Users\DELL LATITUDE 5420\OneDrive\Bureau\Retour avec Dieu à côté\AAA__China_CSC\Others\Recherches\Recherches ville\Premières recherches\Capture d'écran 2025-12-24 153046.png"
2026-08-07 19:27:40 [WARNING] MENACE : None → Capture d'écran 2025-12-24 153046.png
2026-08-07 19:27:40 [ERROR]  Erreur scan YARA sur C:\Users\DELL LATITUDE 5420\OneDrive\Bureau\Retour avec Dieu à côté\AAA__China_CSC\Others\Recherches\Recherches ville\Premières recherches\Capture d'écran 2025-12-24 153057.png : could not open file "C:\Users\DELL LATITUDE 5420\OneDrive\Bureau\Retour avec Dieu à côté\AAA__China_CSC\Others\Recherches\Recherches ville\Premières recherches\Capture d'écran 2025-12-24 153057.png"
2026-08-07 19:27:40 [WARNING] MENACE : None → Capture d'écran 2025-12-24 153057.png
2026-08-07 19:27:40 [ERROR]  Erreur scan YARA sur C:\Users\DELL LATITUDE 5420\OneDrive\Bureau\Retour avec Dieu à côté\AAA__China_CSC\Others\Recherches\Recherches ville\Premières recherches\Capture d'écran 2025-12-24 153108.png : could not open file "C:\Users\DELL LATITUDE 5420\OneDrive\Bureau\Retour avec Dieu à côté\AAA__China_CSC\Others\Recherches\Recherches ville\Premières recherches\Capture d'écran 2025-12-24 153108.png"
2026-08-07 19:27:40 [WARNING] MENACE : None → Capture d'écran 2025-12-24 153108.png
2026-08-07 19:27:40 [ERROR]  Erreur scan YARA sur C:\Users\DELL LATITUDE 5420\OneDrive\Bureau\Retour avec Dieu à côté\AAA__China_CSC\Others\Recherches\Recherches ville\Premières recherches\Capture d'écran 2025-12-24 154756.png : could not open file "C:\Users\DELL LATITUDE 5420\OneDrive\Bureau\Retour avec Dieu à côté\AAA__China_CSC\Others\Recherches\Recherches ville\Premières recherches\Capture d'écran 2025-12-24 154756.png"
2026-08-07 19:27:40 [WARNING] MENACE : None → Capture d'écran 2025-12-24 154756.png
2026-08-07 19:27:40 [ERROR]  Erreur scan YARA sur C:\Users\DELL LATITUDE 5420\OneDrive\Bureau\Retour avec Dieu à côté\AAA__China_CSC\Others\Recherches\Recherches ville\Premières recherches\villes.png : could not open file "C:\Users\DELL LATITUDE 5420\OneDrive\Bureau\Retour avec Dieu à côté\AAA__China_CSC\Others\Recherches\Recherches ville\Premières recherches\villes.png"
2026-08-07 19:27:40 [WARNING] MENACE : None → villes.png
2026-08-07 19:27:40 [ERROR]  Erreur scan YARA sur C:\Users\DELL LATITUDE 5420\OneDrive\Bureau\Retour avec Dieu à côté\AAA__China_CSC\Others\Recherches\Recherches ville\Villes choisies\villes.png : could not open file "C:\Users\DELL LATITUDE 5420\OneDrive\Bureau\Retour avec Dieu à côté\AAA__China_CSC\Others\Recherches\Recherches ville\Villes choisies\villes.png"
2026-08-07 19:27:40 [WARNING] MENACE : None → villes.png
2026-08-07 19:27:40 [ERROR]  Erreur scan YARA sur C:\Users\DELL LATITUDE 5420\OneDrive\Bureau\Retour avec Dieu à côté\AAA__China_CSC\Others\Hunan University\1_bachelor_deg_Ok\7_Passport_MASRA_T.pdf : could not open file "C:\Users\DELL LATITUDE 5420\OneDrive\Bureau\Retour avec Dieu à côté\AAA__China_CSC\Others\Hunan University\1_bachelor_deg_Ok\7_Passport_MASRA_T.pdf"
2026-08-07 19:27:40 [WARNING] MENACE : None → 7_Passport_MASRA_T.pdf
2026-08-07 19:27:40 [ERROR]  Erreur scan YARA sur C:\Users\DELL LATITUDE 5420\OneDrive\Bureau\Retour avec Dieu à côté\AAA__China_CSC\Others\Hunan University\1_bachelor_deg_Ok\Diploma.pdf : could not open file "C:\Users\DELL LATITUDE 5420\OneDrive\Bureau\Retour avec Dieu à côté\AAA__China_CSC\Others\Hunan University\1_bachelor_deg_Ok\Diploma.pdf"
2026-08-07 19:27:40 [WARNING] MENACE : None → Diploma.pdf
2026-08-07 19:27:40 [ERROR]  Erreur scan YARA sur C:\Users\DELL LATITUDE 5420\OneDrive\Bureau\Retour avec Dieu à côté\AAA__China_CSC\Others\Hunan University\1_bachelor_deg_Ok\physical examination record.pdf : could not open file "C:\Users\DELL LATITUDE 5420\OneDrive\Bureau\Retour avec Dieu à côté\AAA__China_CSC\Others\Hunan University\1_bachelor_deg_Ok\physical examination record.pdf"
2026-08-07 19:27:40 [WARNING] MENACE : None → physical examination record.pdf
2026-08-07 19:27:40 [ERROR]  Erreur scan YARA sur C:\Users\DELL LATITUDE 5420\OneDrive\Bureau\Retour avec Dieu à côté\AAA__China_CSC\Others\Hunan University\1_bachelor_deg_Ok\Reference_II_Letter_of_recommandation_MASRA_Thierry_D_.pdf : could not open file "C:\Users\DELL LATITUDE 5420\OneDrive\Bureau\Retour avec Dieu à côté\AAA__China_CSC\Others\Hunan University\1_bachelor_deg_Ok\Reference_II_Letter_of_recommandation_MASRA_Thierry_D_.pdf"
2026-08-07 19:27:40 [WARNING] MENACE : None → Reference_II_Letter_of_recommandation_MASRA_Thierry_D_.pdf
2026-08-07 19:27:40 [ERROR]  Erreur scan YARA sur C:\Users\DELL LATITUDE 5420\OneDrive\Bureau\Retour avec Dieu à côté\AAA__China_CSC\Others\Hunan University\1_bachelor_deg_Ok\Reference_I_Letter_of_recommandation_MASRA_Thierry_D.pdf : could not open file "C:\Users\DELL LATITUDE 5420\OneDrive\Bureau\Retour avec Dieu à côté\AAA__China_CSC\Others\Hunan University\1_bachelor_deg_Ok\Reference_I_Letter_of_recommandation_MASRA_Thierry_D.pdf"
2026-08-07 19:27:40 [WARNING] MENACE : None → Reference_I_Letter_of_recommandation_MASRA_Thierry_D.pdf
2026-08-07 19:27:40 [ERROR]  Erreur scan YARA sur C:\Users\DELL LATITUDE 5420\OneDrive\Bureau\Retour avec Dieu à côté\AAA__China_CSC\Others\Hunan University\1_bachelor_deg_Ok\Relevé de notes.pdf : could not open file "C:\Users\DELL LATITUDE 5420\OneDrive\Bureau\Retour avec Dieu à côté\AAA__China_CSC\Others\Hunan University\1_bachelor_deg_Ok\Relevé de notes.pdf"
2026-08-07 19:27:40 [WARNING] MENACE : None → Relevé de notes.pdf
2026-08-07 19:27:40 [ERROR]  Erreur scan YARA sur C:\Users\DELL LATITUDE 5420\OneDrive\Bureau\Retour avec Dieu à côté\AAA__China_CSC\Others\Hunan University\1_bachelor_deg_Ok\Study_plan_MASRA_Thierry_D.pdf : could not open file "C:\Users\DELL LATITUDE 5420\OneDrive\Bureau\Retour avec Dieu à côté\AAA__China_CSC\Others\Hunan University\1_bachelor_deg_Ok\Study_plan_MASRA_Thierry_D.pdf"
2026-08-07 19:27:40 [WARNING] MENACE : None → Study_plan_MASRA_Thierry_D.pdf
2026-08-07 19:27:40 [ERROR]  Erreur scan YARA sur C:\Users\DELL LATITUDE 5420\OneDrive\Bureau\Retour avec Dieu à côté\AAA__China_CSC\Others\Hunan University\2_master_deg_Ok\7_Passport_MASRA_T.pdf : could not open file "C:\Users\DELL LATITUDE 5420\OneDrive\Bureau\Retour avec Dieu à côté\AAA__China_CSC\Others\Hunan University\2_master_deg_Ok\7_Passport_MASRA_T.pdf"
2026-08-07 19:27:40 [WARNING] MENACE : None → 7_Passport_MASRA_T.pdf
2026-08-07 19:27:41 [ERROR]  Erreur scan YARA sur C:\Users\DELL LATITUDE 5420\OneDrive\Bureau\Retour avec Dieu à côté\AAA__China_CSC\Others\Hunan University\2_master_deg_Ok\Diploma.pdf : could not open file "C:\Users\DELL LATITUDE 5420\OneDrive\Bureau\Retour avec Dieu à côté\AAA__China_CSC\Others\Hunan University\2_master_deg_Ok\Diploma.pdf"
2026-08-07 19:27:41 [WARNING] MENACE : None → Diploma.pdf
2026-08-07 19:27:41 [ERROR]  Erreur scan YARA sur C:\Users\DELL LATITUDE 5420\OneDrive\Bureau\Retour avec Dieu à côté\AAA__China_CSC\Others\Hunan University\2_master_deg_Ok\physical examination record.pdf : could not open file "C:\Users\DELL LATITUDE 5420\OneDrive\Bureau\Retour avec Dieu à côté\AAA__China_CSC\Others\Hunan University\2_master_deg_Ok\physical examination record.pdf"
2026-08-07 19:27:41 [WARNING] MENACE : None → physical examination record.pdf
2026-08-07 19:27:41 [ERROR]  Erreur scan YARA sur C:\Users\DELL LATITUDE 5420\OneDrive\Bureau\Retour avec Dieu à côté\AAA__China_CSC\Others\Hunan University\2_master_deg_Ok\Recommandation_letter_II_.pdf : could not open file "C:\Users\DELL LATITUDE 5420\OneDrive\Bureau\Retour avec Dieu à côté\AAA__China_CSC\Others\Hunan University\2_master_deg_Ok\Recommandation_letter_II_.pdf"
2026-08-07 19:27:41 [WARNING] MENACE : None → Recommandation_letter_II_.pdf
2026-08-07 19:27:41 [ERROR]  Erreur scan YARA sur C:\Users\DELL LATITUDE 5420\OneDrive\Bureau\Retour avec Dieu à côté\AAA__China_CSC\Others\Hunan University\2_master_deg_Ok\Recommandation_letter_I_.pdf : could not open file "C:\Users\DELL LATITUDE 5420\OneDrive\Bureau\Retour avec Dieu à côté\AAA__China_CSC\Others\Hunan University\2_master_deg_Ok\Recommandation_letter_I_.pdf"
2026-08-07 19:27:41 [WARNING] MENACE : None → Recommandation_letter_I_.pdf
2026-08-07 19:27:41 [ERROR]  Erreur scan YARA sur C:\Users\DELL LATITUDE 5420\OneDrive\Bureau\Retour avec Dieu à côté\AAA__China_CSC\Others\Hunan University\2_master_deg_Ok\Relevé de notes.pdf : could not open file "C:\Users\DELL LATITUDE 5420\OneDrive\Bureau\Retour avec Dieu à côté\AAA__China_CSC\Others\Hunan University\2_master_deg_Ok\Relevé de notes.pdf"
2026-08-07 19:27:41 [WARNING] MENACE : None → Relevé de notes.pdf
2026-08-07 19:27:43 [ERROR]  Erreur scan YARA sur C:\Users\DELL LATITUDE 5420\OneDrive\Bureau\Retour avec Dieu à côté\AAA__China_CSC\Others\Hunan University\2_master_deg_Ok\Other supporting docs\11_Other_supporting_2_12th_grade_trascript2022-2023_MASRA_T.pdf : could not open file "C:\Users\DELL LATITUDE 5420\OneDrive\Bureau\Retour avec Dieu à côté\AAA__China_CSC\Others\Hunan University\2_master_deg_Ok\Other supporting docs\11_Other_supporting_2_12th_grade_trascript2022-2023_MASRA_T.pdf"
2026-08-07 19:27:43 [WARNING] MENACE : None → 11_Other_supporting_2_12th_grade_trascript2022-2023_MASRA_T.pdf
2026-08-07 19:27:43 [ERROR]  Erreur scan YARA sur C:\Users\DELL LATITUDE 5420\OneDrive\Bureau\Retour avec Dieu à côté\AAA__China_CSC\Others\Hunan University\2_master_deg_Ok\Other supporting docs\11_Other_supporting_3_11th_grade transcript_2021-2022_MASRA_T.pdf : could not open file "C:\Users\DELL LATITUDE 5420\OneDrive\Bureau\Retour avec Dieu à côté\AAA__China_CSC\Others\Hunan University\2_master_deg_Ok\Other supporting docs\11_Other_supporting_3_11th_grade transcript_2021-2022_MASRA_T.pdf"
2026-08-07 19:27:43 [WARNING] MENACE : None → 11_Other_supporting_3_11th_grade transcript_2021-2022_MASRA_T.pdf
2026-08-07 19:27:43 [ERROR]  Erreur scan YARA sur C:\Users\DELL LATITUDE 5420\OneDrive\Bureau\Retour avec Dieu à côté\AAA__China_CSC\Others\Hunan University\2_master_deg_Ok\Other supporting docs\11_Other_supporting_4_10th_grade_transcript_2020-2021_MASRA_T.pdf : could not open file "C:\Users\DELL LATITUDE 5420\OneDrive\Bureau\Retour avec Dieu à côté\AAA__China_CSC\Others\Hunan University\2_master_deg_Ok\Other supporting docs\11_Other_supporting_4_10th_grade_transcript_2020-2021_MASRA_T.pdf"
2026-08-07 19:27:43 [WARNING] MENACE : None → 11_Other_supporting_4_10th_grade_transcript_2020-2021_MASRA_T.pdf
2026-08-07 19:27:45 [ERROR]  Erreur scan YARA sur C:\Users\DELL LATITUDE 5420\OneDrive\Bureau\Retour avec Dieu à côté\AAA__China_CSC\Others\Hunan University\1_bachelor_deg_Ok\Other supporting docs\11_Other_supporting_2_12th_grade_trascript2022-2023_MASRA_T.pdf : could not open file "C:\Users\DELL LATITUDE 5420\OneDrive\Bureau\Retour avec Dieu à côté\AAA__China_CSC\Others\Hunan University\1_bachelor_deg_Ok\Other supporting docs\11_Other_supporting_2_12th_grade_trascript2022-2023_MASRA_T.pdf"
2026-08-07 19:27:45 [WARNING] MENACE : None → 11_Other_supporting_2_12th_grade_trascript2022-2023_MASRA_T.pdf
2026-08-07 19:27:45 [ERROR]  Erreur scan YARA sur C:\Users\DELL LATITUDE 5420\OneDrive\Bureau\Retour avec Dieu à côté\AAA__China_CSC\Others\Hunan University\1_bachelor_deg_Ok\Other supporting docs\11_Other_supporting_3_11th_grade transcript_2021-2022_MASRA_T.pdf : could not open file "C:\Users\DELL LATITUDE 5420\OneDrive\Bureau\Retour avec Dieu à côté\AAA__China_CSC\Others\Hunan University\1_bachelor_deg_Ok\Other supporting docs\11_Other_supporting_3_11th_grade transcript_2021-2022_MASRA_T.pdf"
2026-08-07 19:27:45 [WARNING] MENACE : None → 11_Other_supporting_3_11th_grade transcript_2021-2022_MASRA_T.pdf
2026-08-07 19:27:46 [ERROR]  Erreur scan YARA sur C:\Users\DELL LATITUDE 5420\OneDrive\Bureau\Retour avec Dieu à côté\AAA__China_CSC\Others\Hunan University\1_bachelor_deg_Ok\Other supporting docs\11_Other_supporting_4_10th_grade_transcript_2020-2021_MASRA_T.pdf : could not open file "C:\Users\DELL LATITUDE 5420\OneDrive\Bureau\Retour avec Dieu à côté\AAA__China_CSC\Others\Hunan University\1_bachelor_deg_Ok\Other supporting docs\11_Other_supporting_4_10th_grade_transcript_2020-2021_MASRA_T.pdf"
2026-08-07 19:27:46 [WARNING] MENACE : None → 11_Other_supporting_4_10th_grade_transcript_2020-2021_MASRA_T.pdf
2026-08-07 19:27:46 [ERROR]  Erreur scan YARA sur C:\Users\DELL LATITUDE 5420\OneDrive\Bureau\Retour avec Dieu à côté\AAA__China_CSC\Others\CSCA\Prép test\CSCA Chemistry Examination Syllabus-2025.pdf : could not open file "C:\Users\DELL LATITUDE 5420\OneDrive\Bureau\Retour avec Dieu à côté\AAA__China_CSC\Others\CSCA\Prép test\CSCA Chemistry Examination Syllabus-2025.pdf"
2026-08-07 19:27:46 [WARNING] MENACE : None → CSCA Chemistry Examination Syllabus-2025.pdf
2026-08-07 19:27:46 [ERROR]  Erreur scan YARA sur C:\Users\DELL LATITUDE 5420\OneDrive\Bureau\Retour avec Dieu à côté\AAA__China_CSC\Others\CSCA\Prép test\CSCA Mathematics Examination Syllabus-2025.pdf : could not open file "C:\Users\DELL LATITUDE 5420\OneDrive\Bureau\Retour avec Dieu à côté\AAA__China_CSC\Others\CSCA\Prép test\CSCA Mathematics Examination Syllabus-2025.pdf"
2026-08-07 19:27:46 [WARNING] MENACE : None → CSCA Mathematics Examination Syllabus-2025.pdf
2026-08-07 19:27:46 [ERROR]  Erreur scan YARA sur C:\Users\DELL LATITUDE 5420\OneDrive\Bureau\Retour avec Dieu à côté\AAA__China_CSC\Others\CSCA\Prép test\CSCA Physics Examination Syllabus-2025.pdf : could not open file "C:\Users\DELL LATITUDE 5420\OneDrive\Bureau\Retour avec Dieu à côté\AAA__China_CSC\Others\CSCA\Prép test\CSCA Physics Examination Syllabus-2025.pdf"
2026-08-07 19:27:46 [WARNING] MENACE : None → CSCA Physics Examination Syllabus-2025.pdf
2026-08-07 19:27:46 [ERROR]  Erreur scan YARA sur C:\Users\DELL LATITUDE 5420\OneDrive\Bureau\Retour avec Dieu à côté\AAA__China_CSC\Guizhou\Application phase\Docs\7_Passport_MASRA_T.pdf : could not open file "C:\Users\DELL LATITUDE 5420\OneDrive\Bureau\Retour avec Dieu à côté\AAA__China_CSC\Guizhou\Application phase\Docs\7_Passport_MASRA_T.pdf"
2026-08-07 19:27:46 [WARNING] MENACE : None → 7_Passport_MASRA_T.pdf
2026-08-07 19:27:47 [ERROR]  Erreur scan YARA sur C:\Users\DELL LATITUDE 5420\OneDrive\Bureau\Retour avec Dieu à côté\AAA__China_CSC\Guizhou\Application phase\Docs\ATTESTATION DE CAPACITE FINANCIERE.pdf : could not open file "C:\Users\DELL LATITUDE 5420\OneDrive\Bureau\Retour avec Dieu à côté\AAA__China_CSC\Guizhou\Application phase\Docs\ATTESTATION DE CAPACITE FINANCIERE.pdf"
2026-08-07 19:27:47 [WARNING] MENACE : None → ATTESTATION DE CAPACITE FINANCIERE.pdf
2026-08-07 19:27:47 [ERROR]  Erreur scan YARA sur C:\Users\DELL LATITUDE 5420\OneDrive\Bureau\Retour avec Dieu à côté\AAA__China_CSC\Guizhou\Application phase\Docs\Bachelor's degree certificate.pdf : could not open file "C:\Users\DELL LATITUDE 5420\OneDrive\Bureau\Retour avec Dieu à côté\AAA__China_CSC\Guizhou\Application phase\Docs\Bachelor's degree certificate.pdf"
2026-08-07 19:27:47 [WARNING] MENACE : None → Bachelor's degree certificate.pdf
2026-08-07 19:27:47 [ERROR]  Erreur scan YARA sur C:\Users\DELL LATITUDE 5420\OneDrive\Bureau\Retour avec Dieu à côté\AAA__China_CSC\Guizhou\Application phase\Docs\Criminal record.pdf : could not open file "C:\Users\DELL LATITUDE 5420\OneDrive\Bureau\Retour avec Dieu à côté\AAA__China_CSC\Guizhou\Application phase\Docs\Criminal record.pdf"
2026-08-07 19:27:47 [WARNING] MENACE : None → Criminal record.pdf
2026-08-07 19:27:48 [ERROR]  Erreur scan YARA sur C:\Users\DELL LATITUDE 5420\OneDrive\Bureau\Retour avec Dieu à côté\AAA__China_CSC\Guizhou\Application phase\Docs\passport.png : could not open file "C:\Users\DELL LATITUDE 5420\OneDrive\Bureau\Retour avec Dieu à côté\AAA__China_CSC\Guizhou\Application phase\Docs\passport.png"
2026-08-07 19:27:48 [WARNING] MENACE : None → passport.png
2026-08-07 19:27:48 [ERROR]  Erreur scan YARA sur C:\Users\DELL LATITUDE 5420\OneDrive\Bureau\Retour avec Dieu à côté\AAA__China_CSC\Guizhou\Application phase\Docs\Crim rec\Capture d'écran 2026-06-20 132758.png : could not open file "C:\Users\DELL LATITUDE 5420\OneDrive\Bureau\Retour avec Dieu à côté\AAA__China_CSC\Guizhou\Application phase\Docs\Crim rec\Capture d'écran 2026-06-20 132758.png"
2026-08-07 19:27:48 [WARNING] MENACE : None → Capture d'écran 2026-06-20 132758.png
2026-08-07 19:27:49 [ERROR]  Erreur scan YARA sur C:\Users\DELL LATITUDE 5420\OneDrive\Bureau\Retour avec Dieu à côté\AAA__China_CSC\Guizhou\Application phase\Docs\Crim rec\Crim rec.pdf : could not open file "C:\Users\DELL LATITUDE 5420\OneDrive\Bureau\Retour avec Dieu à côté\AAA__China_CSC\Guizhou\Application phase\Docs\Crim rec\Crim rec.pdf"
2026-08-07 19:27:49 [WARNING] MENACE : None → Crim rec.pdf
2026-08-07 19:27:49 [ERROR]  Erreur scan YARA sur C:\Users\DELL LATITUDE 5420\OneDrive\Bureau\Retour avec Dieu à côté\AAA__China_CSC\Guizhou\Application phase\Docs\Crim rec\Criminal record english vers.png : could not open file "C:\Users\DELL LATITUDE 5420\OneDrive\Bureau\Retour avec Dieu à côté\AAA__China_CSC\Guizhou\Application phase\Docs\Crim rec\Criminal record english vers.png"
2026-08-07 19:27:49 [WARNING] MENACE : None → Criminal record english vers.png
2026-08-07 19:27:49 [ERROR]  Erreur scan YARA sur C:\Users\DELL LATITUDE 5420\OneDrive\Bureau\Realisations\Design\Capture d'écran 2026-05-22 232725.png : could not open file "C:\Users\DELL LATITUDE 5420\OneDrive\Bureau\Realisations\Design\Capture d'écran 2026-05-22 232725.png"
2026-08-07 19:27:49 [WARNING] MENACE : None → Capture d'écran 2026-05-22 232725.png
2026-08-07 19:27:49 [ERROR]  Erreur scan YARA sur C:\Users\DELL LATITUDE 5420\OneDrive\Bureau\Realisations\Design\Capture d'écran 2026-05-23 002839.png : could not open file "C:\Users\DELL LATITUDE 5420\OneDrive\Bureau\Realisations\Design\Capture d'écran 2026-05-23 002839.png"
2026-08-07 19:27:49 [WARNING] MENACE : None → Capture d'écran 2026-05-23 002839.png
2026-08-07 19:27:50 [ERROR]  Erreur scan YARA sur C:\Users\DELL LATITUDE 5420\OneDrive\Bureau\Realisations\Design\Capture d'écran 2026-05-26 183941.png : could not open file "C:\Users\DELL LATITUDE 5420\OneDrive\Bureau\Realisations\Design\Capture d'écran 2026-05-26 183941.png"
2026-08-07 19:27:50 [WARNING] MENACE : None → Capture d'écran 2026-05-26 183941.png
2026-08-07 19:27:50 [ERROR]  Erreur scan YARA sur C:\Users\DELL LATITUDE 5420\OneDrive\Bureau\Realisations\Design\Capture_d_écran_2026-05-04_145921-removebg-preview.png : could not open file "C:\Users\DELL LATITUDE 5420\OneDrive\Bureau\Realisations\Design\Capture_d_écran_2026-05-04_145921-removebg-preview.png"
2026-08-07 19:27:50 [WARNING] MENACE : None → Capture_d_écran_2026-05-04_145921-removebg-preview.png
2026-08-07 19:27:50 [ERROR]  Erreur scan YARA sur C:\Users\DELL LATITUDE 5420\OneDrive\Bureau\Realisations\Design\Capture_d_écran_2026-05-26_183941-removebg-preview.png : could not open file "C:\Users\DELL LATITUDE 5420\OneDrive\Bureau\Realisations\Design\Capture_d_écran_2026-05-26_183941-removebg-preview.png"
2026-08-07 19:27:50 [WARNING] MENACE : None → Capture_d_écran_2026-05-26_183941-removebg-preview.png
2026-08-07 19:27:50 [WARNING] MENACE : None → Quirinus.png
2026-08-07 19:27:50 [WARNING] MENACE : None → Quirinus_1.png
2026-08-07 19:27:51 [WARNING] MENACE : None → logo.png
2026-08-07 19:27:52 [WARNING] MENACE : None → login_pic_bg.png
2026-08-07 19:27:52 [WARNING] MENACE : None → logo_cybersec_no_bg_brithness_down_little.png
2026-08-07 19:27:53 [WARNING] MENACE : None → Quirinus-no_bg.png
2026-08-07 19:27:53 [WARNING] MENACE : None → Quirinus.png
2026-08-07 19:27:53 [WARNING] MENACE : None → Masra Thierry Dorobe.pdf
2026-08-07 19:27:53 [ERROR]  Erreur scan YARA sur C:\Users\DELL LATITUDE 5420\OneDrive\Bureau\Realisations\CodeAlpha\Instructions\Cyber Security Tasks & Instructions — CodeAlpha M1.pdf : could not open file "C:\Users\DELL LATITUDE 5420\OneDrive\Bureau\Realisations\CodeAlpha\Instructions\Cyber Security Tasks & Instructions — CodeAlpha M1.pdf"
2026-08-07 19:27:53 [WARNING] MENACE : None → Cyber Security Tasks & Instructions — CodeAlpha M1.pdf
2026-08-07 19:27:53 [WARNING] MENACE : None → Lettre_offer_stage.pdf
2026-08-07 19:27:53 [ERROR]  Erreur scan YARA sur C:\Users\DELL LATITUDE 5420\OneDrive\Bureau\Realisations\CodeAlpha\Post & Submission\Submiss\Capture d'écran 2026-05-29 234453.png : could not open file "C:\Users\DELL LATITUDE 5420\OneDrive\Bureau\Realisations\CodeAlpha\Post & Submission\Submiss\Capture d'écran 2026-05-29 234453.png"
2026-08-07 19:27:53 [WARNING] MENACE : None → Capture d'écran 2026-05-29 234453.png
2026-08-07 19:27:53 [ERROR]  Erreur scan YARA sur C:\Users\DELL LATITUDE 5420\OneDrive\Bureau\Realisations\CodeAlpha\Post & Submission\Post LinkedIn\Briques\Task1\Capture d'écran 2026-06-01 121448.png : could not open file "C:\Users\DELL LATITUDE 5420\OneDrive\Bureau\Realisations\CodeAlpha\Post & Submission\Post LinkedIn\Briques\Task1\Capture d'écran 2026-06-01 121448.png"
2026-08-07 19:27:53 [WARNING] MENACE : None → Capture d'écran 2026-06-01 121448.png
2026-08-07 19:27:53 [ERROR]  Erreur scan YARA sur C:\Users\DELL LATITUDE 5420\OneDrive\Bureau\Realisations\CodeAlpha\Post & Submission\Post LinkedIn\Briques\Task2\Capture d'écran 2026-06-01 121503.png : could not open file "C:\Users\DELL LATITUDE 5420\OneDrive\Bureau\Realisations\CodeAlpha\Post & Submission\Post LinkedIn\Briques\Task2\Capture d'écran 2026-06-01 121503.png"
2026-08-07 19:27:53 [WARNING] MENACE : None → Capture d'écran 2026-06-01 121503.png
2026-08-07 19:27:53 [ERROR]  Erreur scan YARA sur C:\Users\DELL LATITUDE 5420\OneDrive\Bureau\Realisations\CodeAlpha\Post & Submission\Post LinkedIn\Briques\Task3\Capture d'écran 2026-06-01 121513.png : could not open file "C:\Users\DELL LATITUDE 5420\OneDrive\Bureau\Realisations\CodeAlpha\Post & Submission\Post LinkedIn\Briques\Task3\Capture d'écran 2026-06-01 121513.png"
2026-08-07 19:27:53 [WARNING] MENACE : None → Capture d'écran 2026-06-01 121513.png
2026-08-07 19:27:53 [ERROR]  Erreur scan YARA sur C:\Users\DELL LATITUDE 5420\OneDrive\Bureau\Realisations\CodeAlpha\Post & Submission\Post LinkedIn\Briques\TAsk4\Capture d'écran 2026-06-01 121523.png : could not open file "C:\Users\DELL LATITUDE 5420\OneDrive\Bureau\Realisations\CodeAlpha\Post & Submission\Post LinkedIn\Briques\TAsk4\Capture d'écran 2026-06-01 121523.png"
2026-08-07 19:27:53 [WARNING] MENACE : None → Capture d'écran 2026-06-01 121523.png
2026-08-07 19:27:53 [ERROR]  Erreur scan YARA sur C:\Users\DELL LATITUDE 5420\OneDrive\Bureau\Realisations\CodeAlpha\Instructions\Instructions\Cyber Security Tasks & Instructions — CodeAlpha M1.pdf : could not open file "C:\Users\DELL LATITUDE 5420\OneDrive\Bureau\Realisations\CodeAlpha\Instructions\Instructions\Cyber Security Tasks & Instructions — CodeAlpha M1.pdf"
2026-08-07 19:27:53 [WARNING] MENACE : None → Cyber Security Tasks & Instructions — CodeAlpha M1.pdf
2026-08-07 19:27:54 [ERROR]  Erreur scan YARA sur C:\Users\DELL LATITUDE 5420\OneDrive\Bureau\Realisations\CodeAlpha\CodeAlpha_Internship_tasks\Task4_NetworkIDS\Screenshots\Capture d'écran 2026-05-29 202237.png : could not open file "C:\Users\DELL LATITUDE 5420\OneDrive\Bureau\Realisations\CodeAlpha\CodeAlpha_Internship_tasks\Task4_NetworkIDS\Screenshots\Capture d'écran 2026-05-29 202237.png"
2026-08-07 19:27:54 [WARNING] MENACE : None → Capture d'écran 2026-05-29 202237.png
2026-08-07 19:27:54 [ERROR]  Erreur scan YARA sur C:\Users\DELL LATITUDE 5420\OneDrive\Bureau\Realisations\CodeAlpha\CodeAlpha_Internship_tasks\Task4_NetworkIDS\Screenshots\Capture d'écran 2026-05-29 202346.png : could not open file "C:\Users\DELL LATITUDE 5420\OneDrive\Bureau\Realisations\CodeAlpha\CodeAlpha_Internship_tasks\Task4_NetworkIDS\Screenshots\Capture d'écran 2026-05-29 202346.png"
2026-08-07 19:27:54 [WARNING] MENACE : None → Capture d'écran 2026-05-29 202346.png
2026-08-07 19:27:54 [ERROR]  Erreur scan YARA sur C:\Users\DELL LATITUDE 5420\OneDrive\Bureau\Realisations\CodeAlpha\CodeAlpha_Internship_tasks\Task4_NetworkIDS\Screenshots\Capture d'écran 2026-05-29 202538.png : could not open file "C:\Users\DELL LATITUDE 5420\OneDrive\Bureau\Realisations\CodeAlpha\CodeAlpha_Internship_tasks\Task4_NetworkIDS\Screenshots\Capture d'écran 2026-05-29 202538.png"
2026-08-07 19:27:54 [WARNING] MENACE : None → Capture d'écran 2026-05-29 202538.png
2026-08-07 19:27:54 [ERROR]  Erreur scan YARA sur C:\Users\DELL LATITUDE 5420\OneDrive\Bureau\Realisations\Antivirus\1111___Anti V __  AEGIS ___prepa\Capture d'écran 2026-04-15 215915.png : could not open file "C:\Users\DELL LATITUDE 5420\OneDrive\Bureau\Realisations\Antivirus\1111___Anti V __  AEGIS ___prepa\Capture d'écran 2026-04-15 215915.png"
2026-08-07 19:27:54 [WARNING] MENACE : None → Capture d'écran 2026-04-15 215915.png
2026-08-07 19:27:54 [WARNING] MENACE : None → logo.png
2026-08-07 19:27:54 [WARNING]  Règle(s) YARA déclenchée(s) sur eicar.com: EICAR_Test_File
2026-08-07 19:27:54 [WARNING] MENACE : None → eicar.com
2026-08-07 19:27:54 [WARNING]  Règle(s) YARA déclenchée(s) sur hasher.dll: High_Entropy_Executable
2026-08-07 19:27:54 [WARNING] MENACE : None → hasher.dll
2026-08-07 19:27:54 [WARNING]  Règle(s) YARA déclenchée(s) sur eicar.com: EICAR_Test_File
2026-08-07 19:27:54 [WARNING] MENACE : None → eicar.com
2026-08-07 19:27:54 [WARNING] MENACE : None → suspect.exe
2026-08-07 19:27:54 [WARNING]  Règle(s) YARA déclenchée(s) sur bloom_matcher.dll: High_Entropy_Executable
2026-08-07 19:27:54 [WARNING] MENACE : None → bloom_matcher.dll
2026-08-07 19:27:54 [WARNING]  Règle(s) YARA déclenchée(s) sur hasher.dll: High_Entropy_Executable
2026-08-07 19:27:54 [WARNING] MENACE : None → hasher.dll
2026-08-07 19:27:56 [WARNING]  Règle(s) YARA déclenchée(s) sur libcrypto-4-x64.dll: High_Entropy_Executable
2026-08-07 19:27:56 [WARNING] MENACE : None → libcrypto-4-x64.dll
2026-08-07 19:27:57 [WARNING]  Règle(s) YARA déclenchée(s) sur libgcc_s_seh-1.dll: High_Entropy_Executable
2026-08-07 19:27:57 [WARNING] MENACE : None → libgcc_s_seh-1.dll
2026-08-07 19:27:58 [WARNING]  Règle(s) YARA déclenchée(s) sur libstdc++-6.dll: High_Entropy_Executable
2026-08-07 19:27:58 [WARNING] MENACE : None → libstdc++-6.dll
2026-08-07 19:27:58 [WARNING]  Règle(s) YARA déclenchée(s) sur libwinpthread-1.dll: High_Entropy_Executable
2026-08-07 19:27:58 [WARNING] MENACE : None → libwinpthread-1.dll
2026-08-07 19:27:58 [WARNING]  Règle(s) YARA déclenchée(s) sur a.exe: High_Entropy_Executable
2026-08-07 19:27:58 [WARNING] MENACE : None → a.exe
2026-08-07 19:27:58 [WARNING]  Règle(s) YARA déclenchée(s) sur a.exe: High_Entropy_Executable
2026-08-07 19:27:58 [WARNING] MENACE : None → a.exe
2026-08-07 19:27:58 [WARNING]  Règle(s) YARA déclenchée(s) sur a.exe: High_Entropy_Executable
2026-08-07 19:27:58 [WARNING] MENACE : None → a.exe
2026-08-07 19:27:58 [WARNING]  Règle(s) YARA déclenchée(s) sur a.exe: High_Entropy_Executable
2026-08-07 19:27:58 [WARNING] MENACE : None → a.exe
2026-08-07 19:27:58 [WARNING] MENACE : None → Architech 1.png
2026-08-07 19:27:58 [WARNING] MENACE : None → architecture glob 2.png
2026-08-07 19:27:58 [WARNING] MENACE : None → Bd_signature.png
2026-08-07 19:27:58 [WARNING] MENACE : None → Bib_&_Outils_1.png
2026-08-07 19:27:58 [WARNING] MENACE : None → Bib_&_Outils_2.png
2026-08-07 19:27:58 [WARNING] MENACE : None → Couches de l'archi.png
2026-08-07 19:27:58 [WARNING] MENACE : None → Etapes_de_dvp_1.png
2026-08-07 19:27:58 [WARNING] MENACE : None → Etapes_de_dvp_2.png
2026-08-07 19:27:58 [WARNING] MENACE : None → Etapes_de_dvp_3.png
2026-08-07 19:27:58 [WARNING] MENACE : None → Flux_d_execution_1.png
2026-08-07 19:27:58 [WARNING] MENACE : None → Flux_d_execution_2.png
2026-08-07 19:27:58 [WARNING] MENACE : None → Installations.png
2026-08-07 19:27:58 [WARNING] MENACE : None → Requierments.png
2026-08-07 19:27:58 [WARNING] MENACE : None → Struct_rep_1.png
2026-08-07 19:27:58 [WARNING] MENACE : None → Struct_rep_2.png
2026-08-07 19:27:58 [WARNING] MENACE : None → Struct_rep_3.png
2026-08-07 19:27:58 [WARNING] MENACE : None → Yara_dormat.png
2026-08-07 19:27:58 [ERROR]  Erreur scan YARA sur C:\Users\DELL LATITUDE 5420\OneDrive\Bureau\Projects\Projects\Kalpos vecto\Ori_retouché.png : could not open file "C:\Users\DELL LATITUDE 5420\OneDrive\Bureau\Projects\Projects\Kalpos vecto\Ori_retouché.png"
2026-08-07 19:27:58 [WARNING] MENACE : None → Ori_retouché.png
2026-08-07 19:27:59 [WARNING] MENACE : None → toaz.info-cor-exercices-mcd-pr_d809beb7db06f7f161f40e3cd051dcb4.pdf
2026-08-07 19:27:59 [ERROR]  Erreur scan YARA sur C:\Users\DELL LATITUDE 5420\OneDrive\Bureau\Projects\Projects\The magic mirroir\img\Capture d'écran 2025-05-09 132554.png : could not open file "C:\Users\DELL LATITUDE 5420\OneDrive\Bureau\Projects\Projects\The magic mirroir\img\Capture d'écran 2025-05-09 132554.png"
2026-08-07 19:27:59 [WARNING] MENACE : None → Capture d'écran 2025-05-09 132554.png
2026-08-07 19:27:59 [WARNING] MENACE : None → d.png
2026-08-07 19:27:59 [WARNING] MENACE : None → frame_.png
2026-08-07 19:27:59 [WARNING] MENACE : None → img_or.png
2026-08-07 19:27:59 [WARNING] MENACE : None → old_frame_.png
2026-08-07 19:27:59 [WARNING] MENACE : None → other_frame_.png
2026-08-07 19:27:59 [WARNING] MENACE : None → Super_T.png
2026-08-07 19:27:59 [WARNING] MENACE : None → zzz.png
2026-08-07 19:27:59 [ERROR]  Erreur scan YARA sur C:\Users\DELL LATITUDE 5420\OneDrive\Bureau\Projects\Projects\The magic mirroir\img\zzzCapture d'écran 2026-01-24 162053.png : could not open file "C:\Users\DELL LATITUDE 5420\OneDrive\Bureau\Projects\Projects\The magic mirroir\img\zzzCapture d'écran 2026-01-24 162053.png"
2026-08-07 19:27:59 [WARNING] MENACE : None → zzzCapture d'écran 2026-01-24 162053.png
2026-08-07 19:27:59 [ERROR]  Erreur scan YARA sur C:\Users\DELL LATITUDE 5420\OneDrive\Bureau\Projects\Projects\The magic mirroir\img\zzzCapture d'écran 2026-01-24 164947.png : could not open file "C:\Users\DELL LATITUDE 5420\OneDrive\Bureau\Projects\Projects\The magic mirroir\img\zzzCapture d'écran 2026-01-24 164947.png"
2026-08-07 19:27:59 [WARNING] MENACE : None → zzzCapture d'écran 2026-01-24 164947.png
2026-08-07 19:27:59 [ERROR]  Erreur scan YARA sur C:\Users\DELL LATITUDE 5420\OneDrive\Bureau\Projects\Projects\The magic mirroir\img\zzzzCapture d'écran 2026-01-24 170255.png : could not open file "C:\Users\DELL LATITUDE 5420\OneDrive\Bureau\Projects\Projects\The magic mirroir\img\zzzzCapture d'écran 2026-01-24 170255.png"
2026-08-07 19:27:59 [WARNING] MENACE : None → zzzzCapture d'écran 2026-01-24 170255.png
2026-08-07 19:27:59 [ERROR]  Erreur scan YARA sur C:\Users\DELL LATITUDE 5420\OneDrive\Bureau\Projects\Projects\The magic mirroir\img\zzzzzCapture d'écran 2026-01-24 162059.png : could not open file "C:\Users\DELL LATITUDE 5420\OneDrive\Bureau\Projects\Projects\The magic mirroir\img\zzzzzCapture d'écran 2026-01-24 162059.png"
2026-08-07 19:27:59 [WARNING] MENACE : None → zzzzzCapture d'écran 2026-01-24 162059.png
2026-08-07 19:27:59 [ERROR]  Erreur scan YARA sur C:\Users\DELL LATITUDE 5420\OneDrive\Bureau\Projects\Projects\Recher pour le plan Vert\Captures des recherches\Capture d'écran 2025-10-11 133316.png : could not open file "C:\Users\DELL LATITUDE 5420\OneDrive\Bureau\Projects\Projects\Recher pour le plan Vert\Captures des recherches\Capture d'écran 2025-10-11 133316.png"
2026-08-07 19:27:59 [WARNING] MENACE : None → Capture d'écran 2025-10-11 133316.png
2026-08-07 19:27:59 [ERROR]  Erreur scan YARA sur C:\Users\DELL LATITUDE 5420\OneDrive\Bureau\Projects\Projects\Recher pour le plan Vert\Captures des recherches\Capture d'écran 2025-10-11 133325.png : could not open file "C:\Users\DELL LATITUDE 5420\OneDrive\Bureau\Projects\Projects\Recher pour le plan Vert\Captures des recherches\Capture d'écran 2025-10-11 133325.png"
2026-08-07 19:27:59 [WARNING] MENACE : None → Capture d'écran 2025-10-11 133325.png
2026-08-07 19:27:59 [ERROR]  Erreur scan YARA sur C:\Users\DELL LATITUDE 5420\OneDrive\Bureau\Projects\Projects\Recher pour le plan Vert\Captures des recherches\Capture d'écran 2025-10-11 133334.png : could not open file "C:\Users\DELL LATITUDE 5420\OneDrive\Bureau\Projects\Projects\Recher pour le plan Vert\Captures des recherches\Capture d'écran 2025-10-11 133334.png"
2026-08-07 19:27:59 [WARNING] MENACE : None → Capture d'écran 2025-10-11 133334.png
2026-08-07 19:27:59 [ERROR]  Erreur scan YARA sur C:\Users\DELL LATITUDE 5420\OneDrive\Bureau\Projects\Projects\Recher pour le plan Vert\Captures des recherches\Capture d'écran 2025-10-11 133340.png : could not open file "C:\Users\DELL LATITUDE 5420\OneDrive\Bureau\Projects\Projects\Recher pour le plan Vert\Captures des recherches\Capture d'écran 2025-10-11 133340.png"
2026-08-07 19:27:59 [WARNING] MENACE : None → Capture d'écran 2025-10-11 133340.png
2026-08-07 19:27:59 [ERROR]  Erreur scan YARA sur C:\Users\DELL LATITUDE 5420\OneDrive\Bureau\Projects\Projects\Recher pour le plan Vert\Captures des recherches\Capture d'écran 2025-10-11 133412.png : could not open file "C:\Users\DELL LATITUDE 5420\OneDrive\Bureau\Projects\Projects\Recher pour le plan Vert\Captures des recherches\Capture d'écran 2025-10-11 133412.png"
2026-08-07 19:27:59 [WARNING] MENACE : None → Capture d'écran 2025-10-11 133412.png
2026-08-07 19:27:59 [ERROR]  Erreur scan YARA sur C:\Users\DELL LATITUDE 5420\OneDrive\Bureau\Projects\Projects\Recher pour le plan Vert\Captures des recherches\Capture d'écran 2025-10-11 134004.png : could not open file "C:\Users\DELL LATITUDE 5420\OneDrive\Bureau\Projects\Projects\Recher pour le plan Vert\Captures des recherches\Capture d'écran 2025-10-11 134004.png"
2026-08-07 19:27:59 [WARNING] MENACE : None → Capture d'écran 2025-10-11 134004.png
2026-08-07 19:27:59 [ERROR]  Erreur scan YARA sur C:\Users\DELL LATITUDE 5420\OneDrive\Bureau\Projects\Projects\Recher pour le plan Vert\Captures des recherches\Capture d'écran 2025-10-11 134012.png : could not open file "C:\Users\DELL LATITUDE 5420\OneDrive\Bureau\Projects\Projects\Recher pour le plan Vert\Captures des recherches\Capture d'écran 2025-10-11 134012.png"
2026-08-07 19:27:59 [WARNING] MENACE : None → Capture d'écran 2025-10-11 134012.png
2026-08-07 19:28:00 [ERROR]  Erreur scan YARA sur C:\Users\DELL LATITUDE 5420\OneDrive\Bureau\Projects\Projects\Recher pour le plan Vert\Captures des recherches\Capture d'écran 2025-10-11 134023.png : could not open file "C:\Users\DELL LATITUDE 5420\OneDrive\Bureau\Projects\Projects\Recher pour le plan Vert\Captures des recherches\Capture d'écran 2025-10-11 134023.png"
2026-08-07 19:28:00 [WARNING] MENACE : None → Capture d'écran 2025-10-11 134023.png
2026-08-07 19:28:00 [ERROR]  Erreur scan YARA sur C:\Users\DELL LATITUDE 5420\OneDrive\Bureau\Projects\Projects\Recher pour le plan Vert\Captures des recherches\Capture d'écran 2025-10-11 134029.png : could not open file "C:\Users\DELL LATITUDE 5420\OneDrive\Bureau\Projects\Projects\Recher pour le plan Vert\Captures des recherches\Capture d'écran 2025-10-11 134029.png"
2026-08-07 19:28:00 [WARNING] MENACE : None → Capture d'écran 2025-10-11 134029.png
2026-08-07 19:28:00 [ERROR]  Erreur scan YARA sur C:\Users\DELL LATITUDE 5420\OneDrive\Bureau\Projects\Projects\Recher pour le plan Vert\Captures des recherches\Capture d'écran 2025-10-11 134200.png : could not open file "C:\Users\DELL LATITUDE 5420\OneDrive\Bureau\Projects\Projects\Recher pour le plan Vert\Captures des recherches\Capture d'écran 2025-10-11 134200.png"
2026-08-07 19:28:00 [WARNING] MENACE : None → Capture d'écran 2025-10-11 134200.png
2026-08-07 19:28:00 [ERROR]  Erreur scan YARA sur C:\Users\DELL LATITUDE 5420\OneDrive\Bureau\Projects\Projects\Recher pour le plan Vert\Captures des recherches\Capture d'écran 2025-10-11 134732.png : could not open file "C:\Users\DELL LATITUDE 5420\OneDrive\Bureau\Projects\Projects\Recher pour le plan Vert\Captures des recherches\Capture d'écran 2025-10-11 134732.png"
2026-08-07 19:28:00 [WARNING] MENACE : None → Capture d'écran 2025-10-11 134732.png
2026-08-07 19:28:00 [ERROR]  Erreur scan YARA sur C:\Users\DELL LATITUDE 5420\OneDrive\Bureau\Projects\Projects\Recher pour le plan Vert\Captures des recherches\Capture d'écran 2025-10-11 135237.png : could not open file "C:\Users\DELL LATITUDE 5420\OneDrive\Bureau\Projects\Projects\Recher pour le plan Vert\Captures des recherches\Capture d'écran 2025-10-11 135237.png"
2026-08-07 19:28:00 [WARNING] MENACE : None → Capture d'écran 2025-10-11 135237.png
2026-08-07 19:28:00 [ERROR]  Erreur scan YARA sur C:\Users\DELL LATITUDE 5420\OneDrive\Bureau\Projects\Projects\Recher pour le plan Vert\Captures des recherches\Capture d'écran 2025-10-11 135244.png : could not open file "C:\Users\DELL LATITUDE 5420\OneDrive\Bureau\Projects\Projects\Recher pour le plan Vert\Captures des recherches\Capture d'écran 2025-10-11 135244.png"
2026-08-07 19:28:00 [WARNING] MENACE : None → Capture d'écran 2025-10-11 135244.png
2026-08-07 19:28:00 [ERROR]  Erreur scan YARA sur C:\Users\DELL LATITUDE 5420\OneDrive\Bureau\Projects\Projects\Recher pour le plan Vert\Captures des recherches\Capture d'écran 2025-10-11 135250.png : could not open file "C:\Users\DELL LATITUDE 5420\OneDrive\Bureau\Projects\Projects\Recher pour le plan Vert\Captures des recherches\Capture d'écran 2025-10-11 135250.png"
2026-08-07 19:28:00 [WARNING] MENACE : None → Capture d'écran 2025-10-11 135250.png
2026-08-07 19:28:00 [ERROR]  Erreur scan YARA sur C:\Users\DELL LATITUDE 5420\OneDrive\Bureau\Projects\Projects\Recher pour le plan Vert\Captures des recherches\Capture d'écran 2025-10-11 141300.png : could not open file "C:\Users\DELL LATITUDE 5420\OneDrive\Bureau\Projects\Projects\Recher pour le plan Vert\Captures des recherches\Capture d'écran 2025-10-11 141300.png"
2026-08-07 19:28:00 [WARNING] MENACE : None → Capture d'écran 2025-10-11 141300.png
2026-08-07 19:28:00 [ERROR]  Erreur scan YARA sur C:\Users\DELL LATITUDE 5420\OneDrive\Bureau\Projects\Projects\Recher pour le plan Vert\Captures des recherches\Capture d'écran 2025-10-11 141322.png : could not open file "C:\Users\DELL LATITUDE 5420\OneDrive\Bureau\Projects\Projects\Recher pour le plan Vert\Captures des recherches\Capture d'écran 2025-10-11 141322.png"
2026-08-07 19:28:00 [WARNING] MENACE : None → Capture d'écran 2025-10-11 141322.png
2026-08-07 19:28:00 [ERROR]  Erreur scan YARA sur C:\Users\DELL LATITUDE 5420\OneDrive\Bureau\Projects\Projects\Recher pour le plan Vert\Captures des recherches\Capture d'écran 2025-10-11 142020.png : could not open file "C:\Users\DELL LATITUDE 5420\OneDrive\Bureau\Projects\Projects\Recher pour le plan Vert\Captures des recherches\Capture d'écran 2025-10-11 142020.png"
2026-08-07 19:28:00 [WARNING] MENACE : None → Capture d'écran 2025-10-11 142020.png
2026-08-07 19:28:00 [ERROR]  Erreur scan YARA sur C:\Users\DELL LATITUDE 5420\OneDrive\Bureau\Projects\Projects\Recher pour le plan Vert\Captures des recherches\Capture d'écran 2025-10-11 143841.png : could not open file "C:\Users\DELL LATITUDE 5420\OneDrive\Bureau\Projects\Projects\Recher pour le plan Vert\Captures des recherches\Capture d'écran 2025-10-11 143841.png"
2026-08-07 19:28:00 [WARNING] MENACE : None → Capture d'écran 2025-10-11 143841.png
2026-08-07 19:28:00 [ERROR]  Erreur scan YARA sur C:\Users\DELL LATITUDE 5420\OneDrive\Bureau\Projects\Projects\Recher pour le plan Vert\Captures des recherches\Capture d'écran 2025-10-11 144713.png : could not open file "C:\Users\DELL LATITUDE 5420\OneDrive\Bureau\Projects\Projects\Recher pour le plan Vert\Captures des recherches\Capture d'écran 2025-10-11 144713.png"
2026-08-07 19:28:00 [WARNING] MENACE : None → Capture d'écran 2025-10-11 144713.png
2026-08-07 19:28:00 [ERROR]  Erreur scan YARA sur C:\Users\DELL LATITUDE 5420\OneDrive\Bureau\Projects\Projects\Recher pour le plan Vert\Captures des recherches\Capture d'écran 2025-10-11 144826.png : could not open file "C:\Users\DELL LATITUDE 5420\OneDrive\Bureau\Projects\Projects\Recher pour le plan Vert\Captures des recherches\Capture d'écran 2025-10-11 144826.png"
2026-08-07 19:28:00 [WARNING] MENACE : None → Capture d'écran 2025-10-11 144826.png
2026-08-07 19:28:00 [ERROR]  Erreur scan YARA sur C:\Users\DELL LATITUDE 5420\OneDrive\Bureau\Projects\Projects\Recher pour le plan Vert\Captures des recherches\Capture d'écran 2025-10-11 144923.png : could not open file "C:\Users\DELL LATITUDE 5420\OneDrive\Bureau\Projects\Projects\Recher pour le plan Vert\Captures des recherches\Capture d'écran 2025-10-11 144923.png"
2026-08-07 19:28:00 [WARNING] MENACE : None → Capture d'écran 2025-10-11 144923.png
2026-08-07 19:28:00 [ERROR]  Erreur scan YARA sur C:\Users\DELL LATITUDE 5420\OneDrive\Bureau\Projects\Projects\Recher pour le plan Vert\Captures des recherches\Capture d'écran 2025-10-11 145030.png : could not open file "C:\Users\DELL LATITUDE 5420\OneDrive\Bureau\Projects\Projects\Recher pour le plan Vert\Captures des recherches\Capture d'écran 2025-10-11 145030.png"
2026-08-07 19:28:00 [WARNING] MENACE : None → Capture d'écran 2025-10-11 145030.png
2026-08-07 19:28:00 [ERROR]  Erreur scan YARA sur C:\Users\DELL LATITUDE 5420\OneDrive\Bureau\Projects\Projects\Recher pour le plan Vert\Captures des recherches\Capture d'écran 2025-10-11 145128.png : could not open file "C:\Users\DELL LATITUDE 5420\OneDrive\Bureau\Projects\Projects\Recher pour le plan Vert\Captures des recherches\Capture d'écran 2025-10-11 145128.png"
2026-08-07 19:28:00 [WARNING] MENACE : None → Capture d'écran 2025-10-11 145128.png
2026-08-07 19:28:00 [ERROR]  Erreur scan YARA sur C:\Users\DELL LATITUDE 5420\OneDrive\Bureau\Projects\Projects\Recher pour le plan Vert\Captures des recherches\Capture d'écran 2025-10-11 145213.png : could not open file "C:\Users\DELL LATITUDE 5420\OneDrive\Bureau\Projects\Projects\Recher pour le plan Vert\Captures des recherches\Capture d'écran 2025-10-11 145213.png"
2026-08-07 19:28:00 [WARNING] MENACE : None → Capture d'écran 2025-10-11 145213.png
2026-08-07 19:28:00 [ERROR]  Erreur scan YARA sur C:\Users\DELL LATITUDE 5420\OneDrive\Bureau\Projects\Projects\Recher pour le plan Vert\Captures des recherches\Capture d'écran 2025-10-11 145309.png : could not open file "C:\Users\DELL LATITUDE 5420\OneDrive\Bureau\Projects\Projects\Recher pour le plan Vert\Captures des recherches\Capture d'écran 2025-10-11 145309.png"
2026-08-07 19:28:00 [WARNING] MENACE : None → Capture d'écran 2025-10-11 145309.png
2026-08-07 19:28:00 [ERROR]  Erreur scan YARA sur C:\Users\DELL LATITUDE 5420\OneDrive\Bureau\Projects\Projects\Recher pour le plan Vert\Captures des recherches\Capture d'écran 2025-10-11 145330.png : could not open file "C:\Users\DELL LATITUDE 5420\OneDrive\Bureau\Projects\Projects\Recher pour le plan Vert\Captures des recherches\Capture d'écran 2025-10-11 145330.png"
2026-08-07 19:28:00 [WARNING] MENACE : None → Capture d'écran 2025-10-11 145330.png
2026-08-07 19:28:00 [ERROR]  Erreur scan YARA sur C:\Users\DELL LATITUDE 5420\OneDrive\Bureau\Projects\Projects\Recher pour le plan Vert\Captures des recherches\Capture d'écran 2025-10-11 145337.png : could not open file "C:\Users\DELL LATITUDE 5420\OneDrive\Bureau\Projects\Projects\Recher pour le plan Vert\Captures des recherches\Capture d'écran 2025-10-11 145337.png"
2026-08-07 19:28:00 [WARNING] MENACE : None → Capture d'écran 2025-10-11 145337.png
2026-08-07 19:28:00 [ERROR]  Erreur scan YARA sur C:\Users\DELL LATITUDE 5420\OneDrive\Bureau\Projects\Projects\Recher pour le plan Vert\Captures des recherches\Capture d'écran 2025-10-11 145419.png : could not open file "C:\Users\DELL LATITUDE 5420\OneDrive\Bureau\Projects\Projects\Recher pour le plan Vert\Captures des recherches\Capture d'écran 2025-10-11 145419.png"
2026-08-07 19:28:00 [WARNING] MENACE : None → Capture d'écran 2025-10-11 145419.png
2026-08-07 19:28:00 [ERROR]  Erreur scan YARA sur C:\Users\DELL LATITUDE 5420\OneDrive\Bureau\Projects\Projects\Recher pour le plan Vert\Captures des recherches\Capture d'écran 2025-10-11 145438.png : could not open file "C:\Users\DELL LATITUDE 5420\OneDrive\Bureau\Projects\Projects\Recher pour le plan Vert\Captures des recherches\Capture d'écran 2025-10-11 145438.png"
2026-08-07 19:28:00 [WARNING] MENACE : None → Capture d'écran 2025-10-11 145438.png
2026-08-07 19:28:00 [ERROR]  Erreur scan YARA sur C:\Users\DELL LATITUDE 5420\OneDrive\Bureau\Projects\Projects\Recher pour le plan Vert\Captures des recherches\Capture d'écran 2025-10-11 145501.png : could not open file "C:\Users\DELL LATITUDE 5420\OneDrive\Bureau\Projects\Projects\Recher pour le plan Vert\Captures des recherches\Capture d'écran 2025-10-11 145501.png"
2026-08-07 19:28:00 [WARNING] MENACE : None → Capture d'écran 2025-10-11 145501.png
2026-08-07 19:28:00 [ERROR]  Erreur scan YARA sur C:\Users\DELL LATITUDE 5420\OneDrive\Bureau\Projects\Projects\Recher pour le plan Vert\Captures des recherches\Capture d'écran 2025-10-11 145512.png : could not open file "C:\Users\DELL LATITUDE 5420\OneDrive\Bureau\Projects\Projects\Recher pour le plan Vert\Captures des recherches\Capture d'écran 2025-10-11 145512.png"
2026-08-07 19:28:00 [WARNING] MENACE : None → Capture d'écran 2025-10-11 145512.png
2026-08-07 19:28:00 [ERROR]  Erreur scan YARA sur C:\Users\DELL LATITUDE 5420\OneDrive\Bureau\Projects\Projects\Recher pour le plan Vert\Captures des recherches\Capture d'écran 2025-10-11 145746.png : could not open file "C:\Users\DELL LATITUDE 5420\OneDrive\Bureau\Projects\Projects\Recher pour le plan Vert\Captures des recherches\Capture d'écran 2025-10-11 145746.png"
2026-08-07 19:28:00 [WARNING] MENACE : None → Capture d'écran 2025-10-11 145746.png
2026-08-07 19:28:00 [ERROR]  Erreur scan YARA sur C:\Users\DELL LATITUDE 5420\OneDrive\Bureau\Projects\Projects\Recher pour le plan Vert\Captures des recherches\Capture d'écran 2025-10-11 150313.png : could not open file "C:\Users\DELL LATITUDE 5420\OneDrive\Bureau\Projects\Projects\Recher pour le plan Vert\Captures des recherches\Capture d'écran 2025-10-11 150313.png"
2026-08-07 19:28:00 [WARNING] MENACE : None → Capture d'écran 2025-10-11 150313.png
2026-08-07 19:28:00 [ERROR]  Erreur scan YARA sur C:\Users\DELL LATITUDE 5420\OneDrive\Bureau\Projects\Projects\Recher pour le plan Vert\Captures des recherches\Capture d'écran 2025-10-11 150332.png : could not open file "C:\Users\DELL LATITUDE 5420\OneDrive\Bureau\Projects\Projects\Recher pour le plan Vert\Captures des recherches\Capture d'écran 2025-10-11 150332.png"
2026-08-07 19:28:00 [WARNING] MENACE : None → Capture d'écran 2025-10-11 150332.png
2026-08-07 19:28:00 [ERROR]  Erreur scan YARA sur C:\Users\DELL LATITUDE 5420\OneDrive\Bureau\Projects\Projects\Recher pour le plan Vert\Captures des recherches\Capture d'écran 2025-10-11 150435.png : could not open file "C:\Users\DELL LATITUDE 5420\OneDrive\Bureau\Projects\Projects\Recher pour le plan Vert\Captures des recherches\Capture d'écran 2025-10-11 150435.png"
2026-08-07 19:28:00 [WARNING] MENACE : None → Capture d'écran 2025-10-11 150435.png
2026-08-07 19:28:00 [ERROR]  Erreur scan YARA sur C:\Users\DELL LATITUDE 5420\OneDrive\Bureau\Projects\Projects\Recher pour le plan Vert\Captures des recherches\Capture d'écran 2025-10-11 150538.png : could not open file "C:\Users\DELL LATITUDE 5420\OneDrive\Bureau\Projects\Projects\Recher pour le plan Vert\Captures des recherches\Capture d'écran 2025-10-11 150538.png"
2026-08-07 19:28:00 [WARNING] MENACE : None → Capture d'écran 2025-10-11 150538.png
2026-08-07 19:28:00 [ERROR]  Erreur scan YARA sur C:\Users\DELL LATITUDE 5420\OneDrive\Bureau\Projects\Projects\Recher pour le plan Vert\Captures des recherches\Capture d'écran 2025-10-11 150707.png : could not open file "C:\Users\DELL LATITUDE 5420\OneDrive\Bureau\Projects\Projects\Recher pour le plan Vert\Captures des recherches\Capture d'écran 2025-10-11 150707.png"
2026-08-07 19:28:00 [WARNING] MENACE : None → Capture d'écran 2025-10-11 150707.png
2026-08-07 19:28:00 [ERROR]  Erreur scan YARA sur C:\Users\DELL LATITUDE 5420\OneDrive\Bureau\Projects\Projects\Recher pour le plan Vert\Captures des recherches\Capture d'écran 2025-10-11 150726.png : could not open file "C:\Users\DELL LATITUDE 5420\OneDrive\Bureau\Projects\Projects\Recher pour le plan Vert\Captures des recherches\Capture d'écran 2025-10-11 150726.png"
2026-08-07 19:28:00 [WARNING] MENACE : None → Capture d'écran 2025-10-11 150726.png
2026-08-07 19:28:00 [ERROR]  Erreur scan YARA sur C:\Users\DELL LATITUDE 5420\OneDrive\Bureau\Projects\Projects\Recher pour le plan Vert\Captures des recherches\Capture d'écran 2025-10-11 150746.png : could not open file "C:\Users\DELL LATITUDE 5420\OneDrive\Bureau\Projects\Projects\Recher pour le plan Vert\Captures des recherches\Capture d'écran 2025-10-11 150746.png"
2026-08-07 19:28:00 [WARNING] MENACE : None → Capture d'écran 2025-10-11 150746.png
2026-08-07 19:28:00 [ERROR]  Erreur scan YARA sur C:\Users\DELL LATITUDE 5420\OneDrive\Bureau\Projects\Projects\Recher pour le plan Vert\Captures des recherches\Capture d'écran 2025-10-11 150825.png : could not open file "C:\Users\DELL LATITUDE 5420\OneDrive\Bureau\Projects\Projects\Recher pour le plan Vert\Captures des recherches\Capture d'écran 2025-10-11 150825.png"
2026-08-07 19:28:00 [WARNING] MENACE : None → Capture d'écran 2025-10-11 150825.png
2026-08-07 19:28:00 [ERROR]  Erreur scan YARA sur C:\Users\DELL LATITUDE 5420\OneDrive\Bureau\Projects\Projects\Recher pour le plan Vert\Captures des recherches\Capture d'écran 2025-10-11 151020.png : could not open file "C:\Users\DELL LATITUDE 5420\OneDrive\Bureau\Projects\Projects\Recher pour le plan Vert\Captures des recherches\Capture d'écran 2025-10-11 151020.png"
2026-08-07 19:28:00 [WARNING] MENACE : None → Capture d'écran 2025-10-11 151020.png
2026-08-07 19:28:01 [WARNING] MENACE : None → img_fond_login_page.png
2026-08-07 19:28:01 [ERROR]  Erreur scan YARA sur C:\Users\DELL LATITUDE 5420\OneDrive\Bureau\Projects\Projects\Plan T\Plan Bleu\Capture d'écran 2025-10-25 150812.png : could not open file "C:\Users\DELL LATITUDE 5420\OneDrive\Bureau\Projects\Projects\Plan T\Plan Bleu\Capture d'écran 2025-10-25 150812.png"
2026-08-07 19:28:01 [WARNING] MENACE : None → Capture d'écran 2025-10-25 150812.png
2026-08-07 19:28:01 [ERROR]  Erreur scan YARA sur C:\Users\DELL LATITUDE 5420\OneDrive\Bureau\Projects\Projects\Plan T\Plan Bleu\Capture d'écran 2025-10-25 151649.png : could not open file "C:\Users\DELL LATITUDE 5420\OneDrive\Bureau\Projects\Projects\Plan T\Plan Bleu\Capture d'écran 2025-10-25 151649.png"
2026-08-07 19:28:01 [WARNING] MENACE : None → Capture d'écran 2025-10-25 151649.png
2026-08-07 19:28:01 [ERROR]  Erreur scan YARA sur C:\Users\DELL LATITUDE 5420\OneDrive\Bureau\Projects\Projects\Plan T\Plan Bleu\Capture d'écran 2025-10-25 152118.png : could not open file "C:\Users\DELL LATITUDE 5420\OneDrive\Bureau\Projects\Projects\Plan T\Plan Bleu\Capture d'écran 2025-10-25 152118.png"
2026-08-07 19:28:01 [WARNING] MENACE : None → Capture d'écran 2025-10-25 152118.png
2026-08-07 19:28:01 [ERROR]  Erreur scan YARA sur C:\Users\DELL LATITUDE 5420\OneDrive\Bureau\Projects\Projects\Plan T\Plan Bleu\Capture d'écran 2025-10-25 152126.png : could not open file "C:\Users\DELL LATITUDE 5420\OneDrive\Bureau\Projects\Projects\Plan T\Plan Bleu\Capture d'écran 2025-10-25 152126.png"
2026-08-07 19:28:01 [WARNING] MENACE : None → Capture d'écran 2025-10-25 152126.png
2026-08-07 19:28:01 [ERROR]  Erreur scan YARA sur C:\Users\DELL LATITUDE 5420\OneDrive\Bureau\Projects\Projects\Plan T\Plan Bleu\Capture d'écran 2025-10-25 152136.png : could not open file "C:\Users\DELL LATITUDE 5420\OneDrive\Bureau\Projects\Projects\Plan T\Plan Bleu\Capture d'écran 2025-10-25 152136.png"
2026-08-07 19:28:01 [WARNING] MENACE : None → Capture d'écran 2025-10-25 152136.png
2026-08-07 19:28:01 [ERROR]  Erreur scan YARA sur C:\Users\DELL LATITUDE 5420\OneDrive\Bureau\Projects\Projects\Plan T\Plan Bleu\Capture d'écran 2025-10-25 152149.png : could not open file "C:\Users\DELL LATITUDE 5420\OneDrive\Bureau\Projects\Projects\Plan T\Plan Bleu\Capture d'écran 2025-10-25 152149.png"
2026-08-07 19:28:01 [WARNING] MENACE : None → Capture d'écran 2025-10-25 152149.png
2026-08-07 19:28:01 [ERROR]  Erreur scan YARA sur C:\Users\DELL LATITUDE 5420\OneDrive\Bureau\Projects\Projects\Plan T\Plan Bleu\Capture d'écran 2025-10-25 152157.png : could not open file "C:\Users\DELL LATITUDE 5420\OneDrive\Bureau\Projects\Projects\Plan T\Plan Bleu\Capture d'écran 2025-10-25 152157.png"
2026-08-07 19:28:01 [WARNING] MENACE : None → Capture d'écran 2025-10-25 152157.png
2026-08-07 19:28:01 [ERROR]  Erreur scan YARA sur C:\Users\DELL LATITUDE 5420\OneDrive\Bureau\Projects\Projects\Plan T\Plan Bleu\Capture d'écran 2025-10-25 153958.png : could not open file "C:\Users\DELL LATITUDE 5420\OneDrive\Bureau\Projects\Projects\Plan T\Plan Bleu\Capture d'écran 2025-10-25 153958.png"
2026-08-07 19:28:01 [WARNING] MENACE : None → Capture d'écran 2025-10-25 153958.png
2026-08-07 19:28:01 [ERROR]  Erreur scan YARA sur C:\Users\DELL LATITUDE 5420\OneDrive\Bureau\Projects\Projects\Plan T\Plan Bleu\Capture d'écran 2025-10-25 154349.png : could not open file "C:\Users\DELL LATITUDE 5420\OneDrive\Bureau\Projects\Projects\Plan T\Plan Bleu\Capture d'écran 2025-10-25 154349.png"
2026-08-07 19:28:01 [WARNING] MENACE : None → Capture d'écran 2025-10-25 154349.png
2026-08-07 19:28:01 [ERROR]  Erreur scan YARA sur C:\Users\DELL LATITUDE 5420\OneDrive\Bureau\Projects\Projects\Desktop mate project\Deepseek\Eléménts requis\Capture d'écran 2025-09-17 174518.png : could not open file "C:\Users\DELL LATITUDE 5420\OneDrive\Bureau\Projects\Projects\Desktop mate project\Deepseek\Eléménts requis\Capture d'écran 2025-09-17 174518.png"
2026-08-07 19:28:01 [WARNING] MENACE : None → Capture d'écran 2025-09-17 174518.png
2026-08-07 19:28:01 [ERROR]  Erreur scan YARA sur C:\Users\DELL LATITUDE 5420\OneDrive\Bureau\Projects\Projects\Desktop mate project\Deepseek\Eléménts requis\Capture d'écran 2025-09-17 174529.png : could not open file "C:\Users\DELL LATITUDE 5420\OneDrive\Bureau\Projects\Projects\Desktop mate project\Deepseek\Eléménts requis\Capture d'écran 2025-09-17 174529.png"
2026-08-07 19:28:01 [WARNING] MENACE : None → Capture d'écran 2025-09-17 174529.png
2026-08-07 19:28:01 [ERROR]  Erreur scan YARA sur C:\Users\DELL LATITUDE 5420\OneDrive\Bureau\Projects\Projects\Desktop mate project\Deepseek\Eléménts requis\Capture d'écran 2025-09-17 174539.png : could not open file "C:\Users\DELL LATITUDE 5420\OneDrive\Bureau\Projects\Projects\Desktop mate project\Deepseek\Eléménts requis\Capture d'écran 2025-09-17 174539.png"
2026-08-07 19:28:01 [WARNING] MENACE : None → Capture d'écran 2025-09-17 174539.png
2026-08-07 19:28:01 [ERROR]  Erreur scan YARA sur C:\Users\DELL LATITUDE 5420\OneDrive\Bureau\Projects\Projects\Desktop mate project\Deepseek\Eléménts requis\Capture d'écran 2025-09-17 174548.png : could not open file "C:\Users\DELL LATITUDE 5420\OneDrive\Bureau\Projects\Projects\Desktop mate project\Deepseek\Eléménts requis\Capture d'écran 2025-09-17 174548.png"
2026-08-07 19:28:01 [WARNING] MENACE : None → Capture d'écran 2025-09-17 174548.png
2026-08-07 19:28:01 [ERROR]  Erreur scan YARA sur C:\Users\DELL LATITUDE 5420\OneDrive\Bureau\Projects\Projects\Desktop mate project\Deepseek\Eléménts requis\Capture d'écran 2025-09-17 174612.png : could not open file "C:\Users\DELL LATITUDE 5420\OneDrive\Bureau\Projects\Projects\Desktop mate project\Deepseek\Eléménts requis\Capture d'écran 2025-09-17 174612.png"
2026-08-07 19:28:01 [WARNING] MENACE : None → Capture d'écran 2025-09-17 174612.png
2026-08-07 19:28:01 [ERROR]  Erreur scan YARA sur C:\Users\DELL LATITUDE 5420\OneDrive\Bureau\Projects\Projects\Desktop mate project\Deepseek\Eléménts requis\Capture d'écran 2025-09-17 174619.png : could not open file "C:\Users\DELL LATITUDE 5420\OneDrive\Bureau\Projects\Projects\Desktop mate project\Deepseek\Eléménts requis\Capture d'écran 2025-09-17 174619.png"
2026-08-07 19:28:01 [WARNING] MENACE : None → Capture d'écran 2025-09-17 174619.png
2026-08-07 19:28:01 [ERROR]  Erreur scan YARA sur C:\Users\DELL LATITUDE 5420\OneDrive\Bureau\Projects\Projects\Desktop mate project\Deepseek\Eléménts requis\Capture d'écran 2025-09-17 174632.png : could not open file "C:\Users\DELL LATITUDE 5420\OneDrive\Bureau\Projects\Projects\Desktop mate project\Deepseek\Eléménts requis\Capture d'écran 2025-09-17 174632.png"
2026-08-07 19:28:01 [WARNING] MENACE : None → Capture d'écran 2025-09-17 174632.png
2026-08-07 19:28:01 [ERROR]  Erreur scan YARA sur C:\Users\DELL LATITUDE 5420\OneDrive\Bureau\Projects\Projects\Desktop mate project\Deepseek\Eléménts requis\Capture d'écran 2025-09-17 174638.png : could not open file "C:\Users\DELL LATITUDE 5420\OneDrive\Bureau\Projects\Projects\Desktop mate project\Deepseek\Eléménts requis\Capture d'écran 2025-09-17 174638.png"
2026-08-07 19:28:01 [WARNING] MENACE : None → Capture d'écran 2025-09-17 174638.png
2026-08-07 19:28:01 [ERROR]  Erreur scan YARA sur C:\Users\DELL LATITUDE 5420\OneDrive\Bureau\Projects\Projects\Desktop mate project\Deepseek\Etapes\Capture d'écran 2025-09-17 175322.png : could not open file "C:\Users\DELL LATITUDE 5420\OneDrive\Bureau\Projects\Projects\Desktop mate project\Deepseek\Etapes\Capture d'écran 2025-09-17 175322.png"
2026-08-07 19:28:01 [WARNING] MENACE : None → Capture d'écran 2025-09-17 175322.png
2026-08-07 19:28:01 [ERROR]  Erreur scan YARA sur C:\Users\DELL LATITUDE 5420\OneDrive\Bureau\Projects\Projects\Desktop mate project\Deepseek\Etapes\Capture d'écran 2025-09-17 175336.png : could not open file "C:\Users\DELL LATITUDE 5420\OneDrive\Bureau\Projects\Projects\Desktop mate project\Deepseek\Etapes\Capture d'écran 2025-09-17 175336.png"
2026-08-07 19:28:01 [WARNING] MENACE : None → Capture d'écran 2025-09-17 175336.png
2026-08-07 19:28:01 [ERROR]  Erreur scan YARA sur C:\Users\DELL LATITUDE 5420\OneDrive\Bureau\Projects\Projects\Desktop mate project\Deepseek\Etapes\Capture d'écran 2025-09-17 175350.png : could not open file "C:\Users\DELL LATITUDE 5420\OneDrive\Bureau\Projects\Projects\Desktop mate project\Deepseek\Etapes\Capture d'écran 2025-09-17 175350.png"
2026-08-07 19:28:01 [WARNING] MENACE : None → Capture d'écran 2025-09-17 175350.png
2026-08-07 19:28:01 [ERROR]  Erreur scan YARA sur C:\Users\DELL LATITUDE 5420\OneDrive\Bureau\Projects\Projects\Desktop mate project\Deepseek\Etapes\Capture d'écran 2025-09-17 175356.png : could not open file "C:\Users\DELL LATITUDE 5420\OneDrive\Bureau\Projects\Projects\Desktop mate project\Deepseek\Etapes\Capture d'écran 2025-09-17 175356.png"
2026-08-07 19:28:01 [WARNING] MENACE : None → Capture d'écran 2025-09-17 175356.png
2026-08-07 19:28:01 [ERROR]  Erreur scan YARA sur C:\Users\DELL LATITUDE 5420\OneDrive\Bureau\Projects\Projects\Desktop mate project\Deepseek\Etapes\Capture d'écran 2025-09-17 175405.png : could not open file "C:\Users\DELL LATITUDE 5420\OneDrive\Bureau\Projects\Projects\Desktop mate project\Deepseek\Etapes\Capture d'écran 2025-09-17 175405.png"
2026-08-07 19:28:01 [WARNING] MENACE : None → Capture d'écran 2025-09-17 175405.png
2026-08-07 19:28:01 [ERROR]  Erreur scan YARA sur C:\Users\DELL LATITUDE 5420\OneDrive\Bureau\Projects\Projects\Desktop mate project\Deepseek\Etapes\Capture d'écran 2025-09-17 175419.png : could not open file "C:\Users\DELL LATITUDE 5420\OneDrive\Bureau\Projects\Projects\Desktop mate project\Deepseek\Etapes\Capture d'écran 2025-09-17 175419.png"
2026-08-07 19:28:01 [WARNING] MENACE : None → Capture d'écran 2025-09-17 175419.png
2026-08-07 19:28:01 [ERROR]  Erreur scan YARA sur C:\Users\DELL LATITUDE 5420\OneDrive\Bureau\Projects\Projects\Desktop mate project\Deepseek\Etapes\Capture d'écran 2025-09-17 175425.png : could not open file "C:\Users\DELL LATITUDE 5420\OneDrive\Bureau\Projects\Projects\Desktop mate project\Deepseek\Etapes\Capture d'écran 2025-09-17 175425.png"
2026-08-07 19:28:01 [WARNING] MENACE : None → Capture d'écran 2025-09-17 175425.png
2026-08-07 19:28:01 [ERROR]  Erreur scan YARA sur C:\Users\DELL LATITUDE 5420\OneDrive\Bureau\Projects\Projects\Desktop mate project\Deepseek\Etapes\Capture d'écran 2025-09-17 175432.png : could not open file "C:\Users\DELL LATITUDE 5420\OneDrive\Bureau\Projects\Projects\Desktop mate project\Deepseek\Etapes\Capture d'écran 2025-09-17 175432.png"
2026-08-07 19:28:01 [WARNING] MENACE : None → Capture d'écran 2025-09-17 175432.png
2026-08-07 19:28:01 [ERROR]  Erreur scan YARA sur C:\Users\DELL LATITUDE 5420\OneDrive\Bureau\Projects\Projects\Desktop mate project\Copilot\Eléments requis\Environnement de dévéloppement.png : could not open file "C:\Users\DELL LATITUDE 5420\OneDrive\Bureau\Projects\Projects\Desktop mate project\Copilot\Eléments requis\Environnement de dévéloppement.png"
2026-08-07 19:28:01 [WARNING] MENACE : None → Environnement de dévéloppement.png
2026-08-07 19:28:01 [ERROR]  Erreur scan YARA sur C:\Users\DELL LATITUDE 5420\OneDrive\Bureau\Projects\Projects\Desktop mate project\Copilot\Eléments requis\Fonctionnaité à prévoir.png : could not open file "C:\Users\DELL LATITUDE 5420\OneDrive\Bureau\Projects\Projects\Desktop mate project\Copilot\Eléments requis\Fonctionnaité à prévoir.png"
2026-08-07 19:28:01 [WARNING] MENACE : None → Fonctionnaité à prévoir.png
2026-08-07 19:28:01 [ERROR]  Erreur scan YARA sur C:\Users\DELL LATITUDE 5420\OneDrive\Bureau\Projects\Projects\Desktop mate project\Copilot\Eléments requis\Langages de programmation.png : could not open file "C:\Users\DELL LATITUDE 5420\OneDrive\Bureau\Projects\Projects\Desktop mate project\Copilot\Eléments requis\Langages de programmation.png"
2026-08-07 19:28:01 [WARNING] MENACE : None → Langages de programmation.png
2026-08-07 19:28:01 [ERROR]  Erreur scan YARA sur C:\Users\DELL LATITUDE 5420\OneDrive\Bureau\Projects\Projects\Desktop mate project\Copilot\Eléments requis\Materiels recommandés.png : could not open file "C:\Users\DELL LATITUDE 5420\OneDrive\Bureau\Projects\Projects\Desktop mate project\Copilot\Eléments requis\Materiels recommandés.png"
2026-08-07 19:28:01 [WARNING] MENACE : None → Materiels recommandés.png
2026-08-07 19:28:01 [ERROR]  Erreur scan YARA sur C:\Users\DELL LATITUDE 5420\OneDrive\Bureau\Projects\Projects\Desktop mate project\Copilot\Eléments requis\Moteurs grapiques.png : could not open file "C:\Users\DELL LATITUDE 5420\OneDrive\Bureau\Projects\Projects\Desktop mate project\Copilot\Eléments requis\Moteurs grapiques.png"
2026-08-07 19:28:01 [WARNING] MENACE : None → Moteurs grapiques.png
2026-08-07 19:28:01 [ERROR]  Erreur scan YARA sur C:\Users\DELL LATITUDE 5420\OneDrive\Bureau\Projects\Projects\Desktop mate project\Copilot\Eléments requis\Outils de création artistique.png : could not open file "C:\Users\DELL LATITUDE 5420\OneDrive\Bureau\Projects\Projects\Desktop mate project\Copilot\Eléments requis\Outils de création artistique.png"
2026-08-07 19:28:01 [WARNING] MENACE : None → Outils de création artistique.png
2026-08-07 19:28:01 [ERROR]  Erreur scan YARA sur C:\Users\DELL LATITUDE 5420\OneDrive\Bureau\Projects\Projects\Desktop mate project\Copilot\Etapes\Capture d'écran 2025-09-17 173157.png : could not open file "C:\Users\DELL LATITUDE 5420\OneDrive\Bureau\Projects\Projects\Desktop mate project\Copilot\Etapes\Capture d'écran 2025-09-17 173157.png"
2026-08-07 19:28:01 [WARNING] MENACE : None → Capture d'écran 2025-09-17 173157.png
2026-08-07 19:28:01 [ERROR]  Erreur scan YARA sur C:\Users\DELL LATITUDE 5420\OneDrive\Bureau\Projects\Projects\Desktop mate project\Copilot\Etapes\Capture d'écran 2025-09-17 173204.png : could not open file "C:\Users\DELL LATITUDE 5420\OneDrive\Bureau\Projects\Projects\Desktop mate project\Copilot\Etapes\Capture d'écran 2025-09-17 173204.png"
2026-08-07 19:28:01 [WARNING] MENACE : None → Capture d'écran 2025-09-17 173204.png
2026-08-07 19:28:01 [ERROR]  Erreur scan YARA sur C:\Users\DELL LATITUDE 5420\OneDrive\Bureau\Projects\Projects\Desktop mate project\Copilot\Etapes\Capture d'écran 2025-09-17 173235.png : could not open file "C:\Users\DELL LATITUDE 5420\OneDrive\Bureau\Projects\Projects\Desktop mate project\Copilot\Etapes\Capture d'écran 2025-09-17 173235.png"
2026-08-07 19:28:01 [WARNING] MENACE : None → Capture d'écran 2025-09-17 173235.png
2026-08-07 19:28:01 [ERROR]  Erreur scan YARA sur C:\Users\DELL LATITUDE 5420\OneDrive\Bureau\Projects\Projects\Desktop mate project\Copilot\Etapes\Capture d'écran 2025-09-17 173250.png : could not open file "C:\Users\DELL LATITUDE 5420\OneDrive\Bureau\Projects\Projects\Desktop mate project\Copilot\Etapes\Capture d'écran 2025-09-17 173250.png"
2026-08-07 19:28:01 [WARNING] MENACE : None → Capture d'écran 2025-09-17 173250.png
2026-08-07 19:28:01 [ERROR]  Erreur scan YARA sur C:\Users\DELL LATITUDE 5420\OneDrive\Bureau\Projects\Projects\Desktop mate project\Copilot\Etapes\Capture d'écran 2025-09-17 173303.png : could not open file "C:\Users\DELL LATITUDE 5420\OneDrive\Bureau\Projects\Projects\Desktop mate project\Copilot\Etapes\Capture d'écran 2025-09-17 173303.png"
2026-08-07 19:28:01 [WARNING] MENACE : None → Capture d'écran 2025-09-17 173303.png
2026-08-07 19:28:01 [ERROR]  Erreur scan YARA sur C:\Users\DELL LATITUDE 5420\OneDrive\Bureau\Projects\Projects\Desktop mate project\Copilot\Etapes\Capture d'écran 2025-09-17 173316.png : could not open file "C:\Users\DELL LATITUDE 5420\OneDrive\Bureau\Projects\Projects\Desktop mate project\Copilot\Etapes\Capture d'écran 2025-09-17 173316.png"
2026-08-07 19:28:01 [WARNING] MENACE : None → Capture d'écran 2025-09-17 173316.png
2026-08-07 19:28:01 [ERROR]  Erreur scan YARA sur C:\Users\DELL LATITUDE 5420\OneDrive\Bureau\Projects\Projects\Desktop mate project\Copilot\Etapes\Capture d'écran 2025-09-17 173329.png : could not open file "C:\Users\DELL LATITUDE 5420\OneDrive\Bureau\Projects\Projects\Desktop mate project\Copilot\Etapes\Capture d'écran 2025-09-17 173329.png"
2026-08-07 19:28:01 [WARNING] MENACE : None → Capture d'écran 2025-09-17 173329.png
2026-08-07 19:28:01 [ERROR]  Erreur scan YARA sur C:\Users\DELL LATITUDE 5420\OneDrive\Bureau\Projects\Projects\Desktop mate project\Copilot\Etapes\Capture d'écran 2025-09-17 173340.png : could not open file "C:\Users\DELL LATITUDE 5420\OneDrive\Bureau\Projects\Projects\Desktop mate project\Copilot\Etapes\Capture d'écran 2025-09-17 173340.png"
2026-08-07 19:28:01 [WARNING] MENACE : None → Capture d'écran 2025-09-17 173340.png
2026-08-07 19:28:01 [ERROR]  Erreur scan YARA sur C:\Users\DELL LATITUDE 5420\OneDrive\Bureau\Projects\Projects\Desktop mate project\Copilot\Etapes\Capture d'écran 2025-09-17 173351.png : could not open file "C:\Users\DELL LATITUDE 5420\OneDrive\Bureau\Projects\Projects\Desktop mate project\Copilot\Etapes\Capture d'écran 2025-09-17 173351.png"
2026-08-07 19:28:01 [WARNING] MENACE : None → Capture d'écran 2025-09-17 173351.png
2026-08-07 19:28:01 [ERROR]  Erreur scan YARA sur C:\Users\DELL LATITUDE 5420\OneDrive\Bureau\Projects\Projects\Desktop mate project\Copilot\Etapes\Capture d'écran 2025-09-17 173358.png : could not open file "C:\Users\DELL LATITUDE 5420\OneDrive\Bureau\Projects\Projects\Desktop mate project\Copilot\Etapes\Capture d'écran 2025-09-17 173358.png"
2026-08-07 19:28:01 [WARNING] MENACE : None → Capture d'écran 2025-09-17 173358.png
2026-08-07 19:28:01 [ERROR]  Erreur scan YARA sur C:\Users\DELL LATITUDE 5420\OneDrive\Bureau\Projects\Projects\Desktop mate project\Copilot\Etapes\Capture d'écran 2025-09-17 173424.png : could not open file "C:\Users\DELL LATITUDE 5420\OneDrive\Bureau\Projects\Projects\Desktop mate project\Copilot\Etapes\Capture d'écran 2025-09-17 173424.png"
2026-08-07 19:28:01 [WARNING] MENACE : None → Capture d'écran 2025-09-17 173424.png
2026-08-07 19:28:02 [ERROR]  Erreur scan YARA sur C:\Users\DELL LATITUDE 5420\OneDrive\Bureau\Projects\Projects\Bruteforce_simultation_défense\offensive\le_point_js.js : could not open file "C:\Users\DELL LATITUDE 5420\OneDrive\Bureau\Projects\Projects\Bruteforce_simultation_défense\offensive\le_point_js.js"
2026-08-07 19:28:02 [ERROR]  Erreur scan YARA sur C:\Users\DELL LATITUDE 5420\OneDrive\Bureau\Projects\Projects\Bruteforce_simultation_défense\design\pictures\Capture d'écran 2026-04-26 152359.png : could not open file "C:\Users\DELL LATITUDE 5420\OneDrive\Bureau\Projects\Projects\Bruteforce_simultation_défense\design\pictures\Capture d'écran 2026-04-26 152359.png"
2026-08-07 19:28:02 [WARNING] MENACE : None → Capture d'écran 2026-04-26 152359.png
2026-08-07 19:28:02 [ERROR]  Erreur scan YARA sur C:\Users\DELL LATITUDE 5420\OneDrive\Bureau\Projects\Projects\Bruteforce_simultation_défense\design\pictures\login_pic_bg.png : could not open file "C:\Users\DELL LATITUDE 5420\OneDrive\Bureau\Projects\Projects\Bruteforce_simultation_défense\design\pictures\login_pic_bg.png"
2026-08-07 19:28:02 [WARNING] MENACE : None → login_pic_bg.png
2026-08-07 19:28:02 [ERROR]  Erreur scan YARA sur C:\Users\DELL LATITUDE 5420\OneDrive\Bureau\Projects\Projects\Bruteforce_simultation_défense\design\pictures\logo_cybersec_no_bg_brithness_down_little.png : could not open file "C:\Users\DELL LATITUDE 5420\OneDrive\Bureau\Projects\Projects\Bruteforce_simultation_défense\design\pictures\logo_cybersec_no_bg_brithness_down_little.png"
2026-08-07 19:28:02 [WARNING] MENACE : None → logo_cybersec_no_bg_brithness_down_little.png
2026-08-07 19:28:02 [ERROR]  Erreur scan YARA sur C:\Users\DELL LATITUDE 5420\OneDrive\Bureau\Projects\Projects\Bruteforce_simultation_défense\design\pictures\Quirinus-no_bg.png : could not open file "C:\Users\DELL LATITUDE 5420\OneDrive\Bureau\Projects\Projects\Bruteforce_simultation_défense\design\pictures\Quirinus-no_bg.png"
2026-08-07 19:28:02 [WARNING] MENACE : None → Quirinus-no_bg.png
2026-08-07 19:28:02 [ERROR]  Erreur scan YARA sur C:\Users\DELL LATITUDE 5420\OneDrive\Bureau\Projects\Projects\Bruteforce_simultation_défense\design\pictures\Quirinus.png : could not open file "C:\Users\DELL LATITUDE 5420\OneDrive\Bureau\Projects\Projects\Bruteforce_simultation_défense\design\pictures\Quirinus.png"
2026-08-07 19:28:02 [WARNING] MENACE : None → Quirinus.png
2026-08-07 19:28:02 [ERROR]  Erreur scan YARA sur C:\Users\DELL LATITUDE 5420\OneDrive\Bureau\Projects\New Organisation\Vie en échiquier\assets\echiquier.js : could not open file "C:\Users\DELL LATITUDE 5420\OneDrive\Bureau\Projects\New Organisation\Vie en échiquier\assets\echiquier.js"
2026-08-07 19:28:02 [ERROR]  Erreur scan YARA sur C:\Users\DELL LATITUDE 5420\OneDrive\Bureau\Projects\New Organisation\Vie en échiquier\assets\images\Capture d'écran 2025-11-16 174055.png : could not open file "C:\Users\DELL LATITUDE 5420\OneDrive\Bureau\Projects\New Organisation\Vie en échiquier\assets\images\Capture d'écran 2025-11-16 174055.png"
2026-08-07 19:28:02 [WARNING] MENACE : None → Capture d'écran 2025-11-16 174055.png
2026-08-07 19:28:02 [ERROR]  Erreur scan YARA sur C:\Users\DELL LATITUDE 5420\OneDrive\Bureau\Projects\New Organisation\Vie en échiquier\assets\images\Pièces\1A.png : could not open file "C:\Users\DELL LATITUDE 5420\OneDrive\Bureau\Projects\New Organisation\Vie en échiquier\assets\images\Pièces\1A.png"
2026-08-07 19:28:02 [WARNING] MENACE : None → 1A.png
2026-08-07 19:28:02 [ERROR]  Erreur scan YARA sur C:\Users\DELL LATITUDE 5420\OneDrive\Bureau\Projects\New Organisation\Vie en échiquier\assets\images\Pièces\1B.png : could not open file "C:\Users\DELL LATITUDE 5420\OneDrive\Bureau\Projects\New Organisation\Vie en échiquier\assets\images\Pièces\1B.png"
2026-08-07 19:28:02 [WARNING] MENACE : None → 1B.png
2026-08-07 19:28:03 [ERROR]  Erreur scan YARA sur C:\Users\DELL LATITUDE 5420\OneDrive\Bureau\Projects\New Organisation\Vie en échiquier\assets\images\Pièces\1C.png : could not open file "C:\Users\DELL LATITUDE 5420\OneDrive\Bureau\Projects\New Organisation\Vie en échiquier\assets\images\Pièces\1C.png"
2026-08-07 19:28:03 [WARNING] MENACE : None → 1C.png
2026-08-07 19:28:03 [ERROR]  Erreur scan YARA sur C:\Users\DELL LATITUDE 5420\OneDrive\Bureau\Projects\New Organisation\Vie en échiquier\assets\images\Pièces\1D.png : could not open file "C:\Users\DELL LATITUDE 5420\OneDrive\Bureau\Projects\New Organisation\Vie en échiquier\assets\images\Pièces\1D.png"
2026-08-07 19:28:03 [WARNING] MENACE : None → 1D.png
2026-08-07 19:28:03 [ERROR]  Erreur scan YARA sur C:\Users\DELL LATITUDE 5420\OneDrive\Bureau\Projects\New Organisation\Vie en échiquier\assets\images\Pièces\1E.png : could not open file "C:\Users\DELL LATITUDE 5420\OneDrive\Bureau\Projects\New Organisation\Vie en échiquier\assets\images\Pièces\1E.png"
2026-08-07 19:28:03 [WARNING] MENACE : None → 1E.png
2026-08-07 19:28:03 [ERROR]  Erreur scan YARA sur C:\Users\DELL LATITUDE 5420\OneDrive\Bureau\Projects\New Organisation\Vie en échiquier\assets\images\Pièces\1F.png : could not open file "C:\Users\DELL LATITUDE 5420\OneDrive\Bureau\Projects\New Organisation\Vie en échiquier\assets\images\Pièces\1F.png"
2026-08-07 19:28:03 [WARNING] MENACE : None → 1F.png
2026-08-07 19:28:03 [ERROR]  Erreur scan YARA sur C:\Users\DELL LATITUDE 5420\OneDrive\Bureau\Projects\New Organisation\Vie en échiquier\assets\images\Pièces\1G.png : could not open file "C:\Users\DELL LATITUDE 5420\OneDrive\Bureau\Projects\New Organisation\Vie en échiquier\assets\images\Pièces\1G.png"
2026-08-07 19:28:03 [WARNING] MENACE : None → 1G.png
2026-08-07 19:28:03 [ERROR]  Erreur scan YARA sur C:\Users\DELL LATITUDE 5420\OneDrive\Bureau\Projects\New Organisation\Vie en échiquier\assets\images\Pièces\1H.png : could not open file "C:\Users\DELL LATITUDE 5420\OneDrive\Bureau\Projects\New Organisation\Vie en échiquier\assets\images\Pièces\1H.png"
2026-08-07 19:28:03 [WARNING] MENACE : None → 1H.png
2026-08-07 19:28:03 [ERROR]  Erreur scan YARA sur C:\Users\DELL LATITUDE 5420\OneDrive\Bureau\Projects\New Organisation\Vie en échiquier\assets\images\Pièces\2A.png : could not open file "C:\Users\DELL LATITUDE 5420\OneDrive\Bureau\Projects\New Organisation\Vie en échiquier\assets\images\Pièces\2A.png"
2026-08-07 19:28:03 [WARNING] MENACE : None → 2A.png
2026-08-07 19:28:03 [ERROR]  Erreur scan YARA sur C:\Users\DELL LATITUDE 5420\OneDrive\Bureau\Projects\New Organisation\Vie en échiquier\assets\images\Pièces\2B.png : could not open file "C:\Users\DELL LATITUDE 5420\OneDrive\Bureau\Projects\New Organisation\Vie en échiquier\assets\images\Pièces\2B.png"
2026-08-07 19:28:03 [WARNING] MENACE : None → 2B.png
2026-08-07 19:28:03 [ERROR]  Erreur scan YARA sur C:\Users\DELL LATITUDE 5420\OneDrive\Bureau\Projects\New Organisation\Vie en échiquier\assets\images\Pièces\2C.png : could not open file "C:\Users\DELL LATITUDE 5420\OneDrive\Bureau\Projects\New Organisation\Vie en échiquier\assets\images\Pièces\2C.png"
2026-08-07 19:28:03 [WARNING] MENACE : None → 2C.png
2026-08-07 19:28:03 [ERROR]  Erreur scan YARA sur C:\Users\DELL LATITUDE 5420\OneDrive\Bureau\Projects\New Organisation\Vie en échiquier\assets\images\Pièces\2D.png : could not open file "C:\Users\DELL LATITUDE 5420\OneDrive\Bureau\Projects\New Organisation\Vie en échiquier\assets\images\Pièces\2D.png"
2026-08-07 19:28:03 [WARNING] MENACE : None → 2D.png
2026-08-07 19:28:03 [ERROR]  Erreur scan YARA sur C:\Users\DELL LATITUDE 5420\OneDrive\Bureau\Projects\New Organisation\Vie en échiquier\assets\images\Pièces\2E.png : could not open file "C:\Users\DELL LATITUDE 5420\OneDrive\Bureau\Projects\New Organisation\Vie en échiquier\assets\images\Pièces\2E.png"
2026-08-07 19:28:03 [WARNING] MENACE : None → 2E.png
2026-08-07 19:28:03 [ERROR]  Erreur scan YARA sur C:\Users\DELL LATITUDE 5420\OneDrive\Bureau\Projects\New Organisation\Vie en échiquier\assets\images\Pièces\2F.png : could not open file "C:\Users\DELL LATITUDE 5420\OneDrive\Bureau\Projects\New Organisation\Vie en échiquier\assets\images\Pièces\2F.png"
2026-08-07 19:28:03 [WARNING] MENACE : None → 2F.png
2026-08-07 19:28:03 [ERROR]  Erreur scan YARA sur C:\Users\DELL LATITUDE 5420\OneDrive\Bureau\Projects\New Organisation\Vie en échiquier\assets\images\Pièces\2G.png : could not open file "C:\Users\DELL LATITUDE 5420\OneDrive\Bureau\Projects\New Organisation\Vie en échiquier\assets\images\Pièces\2G.png"
2026-08-07 19:28:03 [WARNING] MENACE : None → 2G.png
2026-08-07 19:28:03 [ERROR]  Erreur scan YARA sur C:\Users\DELL LATITUDE 5420\OneDrive\Bureau\Projects\New Organisation\Vie en échiquier\assets\images\Pièces\2H.png : could not open file "C:\Users\DELL LATITUDE 5420\OneDrive\Bureau\Projects\New Organisation\Vie en échiquier\assets\images\Pièces\2H.png"
2026-08-07 19:28:03 [WARNING] MENACE : None → 2H.png
2026-08-07 19:28:03 [ERROR]  Erreur scan YARA sur C:\Users\DELL LATITUDE 5420\OneDrive\Bureau\Projects\New Organisation\The magic mirroir\img\Capture d'écran 2025-05-09 132554.png : could not open file "C:\Users\DELL LATITUDE 5420\OneDrive\Bureau\Projects\New Organisation\The magic mirroir\img\Capture d'écran 2025-05-09 132554.png"
2026-08-07 19:28:03 [WARNING] MENACE : None → Capture d'écran 2025-05-09 132554.png
2026-08-07 19:28:03 [WARNING] MENACE : None → d.png
2026-08-07 19:28:03 [WARNING] MENACE : None → frame_.png
2026-08-07 19:28:03 [WARNING] MENACE : None → img_or.png
2026-08-07 19:28:04 [WARNING] MENACE : None → old_frame_.png
2026-08-07 19:28:04 [WARNING] MENACE : None → other_frame_.png
2026-08-07 19:28:04 [WARNING] MENACE : None → Super_T.png
2026-08-07 19:28:04 [WARNING] MENACE : None → zzz.png
2026-08-07 19:28:04 [ERROR]  Erreur scan YARA sur C:\Users\DELL LATITUDE 5420\OneDrive\Bureau\Projects\New Organisation\The magic mirroir\img\zzzCapture d'écran 2026-01-24 162053.png : could not open file "C:\Users\DELL LATITUDE 5420\OneDrive\Bureau\Projects\New Organisation\The magic mirroir\img\zzzCapture d'écran 2026-01-24 162053.png"
2026-08-07 19:28:04 [WARNING] MENACE : None → zzzCapture d'écran 2026-01-24 162053.png
2026-08-07 19:28:04 [ERROR]  Erreur scan YARA sur C:\Users\DELL LATITUDE 5420\OneDrive\Bureau\Projects\New Organisation\The magic mirroir\img\zzzCapture d'écran 2026-01-24 164947.png : could not open file "C:\Users\DELL LATITUDE 5420\OneDrive\Bureau\Projects\New Organisation\The magic mirroir\img\zzzCapture d'écran 2026-01-24 164947.png"
2026-08-07 19:28:04 [WARNING] MENACE : None → zzzCapture d'écran 2026-01-24 164947.png
2026-08-07 19:28:04 [ERROR]  Erreur scan YARA sur C:\Users\DELL LATITUDE 5420\OneDrive\Bureau\Projects\New Organisation\The magic mirroir\img\zzzzCapture d'écran 2026-01-24 170255.png : could not open file "C:\Users\DELL LATITUDE 5420\OneDrive\Bureau\Projects\New Organisation\The magic mirroir\img\zzzzCapture d'écran 2026-01-24 170255.png"
2026-08-07 19:28:04 [WARNING] MENACE : None → zzzzCapture d'écran 2026-01-24 170255.png
2026-08-07 19:28:04 [ERROR]  Erreur scan YARA sur C:\Users\DELL LATITUDE 5420\OneDrive\Bureau\Projects\New Organisation\The magic mirroir\img\zzzzzCapture d'écran 2026-01-24 162059.png : could not open file "C:\Users\DELL LATITUDE 5420\OneDrive\Bureau\Projects\New Organisation\The magic mirroir\img\zzzzzCapture d'écran 2026-01-24 162059.png"
2026-08-07 19:28:04 [WARNING] MENACE : None → zzzzzCapture d'écran 2026-01-24 162059.png
2026-08-07 19:28:04 [ERROR]  Erreur scan YARA sur C:\Users\DELL LATITUDE 5420\OneDrive\Bureau\Projects\New Organisation\Prise de contôl\Control_app\assets\main.js : could not open file "C:\Users\DELL LATITUDE 5420\OneDrive\Bureau\Projects\New Organisation\Prise de contôl\Control_app\assets\main.js"
2026-08-07 19:28:04 [ERROR]  Erreur scan YARA sur C:\Users\DELL LATITUDE 5420\OneDrive\Bureau\Projects\New Organisation\Prise de contôl\Control_app\Bouillon\essaies_.js : could not open file "C:\Users\DELL LATITUDE 5420\OneDrive\Bureau\Projects\New Organisation\Prise de contôl\Control_app\Bouillon\essaies_.js"
2026-08-07 19:28:04 [ERROR]  Erreur scan YARA sur C:\Users\DELL LATITUDE 5420\OneDrive\Bureau\Projects\New Organisation\Prise de contôl\Control_app\Bouillon\fun.js : could not open file "C:\Users\DELL LATITUDE 5420\OneDrive\Bureau\Projects\New Organisation\Prise de contôl\Control_app\Bouillon\fun.js"
2026-08-07 19:28:04 [ERROR]  Erreur scan YARA sur C:\Users\DELL LATITUDE 5420\OneDrive\Bureau\Projects\New Organisation\Prise de contôl\Control_app\Bouillon\last_niveaux.js : could not open file "C:\Users\DELL LATITUDE 5420\OneDrive\Bureau\Projects\New Organisation\Prise de contôl\Control_app\Bouillon\last_niveaux.js"
2026-08-07 19:28:04 [ERROR]  Erreur scan YARA sur C:\Users\DELL LATITUDE 5420\OneDrive\Bureau\Projects\New Organisation\Prise de contôl\Control_app\Bouillon\old_2_niveaux.js : could not open file "C:\Users\DELL LATITUDE 5420\OneDrive\Bureau\Projects\New Organisation\Prise de contôl\Control_app\Bouillon\old_2_niveaux.js"
2026-08-07 19:28:04 [ERROR]  Erreur scan YARA sur C:\Users\DELL LATITUDE 5420\OneDrive\Bureau\Projects\New Organisation\Prise de contôl\Control_app\Bouillon\old_3_niveaux.js : could not open file "C:\Users\DELL LATITUDE 5420\OneDrive\Bureau\Projects\New Organisation\Prise de contôl\Control_app\Bouillon\old_3_niveaux.js"
2026-08-07 19:28:04 [ERROR]  Erreur scan YARA sur C:\Users\DELL LATITUDE 5420\OneDrive\Bureau\Projects\New Organisation\Prise de contôl\Control_app\Bouillon\old_niveaux.js : could not open file "C:\Users\DELL LATITUDE 5420\OneDrive\Bureau\Projects\New Organisation\Prise de contôl\Control_app\Bouillon\old_niveaux.js"
2026-08-07 19:28:04 [ERROR]  Erreur scan YARA sur C:\Users\DELL LATITUDE 5420\OneDrive\Bureau\Projects\New Organisation\Pouvoir\48 laws of power\Les 48 Lois du Pouvoir Résumé .pdf : could not open file "C:\Users\DELL LATITUDE 5420\OneDrive\Bureau\Projects\New Organisation\Pouvoir\48 laws of power\Les 48 Lois du Pouvoir Résumé .pdf"
2026-08-07 19:28:04 [WARNING] MENACE : None → Les 48 Lois du Pouvoir Résumé .pdf
2026-08-07 19:28:04 [ERROR]  Erreur scan YARA sur C:\Users\DELL LATITUDE 5420\OneDrive\Bureau\Pour les vacccs now\Coatching Mbaidéné\Capture d'écran 2025-08-21 201728.png : could not open file "C:\Users\DELL LATITUDE 5420\OneDrive\Bureau\Pour les vacccs now\Coatching Mbaidéné\Capture d'écran 2025-08-21 201728.png"
2026-08-07 19:28:04 [WARNING] MENACE : None → Capture d'écran 2025-08-21 201728.png
2026-08-07 19:28:04 [ERROR]  Erreur scan YARA sur C:\Users\DELL LATITUDE 5420\OneDrive\Bureau\Pour les vacccs now\Coatching Mbaidéné\Capture d'écran 2025-08-21 201755.png : could not open file "C:\Users\DELL LATITUDE 5420\OneDrive\Bureau\Pour les vacccs now\Coatching Mbaidéné\Capture d'écran 2025-08-21 201755.png"
2026-08-07 19:28:04 [WARNING] MENACE : None → Capture d'écran 2025-08-21 201755.png
2026-08-07 19:28:04 [ERROR]  Erreur scan YARA sur C:\Users\DELL LATITUDE 5420\OneDrive\Bureau\Pour les vacccs now\Coatching Mbaidéné\Capture d'écran 2025-08-21 201830.png : could not open file "C:\Users\DELL LATITUDE 5420\OneDrive\Bureau\Pour les vacccs now\Coatching Mbaidéné\Capture d'écran 2025-08-21 201830.png"
2026-08-07 19:28:04 [WARNING] MENACE : None → Capture d'écran 2025-08-21 201830.png
2026-08-07 19:28:04 [ERROR]  Erreur scan YARA sur C:\Users\DELL LATITUDE 5420\OneDrive\Bureau\Pour les vacccs now\Coatching Mbaidéné\Capture d'écran 2025-08-21 202304.png : could not open file "C:\Users\DELL LATITUDE 5420\OneDrive\Bureau\Pour les vacccs now\Coatching Mbaidéné\Capture d'écran 2025-08-21 202304.png"
2026-08-07 19:28:04 [WARNING] MENACE : None → Capture d'écran 2025-08-21 202304.png
2026-08-07 19:28:04 [ERROR]  Erreur scan YARA sur C:\Users\DELL LATITUDE 5420\OneDrive\Bureau\Pour les vacccs now\Coatching Mbaidéné\CmdDos.pdf : could not open file "C:\Users\DELL LATITUDE 5420\OneDrive\Bureau\Pour les vacccs now\Coatching Mbaidéné\CmdDos.pdf"
2026-08-07 19:28:04 [WARNING] MENACE : None → CmdDos.pdf
2026-08-07 19:28:04 [ERROR]  Erreur scan YARA sur C:\Users\DELL LATITUDE 5420\OneDrive\Bureau\Pour les vacccs now\Coatching Mbaidéné\cours_CommandesSEWin.pdf : could not open file "C:\Users\DELL LATITUDE 5420\OneDrive\Bureau\Pour les vacccs now\Coatching Mbaidéné\cours_CommandesSEWin.pdf"
2026-08-07 19:28:04 [WARNING] MENACE : None → cours_CommandesSEWin.pdf
2026-08-07 19:28:16 [ERROR]  Erreur scan YARA sur C:\Users\DELL LATITUDE 5420\OneDrive\Bureau\Pour les vacccs now\Coatching Mbaidéné\RapidTyping_Setup_5.5.exe : could not open file "C:\Users\DELL LATITUDE 5420\OneDrive\Bureau\Pour les vacccs now\Coatching Mbaidéné\RapidTyping_Setup_5.5.exe"
2026-08-07 19:28:16 [WARNING] MENACE : None → RapidTyping_Setup_5.5.exe
2026-08-07 19:28:16 [WARNING] MENACE : None → math-pour-info1.pdf
2026-08-07 19:28:17 [WARNING] MENACE : None → math-pour-info2.pdf
2026-08-07 19:28:17 [ERROR]  Erreur scan YARA sur C:\Users\DELL LATITUDE 5420\OneDrive\Bureau\Pour les vacccs now\Pour les vac\Maths\Théorie des ensembles\théorie-des-ensembles-cours-01.pdf : could not open file "C:\Users\DELL LATITUDE 5420\OneDrive\Bureau\Pour les vacccs now\Pour les vac\Maths\Théorie des ensembles\théorie-des-ensembles-cours-01.pdf"
2026-08-07 19:28:17 [WARNING] MENACE : None → théorie-des-ensembles-cours-01.pdf
2026-08-07 19:28:17 [ERROR]  Erreur scan YARA sur C:\Users\DELL LATITUDE 5420\OneDrive\Bureau\Pour les vacccs now\Pour les vac\Maths\Théorie des ensembles\théorie-des-ensembles-et-des-applications.pdf : could not open file "C:\Users\DELL LATITUDE 5420\OneDrive\Bureau\Pour les vacccs now\Pour les vac\Maths\Théorie des ensembles\théorie-des-ensembles-et-des-applications.pdf"
2026-08-07 19:28:17 [WARNING] MENACE : None → théorie-des-ensembles-et-des-applications.pdf
2026-08-07 19:28:17 [ERROR]  Erreur scan YARA sur C:\Users\DELL LATITUDE 5420\OneDrive\Bureau\Pour les vacccs now\Pour les vac\Maths\Théorie des ensembles\théorie-des-ensembles-exercice-01.pdf : could not open file "C:\Users\DELL LATITUDE 5420\OneDrive\Bureau\Pour les vacccs now\Pour les vac\Maths\Théorie des ensembles\théorie-des-ensembles-exercice-01.pdf"
2026-08-07 19:28:17 [WARNING] MENACE : None → théorie-des-ensembles-exercice-01.pdf
2026-08-07 19:28:18 [ERROR]  Erreur scan YARA sur C:\Users\DELL LATITUDE 5420\OneDrive\Bureau\Pour les vacccs now\Pour les vac\Maths\Théorie des ensembles\théorie-des-ensembles-exercice-02.pdf : could not open file "C:\Users\DELL LATITUDE 5420\OneDrive\Bureau\Pour les vacccs now\Pour les vac\Maths\Théorie des ensembles\théorie-des-ensembles-exercice-02.pdf"
2026-08-07 19:28:18 [WARNING] MENACE : None → théorie-des-ensembles-exercice-02.pdf
2026-08-07 19:28:18 [ERROR]  Erreur scan YARA sur C:\Users\DELL LATITUDE 5420\OneDrive\Bureau\Pour les vacccs now\Pour les vac\Maths\Théorie des ensembles\théorie-des-ensembles-Résumé-01.pdf : could not open file "C:\Users\DELL LATITUDE 5420\OneDrive\Bureau\Pour les vacccs now\Pour les vac\Maths\Théorie des ensembles\théorie-des-ensembles-Résumé-01.pdf"
2026-08-07 19:28:18 [WARNING] MENACE : None → théorie-des-ensembles-Résumé-01.pdf
2026-08-07 19:28:18 [ERROR]  Erreur scan YARA sur C:\Users\DELL LATITUDE 5420\OneDrive\Bureau\Pour les vacccs now\Pour les vac\Maths\Théorie des graphes\Graphesexoscorrigés2.pdf : could not open file "C:\Users\DELL LATITUDE 5420\OneDrive\Bureau\Pour les vacccs now\Pour les vac\Maths\Théorie des graphes\Graphesexoscorrigés2.pdf"
2026-08-07 19:28:18 [WARNING] MENACE : None → Graphesexoscorrigés2.pdf
2026-08-07 19:28:19 [ERROR]  Erreur scan YARA sur C:\Users\DELL LATITUDE 5420\OneDrive\Bureau\Pour les vacccs now\Pour les vac\Maths\Théorie des graphes\main_graphes.pdf : could not open file "C:\Users\DELL LATITUDE 5420\OneDrive\Bureau\Pour les vacccs now\Pour les vac\Maths\Théorie des graphes\main_graphes.pdf"
2026-08-07 19:28:19 [WARNING] MENACE : None → main_graphes.pdf
2026-08-07 19:28:19 [ERROR]  Erreur scan YARA sur C:\Users\DELL LATITUDE 5420\OneDrive\Bureau\Pour les vacccs now\Pour les vac\Maths\Théorie des graphes\polygraph-Sigward.pdf : could not open file "C:\Users\DELL LATITUDE 5420\OneDrive\Bureau\Pour les vacccs now\Pour les vac\Maths\Théorie des graphes\polygraph-Sigward.pdf"
2026-08-07 19:28:19 [WARNING] MENACE : None → polygraph-Sigward.pdf
2026-08-07 19:29:08 [WARNING]  Règle(s) YARA déclenchée(s) sur Git-2.55.0.3-64-bit.exe: High_Entropy_Executable
2026-08-07 19:29:08 [WARNING] MENACE : None → Git-2.55.0.3-64-bit.exe
2026-08-07 19:29:09 [WARNING]  Règle(s) YARA déclenchée(s) sur Ninite Chrome VLC WinRAR Installer.exe: High_Entropy_Executable
2026-08-07 19:29:09 [WARNING] MENACE : None → Ninite Chrome VLC WinRAR Installer.exe
2026-08-07 19:29:35 [WARNING]  Règle(s) YARA déclenchée(s) sur python-3.14.7-amd64.exe: High_Entropy_Executable
2026-08-07 19:29:35 [WARNING] MENACE : None → python-3.14.7-amd64.exe
2026-08-07 19:29:47 [WARNING]  Règle(s) YARA déclenchée(s) sur sublime_text_build_4200_x64_setup.exe: High_Entropy_Executable
2026-08-07 19:29:47 [WARNING] MENACE : None → sublime_text_build_4200_x64_setup.exe
2026-08-07 19:29:47 [WARNING] MENACE : None → logo.png
2026-08-07 19:29:47 [WARNING]  Règle(s) YARA déclenchée(s) sur eicar.com: EICAR_Test_File
2026-08-07 19:29:47 [WARNING] MENACE : None → eicar.com
2026-08-07 19:29:47 [WARNING] MENACE : None → suspect.exe
2026-08-07 19:29:47 [WARNING]  Règle(s) YARA déclenchée(s) sur bloom_matcher.dll: High_Entropy_Executable
2026-08-07 19:29:47 [WARNING] MENACE : None → bloom_matcher.dll
2026-08-07 19:29:47 [WARNING]  Règle(s) YARA déclenchée(s) sur hasher.dll: High_Entropy_Executable
2026-08-07 19:29:47 [WARNING] MENACE : None → hasher.dll
2026-08-07 19:29:56 [WARNING]  Règle(s) YARA déclenchée(s) sur libcrypto-4-x64.dll: High_Entropy_Executable
2026-08-07 19:29:56 [WARNING] MENACE : None → libcrypto-4-x64.dll
2026-08-07 19:29:56 [WARNING]  Règle(s) YARA déclenchée(s) sur libgcc_s_seh-1.dll: High_Entropy_Executable
2026-08-07 19:29:56 [WARNING] MENACE : None → libgcc_s_seh-1.dll
2026-08-07 19:30:00 [WARNING]  Règle(s) YARA déclenchée(s) sur libstdc++-6.dll: High_Entropy_Executable
2026-08-07 19:30:00 [WARNING] MENACE : None → libstdc++-6.dll
2026-08-07 19:30:00 [WARNING]  Règle(s) YARA déclenchée(s) sur libwinpthread-1.dll: High_Entropy_Executable
2026-08-07 19:30:00 [WARNING] MENACE : None → libwinpthread-1.dll
2026-08-07 19:30:00 [WARNING]  Règle(s) YARA déclenchée(s) sur a.exe: High_Entropy_Executable
2026-08-07 19:30:00 [WARNING] MENACE : None → a.exe
2026-08-07 19:30:00 [WARNING]  Règle(s) YARA déclenchée(s) sur a.exe: High_Entropy_Executable
2026-08-07 19:30:00 [WARNING] MENACE : None → a.exe
2026-08-07 19:30:00 [WARNING]  Règle(s) YARA déclenchée(s) sur a.exe: High_Entropy_Executable
2026-08-07 19:30:00 [WARNING] MENACE : None → a.exe
2026-08-07 19:30:00 [WARNING]  Règle(s) YARA déclenchée(s) sur a.exe: High_Entropy_Executable
2026-08-07 19:30:00 [WARNING] MENACE : None → a.exe
2026-08-07 19:30:02 [WARNING]  Règle(s) YARA déclenchée(s) sur addr2line.exe: High_Entropy_Executable
2026-08-07 19:30:02 [WARNING] MENACE : None → addr2line.exe
2026-08-07 19:30:03 [WARNING]  Règle(s) YARA déclenchée(s) sur ar.exe: High_Entropy_Executable
2026-08-07 19:30:03 [WARNING] MENACE : None → ar.exe
2026-08-07 19:30:05 [WARNING]  Règle(s) YARA déclenchée(s) sur as.exe: High_Entropy_Executable
2026-08-07 19:30:05 [WARNING] MENACE : None → as.exe
2026-08-07 19:30:05 [WARNING]  Règle(s) YARA déclenchée(s) sur blake3.dll: High_Entropy_Executable
2026-08-07 19:30:05 [WARNING] MENACE : None → blake3.dll
2026-08-07 19:30:05 [WARNING]  Règle(s) YARA déclenchée(s) sur bomtool.exe: High_Entropy_Executable
2026-08-07 19:30:05 [WARNING] MENACE : None → bomtool.exe
2026-08-07 19:30:06 [WARNING]  Règle(s) YARA déclenchée(s) sur c++.exe: High_Entropy_Executable
2026-08-07 19:30:06 [WARNING] MENACE : None → c++.exe
2026-08-07 19:30:06 [WARNING]  Règle(s) YARA déclenchée(s) sur c++filt.exe: High_Entropy_Executable
2026-08-07 19:30:06 [WARNING] MENACE : None → c++filt.exe
2026-08-07 19:30:07 [WARNING]  Règle(s) YARA déclenchée(s) sur ccache.exe: High_Entropy_Executable
2026-08-07 19:30:07 [WARNING] MENACE : None → ccache.exe
2026-08-07 19:30:12 [WARNING]  Règle(s) YARA déclenchée(s) sur cmake.exe: High_Entropy_Executable
2026-08-07 19:30:12 [WARNING] MENACE : None → cmake.exe
2026-08-07 19:30:13 [WARNING]  Règle(s) YARA déclenchée(s) sur cmcldeps.exe: High_Entropy_Executable
2026-08-07 19:30:13 [WARNING] MENACE : None → cmcldeps.exe
2026-08-07 19:30:13 [WARNING]  Règle(s) YARA déclenchée(s) sur copypedeps.exe: High_Entropy_Executable
2026-08-07 19:30:13 [WARNING] MENACE : None → copypedeps.exe
2026-08-07 19:30:19 [WARNING]  Règle(s) YARA déclenchée(s) sur cpack.exe: High_Entropy_Executable
2026-08-07 19:30:19 [WARNING] MENACE : None → cpack.exe
2026-08-07 19:30:19 [WARNING]  Règle(s) YARA déclenchée(s) sur cpp.exe: High_Entropy_Executable
2026-08-07 19:30:19 [WARNING] MENACE : None → cpp.exe
2026-08-07 19:30:22 [WARNING]  Règle(s) YARA déclenchée(s) sur cppcheck.exe: High_Entropy_Executable
2026-08-07 19:30:22 [WARNING] MENACE : None → cppcheck.exe
2026-08-07 19:30:22 [WARNING]  Règle(s) YARA déclenchée(s) sur crossrun.dll: High_Entropy_Executable
2026-08-07 19:30:22 [WARNING] MENACE : None → crossrun.dll
2026-08-07 19:30:22 [WARNING]  Règle(s) YARA déclenchée(s) sur ctags.exe: High_Entropy_Executable
2026-08-07 19:30:22 [WARNING] MENACE : None → ctags.exe
2026-08-07 19:30:28 [WARNING]  Règle(s) YARA déclenchée(s) sur ctest.exe: High_Entropy_Executable
2026-08-07 19:30:28 [WARNING] MENACE : None → ctest.exe
2026-08-07 19:30:29 [WARNING]  Règle(s) YARA déclenchée(s) sur dlltool.exe: High_Entropy_Executable
2026-08-07 19:30:29 [WARNING] MENACE : None → dlltool.exe
2026-08-07 19:30:29 [WARNING]  Règle(s) YARA déclenchée(s) sur dllwrap.exe: High_Entropy_Executable
2026-08-07 19:30:29 [WARNING] MENACE : None → dllwrap.exe
2026-08-07 19:30:29 [WARNING]  Règle(s) YARA déclenchée(s) sur dos2unix.exe: High_Entropy_Executable
2026-08-07 19:30:29 [WARNING] MENACE : None → dos2unix.exe
2026-08-07 19:30:36 [WARNING]  Règle(s) YARA déclenchée(s) sur doxygen.exe: High_Entropy_Executable
2026-08-07 19:30:36 [WARNING] MENACE : None → doxygen.exe
2026-08-07 19:30:36 [WARNING]  Règle(s) YARA déclenchée(s) sur elfedit.exe: High_Entropy_Executable
2026-08-07 19:30:36 [WARNING] MENACE : None → elfedit.exe
2026-08-07 19:30:37 [WARNING]  Règle(s) YARA déclenchée(s) sur g++.exe: High_Entropy_Executable
2026-08-07 19:30:37 [WARNING] MENACE : None → g++.exe
2026-08-07 19:30:37 [WARNING]  Règle(s) YARA déclenchée(s) sur gcc-ar.exe: High_Entropy_Executable
2026-08-07 19:30:37 [WARNING] MENACE : None → gcc-ar.exe
2026-08-07 19:30:37 [WARNING]  Règle(s) YARA déclenchée(s) sur gcc-nm.exe: High_Entropy_Executable
2026-08-07 19:30:37 [WARNING] MENACE : None → gcc-nm.exe
2026-08-07 19:30:37 [WARNING]  Règle(s) YARA déclenchée(s) sur gcc-ranlib.exe: High_Entropy_Executable
2026-08-07 19:30:37 [WARNING] MENACE : None → gcc-ranlib.exe
2026-08-07 19:30:38 [WARNING]  Règle(s) YARA déclenchée(s) sur gcc.exe: High_Entropy_Executable
2026-08-07 19:30:38 [WARNING] MENACE : None → gcc.exe
2026-08-07 19:30:38 [WARNING]  Règle(s) YARA déclenchée(s) sur gcov-dump.exe: High_Entropy_Executable
2026-08-07 19:30:38 [WARNING] MENACE : None → gcov-dump.exe
2026-08-07 19:30:38 [WARNING]  Règle(s) YARA déclenchée(s) sur gcov-tool.exe: High_Entropy_Executable
2026-08-07 19:30:38 [WARNING] MENACE : None → gcov-tool.exe
2026-08-07 19:30:39 [WARNING]  Règle(s) YARA déclenchée(s) sur gcov.exe: High_Entropy_Executable
2026-08-07 19:30:39 [WARNING] MENACE : None → gcov.exe
2026-08-07 19:30:46 [WARNING]  Règle(s) YARA déclenchée(s) sur gdb.exe: High_Entropy_Executable
2026-08-07 19:30:46 [WARNING] MENACE : None → gdb.exe
2026-08-07 19:30:46 [WARNING]  Règle(s) YARA déclenchée(s) sur gdbserver.exe: High_Entropy_Executable
2026-08-07 19:30:46 [WARNING] MENACE : None → gdbserver.exe
2026-08-07 19:30:46 [WARNING]  Règle(s) YARA déclenchée(s) sur gendef.exe: High_Entropy_Executable
2026-08-07 19:30:46 [WARNING] MENACE : None → gendef.exe
2026-08-07 19:30:46 [WARNING]  Règle(s) YARA déclenchée(s) sur genidl.exe: High_Entropy_Executable
2026-08-07 19:30:46 [WARNING] MENACE : None → genidl.exe
2026-08-07 19:30:47 [WARNING]  Règle(s) YARA déclenchée(s) sur gfortran.exe: High_Entropy_Executable
2026-08-07 19:30:47 [WARNING] MENACE : None → gfortran.exe
2026-08-07 19:30:47 [WARNING]  Règle(s) YARA déclenchée(s) sur gprof.exe: High_Entropy_Executable
2026-08-07 19:30:47 [WARNING] MENACE : None → gprof.exe
2026-08-07 19:30:47 [WARNING]  Règle(s) YARA déclenchée(s) sur iconv.exe: High_Entropy_Executable
2026-08-07 19:30:47 [WARNING] MENACE : None → iconv.exe
2026-08-07 19:30:48 [WARNING]  Règle(s) YARA déclenchée(s) sur jwasm.exe: High_Entropy_Executable
2026-08-07 19:30:48 [WARNING] MENACE : None → jwasm.exe
2026-08-07 19:30:49 [WARNING]  Règle(s) YARA déclenchée(s) sur ld.bfd.exe: High_Entropy_Executable
2026-08-07 19:30:49 [WARNING] MENACE : None → ld.bfd.exe
2026-08-07 19:30:49 [WARNING]  Règle(s) YARA déclenchée(s) sur ld.exe: High_Entropy_Executable
2026-08-07 19:30:49 [WARNING] MENACE : None → ld.exe
2026-08-07 19:30:50 [WARNING]  Règle(s) YARA déclenchée(s) sur libarchive-13.dll: High_Entropy_Executable
2026-08-07 19:30:50 [WARNING] MENACE : None → libarchive-13.dll
2026-08-07 19:30:50 [WARNING]  Règle(s) YARA déclenchée(s) sur libatomic-1.dll: High_Entropy_Executable
2026-08-07 19:30:50 [WARNING] MENACE : None → libatomic-1.dll
2026-08-07 19:30:50 [WARNING]  Règle(s) YARA déclenchée(s) sur libavl.dll: High_Entropy_Executable
2026-08-07 19:30:50 [WARNING] MENACE : None → libavl.dll
2026-08-07 19:30:50 [WARNING]  Règle(s) YARA déclenchée(s) sur libb2-1.dll: High_Entropy_Executable
2026-08-07 19:30:50 [WARNING] MENACE : None → libb2-1.dll
2026-08-07 19:30:50 [WARNING]  Règle(s) YARA déclenchée(s) sur libbrotlicommon.dll: High_Entropy_Executable
2026-08-07 19:30:50 [WARNING] MENACE : None → libbrotlicommon.dll
2026-08-07 19:30:50 [WARNING]  Règle(s) YARA déclenchée(s) sur libbrotlidec.dll: High_Entropy_Executable
2026-08-07 19:30:50 [WARNING] MENACE : None → libbrotlidec.dll
2026-08-07 19:30:50 [WARNING]  Règle(s) YARA déclenchée(s) sur libbz2.dll: High_Entropy_Executable
2026-08-07 19:30:50 [WARNING] MENACE : None → libbz2.dll
2026-08-07 19:30:50 [WARNING]  Règle(s) YARA déclenchée(s) sur libcurl-4.dll: High_Entropy_Executable
2026-08-07 19:30:50 [WARNING] MENACE : None → libcurl-4.dll
2026-08-07 19:30:50 [WARNING]  Règle(s) YARA déclenchée(s) sur libdirtrav.dll: High_Entropy_Executable
2026-08-07 19:30:50 [WARNING] MENACE : None → libdirtrav.dll
2026-08-07 19:30:50 [WARNING]  Règle(s) YARA déclenchée(s) sur libdl.dll: High_Entropy_Executable
2026-08-07 19:30:50 [WARNING] MENACE : None → libdl.dll
2026-08-07 19:30:50 [WARNING]  Règle(s) YARA déclenchée(s) sur libexpat-1.dll: High_Entropy_Executable
2026-08-07 19:30:50 [WARNING] MENACE : None → libexpat-1.dll
2026-08-07 19:30:50 [WARNING]  Règle(s) YARA déclenchée(s) sur libfmt.dll: High_Entropy_Executable
2026-08-07 19:30:50 [WARNING] MENACE : None → libfmt.dll
2026-08-07 19:30:51 [WARNING]  Règle(s) YARA déclenchée(s) sur libgcc_s_seh-1.dll: High_Entropy_Executable
2026-08-07 19:30:51 [WARNING] MENACE : None → libgcc_s_seh-1.dll
2026-08-07 19:30:51 [WARNING]  Règle(s) YARA déclenchée(s) sur libgcrypt-20.dll: High_Entropy_Executable
2026-08-07 19:30:51 [WARNING] MENACE : None → libgcrypt-20.dll
2026-08-07 19:30:52 [WARNING]  Règle(s) YARA déclenchée(s) sur libgdiagnostics-0.dll: High_Entropy_Executable
2026-08-07 19:30:52 [WARNING] MENACE : None → libgdiagnostics-0.dll
2026-08-07 19:30:53 [WARNING]  Règle(s) YARA déclenchée(s) sur libgfortran-5.dll: High_Entropy_Executable
2026-08-07 19:30:53 [WARNING] MENACE : None → libgfortran-5.dll
2026-08-07 19:30:53 [WARNING]  Règle(s) YARA déclenchée(s) sur libgmp-10.dll: High_Entropy_Executable
2026-08-07 19:30:53 [WARNING] MENACE : None → libgmp-10.dll
2026-08-07 19:30:54 [WARNING]  Règle(s) YARA déclenchée(s) sur libgnutls-30.dll: High_Entropy_Executable
2026-08-07 19:30:54 [WARNING] MENACE : None → libgnutls-30.dll
2026-08-07 19:30:54 [WARNING]  Règle(s) YARA déclenchée(s) sur libgomp-1.dll: High_Entropy_Executable
2026-08-07 19:30:54 [WARNING] MENACE : None → libgomp-1.dll
2026-08-07 19:30:54 [WARNING]  Règle(s) YARA déclenchée(s) sur libgomp-plugin-nvptx-1.dll: High_Entropy_Executable
2026-08-07 19:30:54 [WARNING] MENACE : None → libgomp-plugin-nvptx-1.dll
2026-08-07 19:30:54 [WARNING]  Règle(s) YARA déclenchée(s) sur libgpg-error-0.dll: High_Entropy_Executable
2026-08-07 19:30:54 [WARNING] MENACE : None → libgpg-error-0.dll
2026-08-07 19:30:54 [WARNING]  Règle(s) YARA déclenchée(s) sur libgss-3.dll: High_Entropy_Executable
2026-08-07 19:30:54 [WARNING] MENACE : None → libgss-3.dll
2026-08-07 19:30:54 [WARNING]  Règle(s) YARA déclenchée(s) sur libgumbo-3.dll: High_Entropy_Executable
2026-08-07 19:30:54 [WARNING] MENACE : None → libgumbo-3.dll
2026-08-07 19:30:54 [WARNING]  Règle(s) YARA déclenchée(s) sur libhiredis.dll: High_Entropy_Executable
2026-08-07 19:30:54 [WARNING] MENACE : None → libhiredis.dll
2026-08-07 19:30:56 [WARNING]  Règle(s) YARA déclenchée(s) sur libhogweed-6.dll: High_Entropy_Executable
2026-08-07 19:30:56 [WARNING] MENACE : None → libhogweed-6.dll
2026-08-07 19:30:57 [WARNING]  Règle(s) YARA déclenchée(s) sur libiconv-2.dll: High_Entropy_Executable
2026-08-07 19:30:57 [WARNING] MENACE : None → libiconv-2.dll
2026-08-07 19:30:57 [WARNING]  Règle(s) YARA déclenchée(s) sur libidn2-0.dll: High_Entropy_Executable
2026-08-07 19:30:57 [WARNING] MENACE : None → libidn2-0.dll
2026-08-07 19:30:57 [WARNING]  Règle(s) YARA déclenchée(s) sur libintl-8.dll: High_Entropy_Executable
2026-08-07 19:30:57 [WARNING] MENACE : None → libintl-8.dll
2026-08-07 19:30:58 [WARNING]  Règle(s) YARA déclenchée(s) sur libisl-23.dll: High_Entropy_Executable
2026-08-07 19:30:58 [WARNING] MENACE : None → libisl-23.dll
2026-08-07 19:30:58 [WARNING]  Règle(s) YARA déclenchée(s) sur libjansson.dll: High_Entropy_Executable
2026-08-07 19:30:58 [WARNING] MENACE : None → libjansson.dll
2026-08-07 19:30:58 [WARNING]  Règle(s) YARA déclenchée(s) sur liblz4.dll: High_Entropy_Executable
2026-08-07 19:30:58 [WARNING] MENACE : None → liblz4.dll
2026-08-07 19:30:58 [WARNING]  Règle(s) YARA déclenchée(s) sur liblzma-5.dll: High_Entropy_Executable
2026-08-07 19:30:58 [WARNING] MENACE : None → liblzma-5.dll
2026-08-07 19:30:58 [WARNING]  Règle(s) YARA déclenchée(s) sur liblzo2-2.dll: High_Entropy_Executable
2026-08-07 19:30:58 [WARNING] MENACE : None → liblzo2-2.dll
2026-08-07 19:30:58 [WARNING]  Règle(s) YARA déclenchée(s) sur libmman.dll: High_Entropy_Executable
2026-08-07 19:30:58 [WARNING] MENACE : None → libmman.dll
2026-08-07 19:30:58 [WARNING]  Règle(s) YARA déclenchée(s) sur libmpc-3.dll: High_Entropy_Executable
2026-08-07 19:30:58 [WARNING] MENACE : None → libmpc-3.dll
2026-08-07 19:30:59 [WARNING]  Règle(s) YARA déclenchée(s) sur libmpfr-6.dll: High_Entropy_Executable
2026-08-07 19:30:59 [WARNING] MENACE : None → libmpfr-6.dll
2026-08-07 19:30:59 [WARNING]  Règle(s) YARA déclenchée(s) sur libmsgpack-c.dll: High_Entropy_Executable
2026-08-07 19:30:59 [WARNING] MENACE : None → libmsgpack-c.dll
2026-08-07 19:30:59 [WARNING]  Règle(s) YARA déclenchée(s) sur libncursesw6.dll: High_Entropy_Executable
2026-08-07 19:30:59 [WARNING] MENACE : None → libncursesw6.dll
2026-08-07 19:31:01 [WARNING]  Règle(s) YARA déclenchée(s) sur libnettle-8.dll: High_Entropy_Executable
2026-08-07 19:31:01 [WARNING] MENACE : None → libnettle-8.dll
2026-08-07 19:31:02 [WARNING]  Règle(s) YARA déclenchée(s) sur libnghttp2.dll: High_Entropy_Executable
2026-08-07 19:31:02 [WARNING] MENACE : None → libnghttp2.dll
2026-08-07 19:31:02 [WARNING]  Règle(s) YARA déclenchée(s) sur libnghttp3.dll: High_Entropy_Executable
2026-08-07 19:31:02 [WARNING] MENACE : None → libnghttp3.dll
2026-08-07 19:31:02 [WARNING]  Règle(s) YARA déclenchée(s) sur libngtcp2.dll: High_Entropy_Executable
2026-08-07 19:31:02 [WARNING] MENACE : None → libngtcp2.dll
2026-08-07 19:31:02 [WARNING]  Règle(s) YARA déclenchée(s) sur libngtcp2_crypto_gnutls.dll: High_Entropy_Executable
2026-08-07 19:31:02 [WARNING] MENACE : None → libngtcp2_crypto_gnutls.dll
2026-08-07 19:31:02 [WARNING]  Règle(s) YARA déclenchée(s) sur libpcre-1.dll: High_Entropy_Executable
2026-08-07 19:31:02 [WARNING] MENACE : None → libpcre-1.dll
2026-08-07 19:31:02 [WARNING]  Règle(s) YARA déclenchée(s) sur libpcre2-8-0.dll: High_Entropy_Executable
2026-08-07 19:31:02 [WARNING] MENACE : None → libpcre2-8-0.dll
2026-08-07 19:31:02 [WARNING]  Règle(s) YARA déclenchée(s) sur libpcre2_finder.dll: High_Entropy_Executable
2026-08-07 19:31:02 [WARNING] MENACE : None → libpcre2_finder.dll
2026-08-07 19:31:02 [WARNING]  Règle(s) YARA déclenchée(s) sur libpkgconf-8.dll: High_Entropy_Executable
2026-08-07 19:31:02 [WARNING] MENACE : None → libpkgconf-8.dll
2026-08-07 19:31:02 [WARNING]  Règle(s) YARA déclenchée(s) sur libpsl-5.dll: High_Entropy_Executable
2026-08-07 19:31:02 [WARNING] MENACE : None → libpsl-5.dll
2026-08-07 19:31:03 [WARNING]  Règle(s) YARA déclenchée(s) sur libpython3.9.dll: High_Entropy_Executable
2026-08-07 19:31:03 [WARNING] MENACE : None → libpython3.9.dll
2026-08-07 19:31:04 [WARNING]  Règle(s) YARA déclenchée(s) sur libquadmath-0.dll: High_Entropy_Executable
2026-08-07 19:31:04 [WARNING] MENACE : None → libquadmath-0.dll
2026-08-07 19:31:04 [WARNING]  Règle(s) YARA déclenchée(s) sur librhash.dll: High_Entropy_Executable
2026-08-07 19:31:04 [WARNING] MENACE : None → librhash.dll
2026-08-07 19:31:04 [WARNING]  Règle(s) YARA déclenchée(s) sur libscalednum.dll: High_Entropy_Executable
2026-08-07 19:31:04 [WARNING] MENACE : None → libscalednum.dll
2026-08-07 19:31:04 [WARNING]  Règle(s) YARA déclenchée(s) sur libsource-highlight-4.dll: High_Entropy_Executable
2026-08-07 19:31:04 [WARNING] MENACE : None → libsource-highlight-4.dll
2026-08-07 19:31:04 [WARNING]  Règle(s) YARA déclenchée(s) sur libspdlog.dll: High_Entropy_Executable
2026-08-07 19:31:04 [WARNING] MENACE : None → libspdlog.dll
2026-08-07 19:31:05 [WARNING]  Règle(s) YARA déclenchée(s) sur libsqlite3-0.dll: High_Entropy_Executable
2026-08-07 19:31:05 [WARNING] MENACE : None → libsqlite3-0.dll
2026-08-07 19:31:05 [WARNING]  Règle(s) YARA déclenchée(s) sur libssh2-1.dll: High_Entropy_Executable
2026-08-07 19:31:05 [WARNING] MENACE : None → libssh2-1.dll
2026-08-07 19:31:05 [WARNING]  Règle(s) YARA déclenchée(s) sur libssp-0.dll: High_Entropy_Executable
2026-08-07 19:31:05 [WARNING] MENACE : None → libssp-0.dll
2026-08-07 19:31:06 [WARNING]  Règle(s) YARA déclenchée(s) sur libstdc++-6.dll: High_Entropy_Executable
2026-08-07 19:31:06 [WARNING] MENACE : None → libstdc++-6.dll
2026-08-07 19:31:06 [WARNING]  Règle(s) YARA déclenchée(s) sur libtasn1-6.dll: High_Entropy_Executable
2026-08-07 19:31:06 [WARNING] MENACE : None → libtasn1-6.dll
2026-08-07 19:31:07 [WARNING]  Règle(s) YARA déclenchée(s) sur libunistring-5.dll: High_Entropy_Executable
2026-08-07 19:31:07 [WARNING] MENACE : None → libunistring-5.dll
2026-08-07 19:31:07 [WARNING]  Règle(s) YARA déclenchée(s) sur libuv-1.dll: High_Entropy_Executable
2026-08-07 19:31:07 [WARNING] MENACE : None → libuv-1.dll
2026-08-07 19:31:07 [WARNING]  Règle(s) YARA déclenchée(s) sur libwinpthread-1.dll: High_Entropy_Executable
2026-08-07 19:31:07 [WARNING] MENACE : None → libwinpthread-1.dll
2026-08-07 19:31:07 [WARNING]  Règle(s) YARA déclenchée(s) sur libxdiff.dll: High_Entropy_Executable
2026-08-07 19:31:07 [WARNING] MENACE : None → libxdiff.dll
2026-08-07 19:31:08 [WARNING]  Règle(s) YARA déclenchée(s) sur libxml2-16.dll: High_Entropy_Executable
2026-08-07 19:31:08 [WARNING] MENACE : None → libxml2-16.dll
2026-08-07 19:31:08 [WARNING]  Règle(s) YARA déclenchée(s) sur libyaml.dll: High_Entropy_Executable
2026-08-07 19:31:08 [WARNING] MENACE : None → libyaml.dll
2026-08-07 19:31:08 [WARNING]  Règle(s) YARA déclenchée(s) sur libzip.dll: High_Entropy_Executable
2026-08-07 19:31:08 [WARNING] MENACE : None → libzip.dll
2026-08-07 19:31:08 [WARNING]  Règle(s) YARA déclenchée(s) sur libzstd.dll: High_Entropy_Executable
2026-08-07 19:31:08 [WARNING] MENACE : None → libzstd.dll
2026-08-07 19:31:08 [WARNING]  Règle(s) YARA déclenchée(s) sur listpedeps.exe: High_Entropy_Executable
2026-08-07 19:31:08 [WARNING] MENACE : None → listpedeps.exe
2026-08-07 19:31:34 [WARNING]  Règle(s) YARA déclenchée(s) sur lto-dump.exe: High_Entropy_Executable
2026-08-07 19:31:34 [WARNING] MENACE : None → lto-dump.exe
2026-08-07 19:31:35 [WARNING]  Règle(s) YARA déclenchée(s) sur lua54.dll: High_Entropy_Executable
2026-08-07 19:31:35 [WARNING] MENACE : None → lua54.dll
2026-08-07 19:31:36 [WARNING]  Règle(s) YARA déclenchée(s) sur mac2unix.exe: High_Entropy_Executable
2026-08-07 19:31:36 [WARNING] MENACE : None → mac2unix.exe
2026-08-07 19:31:36 [WARNING]  Règle(s) YARA déclenchée(s) sur mingw32-make.exe: High_Entropy_Executable
2026-08-07 19:31:36 [WARNING] MENACE : None → mingw32-make.exe
2026-08-07 19:31:36 [WARNING]  Règle(s) YARA déclenchée(s) sur miniargv.dll: High_Entropy_Executable
2026-08-07 19:31:36 [WARNING] MENACE : None → miniargv.dll
2026-08-07 19:31:38 [WARNING]  Règle(s) YARA déclenchée(s) sur nasm.exe: High_Entropy_Executable
2026-08-07 19:31:38 [WARNING] MENACE : None → nasm.exe
2026-08-07 19:31:39 [WARNING]  Règle(s) YARA déclenchée(s) sur ndisasm.exe: High_Entropy_Executable
2026-08-07 19:31:39 [WARNING] MENACE : None → ndisasm.exe
2026-08-07 19:31:39 [WARNING]  Règle(s) YARA déclenchée(s) sur ninja.exe: High_Entropy_Executable
2026-08-07 19:31:39 [WARNING] MENACE : None → ninja.exe
2026-08-07 19:31:41 [WARNING]  Règle(s) YARA déclenchée(s) sur nm.exe: High_Entropy_Executable
2026-08-07 19:31:41 [WARNING] MENACE : None → nm.exe
2026-08-07 19:31:41 [WARNING]  Règle(s) YARA déclenchée(s) sur ntldd.exe: High_Entropy_Executable
2026-08-07 19:31:41 [WARNING] MENACE : None → ntldd.exe
2026-08-07 19:31:42 [WARNING]  Règle(s) YARA déclenchée(s) sur objcopy.exe: High_Entropy_Executable
2026-08-07 19:31:42 [WARNING] MENACE : None → objcopy.exe
2026-08-07 19:31:45 [WARNING]  Règle(s) YARA déclenchée(s) sur objdump.exe: High_Entropy_Executable
2026-08-07 19:31:45 [WARNING] MENACE : None → objdump.exe
2026-08-07 19:31:47 [WARNING]  Règle(s) YARA déclenchée(s) sur optscript.exe: High_Entropy_Executable
2026-08-07 19:31:47 [WARNING] MENACE : None → optscript.exe
2026-08-07 19:31:47 [WARNING]  Règle(s) YARA déclenchée(s) sur pccritic.exe: High_Entropy_Executable
2026-08-07 19:31:47 [WARNING] MENACE : None → pccritic.exe
2026-08-07 19:31:48 [WARNING]  Règle(s) YARA déclenchée(s) sur pedeps.dll: High_Entropy_Executable
2026-08-07 19:31:48 [WARNING] MENACE : None → pedeps.dll
2026-08-07 19:31:48 [WARNING]  Règle(s) YARA déclenchée(s) sur pexports.exe: High_Entropy_Executable
2026-08-07 19:31:48 [WARNING] MENACE : None → pexports.exe
2026-08-07 19:31:48 [WARNING]  Règle(s) YARA déclenchée(s) sur pkgconf.exe: High_Entropy_Executable
2026-08-07 19:31:48 [WARNING] MENACE : None → pkgconf.exe
2026-08-07 19:31:48 [WARNING]  Règle(s) YARA déclenchée(s) sur portcolcon.dll: High_Entropy_Executable
2026-08-07 19:31:48 [WARNING] MENACE : None → portcolcon.dll
2026-08-07 19:31:48 [WARNING]  Règle(s) YARA déclenchée(s) sur premake5.exe: High_Entropy_Executable
2026-08-07 19:31:48 [WARNING] MENACE : None → premake5.exe
2026-08-07 19:31:50 [WARNING]  Règle(s) YARA déclenchée(s) sur ranlib.exe: High_Entropy_Executable
2026-08-07 19:31:50 [WARNING] MENACE : None → ranlib.exe
2026-08-07 19:31:51 [WARNING]  Règle(s) YARA déclenchée(s) sur readelf.exe: High_Entropy_Executable
2026-08-07 19:31:51 [WARNING] MENACE : None → readelf.exe
2026-08-07 19:31:51 [WARNING]  Règle(s) YARA déclenchée(s) sur readtags.exe: High_Entropy_Executable
2026-08-07 19:31:51 [WARNING] MENACE : None → readtags.exe
2026-08-07 19:31:53 [WARNING]  Règle(s) YARA déclenchée(s) sur sarif-replay.exe: High_Entropy_Executable
2026-08-07 19:31:53 [WARNING] MENACE : None → sarif-replay.exe
2026-08-07 19:31:54 [WARNING]  Règle(s) YARA déclenchée(s) sur size.exe: High_Entropy_Executable
2026-08-07 19:31:54 [WARNING] MENACE : None → size.exe
2026-08-07 19:31:55 [WARNING]  Règle(s) YARA déclenchée(s) sur spdxtool.exe: High_Entropy_Executable
2026-08-07 19:31:55 [WARNING] MENACE : None → spdxtool.exe
2026-08-07 19:31:56 [WARNING]  Règle(s) YARA déclenchée(s) sur strings.exe: High_Entropy_Executable
2026-08-07 19:31:56 [WARNING] MENACE : None → strings.exe
2026-08-07 19:31:57 [WARNING]  Règle(s) YARA déclenchée(s) sur strip.exe: High_Entropy_Executable
2026-08-07 19:31:57 [WARNING] MENACE : None → strip.exe
2026-08-07 19:31:57 [WARNING]  Règle(s) YARA déclenchée(s) sur unix2dos.exe: High_Entropy_Executable
2026-08-07 19:31:57 [WARNING] MENACE : None → unix2dos.exe
2026-08-07 19:31:58 [WARNING]  Règle(s) YARA déclenchée(s) sur unix2mac.exe: High_Entropy_Executable
2026-08-07 19:31:58 [WARNING] MENACE : None → unix2mac.exe
2026-08-07 19:31:58 [WARNING]  Règle(s) YARA déclenchée(s) sur versioncmp.dll: High_Entropy_Executable
2026-08-07 19:31:58 [WARNING] MENACE : None → versioncmp.dll
2026-08-07 19:31:59 [WARNING]  Règle(s) YARA déclenchée(s) sur vsyasm.exe: High_Entropy_Executable
2026-08-07 19:31:59 [WARNING] MENACE : None → vsyasm.exe
2026-08-07 19:31:59 [WARNING]  Règle(s) YARA déclenchée(s) sur widl.exe: High_Entropy_Executable
2026-08-07 19:31:59 [WARNING] MENACE : None → widl.exe
2026-08-07 19:32:01 [WARNING]  Règle(s) YARA déclenchée(s) sur windmc.exe: High_Entropy_Executable
2026-08-07 19:32:01 [WARNING] MENACE : None → windmc.exe
2026-08-07 19:32:02 [WARNING]  Règle(s) YARA déclenchée(s) sur windres.exe: High_Entropy_Executable
2026-08-07 19:32:02 [WARNING] MENACE : None → windres.exe
2026-08-07 19:32:02 [WARNING]  Règle(s) YARA déclenchée(s) sur wl-build.exe: High_Entropy_Executable
2026-08-07 19:32:02 [WARNING] MENACE : None → wl-build.exe
2026-08-07 19:32:02 [WARNING]  Règle(s) YARA déclenchée(s) sur wl-checknewreleases.exe: High_Entropy_Executable
2026-08-07 19:32:02 [WARNING] MENACE : None → wl-checknewreleases.exe
2026-08-07 19:32:02 [WARNING]  Règle(s) YARA déclenchée(s) sur wl-download.exe: High_Entropy_Executable
2026-08-07 19:32:02 [WARNING] MENACE : None → wl-download.exe
2026-08-07 19:32:03 [WARNING]  Règle(s) YARA déclenchée(s) sur wl-edit.exe: High_Entropy_Executable
2026-08-07 19:32:03 [WARNING] MENACE : None → wl-edit.exe
2026-08-07 19:32:03 [WARNING]  Règle(s) YARA déclenchée(s) sur wl-find.exe: High_Entropy_Executable
2026-08-07 19:32:03 [WARNING] MENACE : None → wl-find.exe
2026-08-07 19:32:03 [WARNING]  Règle(s) YARA déclenchée(s) sur wl-info.exe: High_Entropy_Executable
2026-08-07 19:32:03 [WARNING] MENACE : None → wl-info.exe
2026-08-07 19:32:03 [WARNING]  Règle(s) YARA déclenchée(s) sur wl-install.exe: High_Entropy_Executable
2026-08-07 19:32:03 [WARNING] MENACE : None → wl-install.exe
2026-08-07 19:32:03 [WARNING]  Règle(s) YARA déclenchée(s) sur wl-listall.exe: High_Entropy_Executable
2026-08-07 19:32:03 [WARNING] MENACE : None → wl-listall.exe
2026-08-07 19:32:03 [WARNING]  Règle(s) YARA déclenchée(s) sur wl-makepackage.exe: High_Entropy_Executable
2026-08-07 19:32:03 [WARNING] MENACE : None → wl-makepackage.exe
2026-08-07 19:32:03 [WARNING]  Règle(s) YARA déclenchée(s) sur wl-showdeps.exe: High_Entropy_Executable
2026-08-07 19:32:03 [WARNING] MENACE : None → wl-showdeps.exe
2026-08-07 19:32:03 [WARNING]  Règle(s) YARA déclenchée(s) sur wl-showstatus.exe: High_Entropy_Executable
2026-08-07 19:32:03 [WARNING] MENACE : None → wl-showstatus.exe
2026-08-07 19:32:03 [WARNING]  Règle(s) YARA déclenchée(s) sur wl-uninstall.exe: High_Entropy_Executable
2026-08-07 19:32:03 [WARNING] MENACE : None → wl-uninstall.exe
2026-08-07 19:32:03 [WARNING]  Règle(s) YARA déclenchée(s) sur wl-wait4deps.exe: High_Entropy_Executable
2026-08-07 19:32:03 [WARNING] MENACE : None → wl-wait4deps.exe
2026-08-07 19:32:06 [WARNING]  Règle(s) YARA déclenchée(s) sur x86_64-w64-mingw32-c++.exe: High_Entropy_Executable
2026-08-07 19:32:06 [WARNING] MENACE : None → x86_64-w64-mingw32-c++.exe
2026-08-07 19:32:09 [WARNING]  Règle(s) YARA déclenchée(s) sur x86_64-w64-mingw32-g++.exe: High_Entropy_Executable
2026-08-07 19:32:09 [WARNING] MENACE : None → x86_64-w64-mingw32-g++.exe
2026-08-07 19:32:11 [WARNING]  Règle(s) YARA déclenchée(s) sur x86_64-w64-mingw32-gcc-16.1.0.exe: High_Entropy_Executable
2026-08-07 19:32:11 [WARNING] MENACE : None → x86_64-w64-mingw32-gcc-16.1.0.exe
2026-08-07 19:32:11 [WARNING]  Règle(s) YARA déclenchée(s) sur x86_64-w64-mingw32-gcc-ar.exe: High_Entropy_Executable
2026-08-07 19:32:11 [WARNING] MENACE : None → x86_64-w64-mingw32-gcc-ar.exe
2026-08-07 19:32:11 [WARNING]  Règle(s) YARA déclenchée(s) sur x86_64-w64-mingw32-gcc-nm.exe: High_Entropy_Executable
2026-08-07 19:32:11 [WARNING] MENACE : None → x86_64-w64-mingw32-gcc-nm.exe
2026-08-07 19:32:11 [WARNING]  Règle(s) YARA déclenchée(s) sur x86_64-w64-mingw32-gcc-ranlib.exe: High_Entropy_Executable
2026-08-07 19:32:11 [WARNING] MENACE : None → x86_64-w64-mingw32-gcc-ranlib.exe
2026-08-07 19:32:14 [WARNING]  Règle(s) YARA déclenchée(s) sur x86_64-w64-mingw32-gcc.exe: High_Entropy_Executable
2026-08-07 19:32:14 [WARNING] MENACE : None → x86_64-w64-mingw32-gcc.exe
2026-08-07 19:32:16 [WARNING]  Règle(s) YARA déclenchée(s) sur x86_64-w64-mingw32-gfortran.exe: High_Entropy_Executable
2026-08-07 19:32:16 [WARNING] MENACE : None → x86_64-w64-mingw32-gfortran.exe
2026-08-07 19:32:17 [WARNING]  Règle(s) YARA déclenchée(s) sur xxhash.dll: High_Entropy_Executable
2026-08-07 19:32:17 [WARNING] MENACE : None → xxhash.dll
2026-08-07 19:32:18 [WARNING]  Règle(s) YARA déclenchée(s) sur yasm.exe: High_Entropy_Executable
2026-08-07 19:32:18 [WARNING] MENACE : None → yasm.exe
2026-08-07 19:32:19 [WARNING]  Règle(s) YARA déclenchée(s) sur ytasm.exe: High_Entropy_Executable
2026-08-07 19:32:19 [WARNING] MENACE : None → ytasm.exe
2026-08-07 19:32:19 [WARNING]  Règle(s) YARA déclenchée(s) sur zlib1.dll: High_Entropy_Executable
2026-08-07 19:32:19 [WARNING] MENACE : None → zlib1.dll
2026-08-07 19:32:20 [WARNING]  Règle(s) YARA déclenchée(s) sur ar.exe: High_Entropy_Executable
2026-08-07 19:32:20 [WARNING] MENACE : None → ar.exe
2026-08-07 19:32:22 [WARNING]  Règle(s) YARA déclenchée(s) sur as.exe: High_Entropy_Executable
2026-08-07 19:32:22 [WARNING] MENACE : None → as.exe
2026-08-07 19:32:23 [WARNING]  Règle(s) YARA déclenchée(s) sur dlltool.exe: High_Entropy_Executable
2026-08-07 19:32:23 [WARNING] MENACE : None → dlltool.exe
2026-08-07 19:32:25 [WARNING]  Règle(s) YARA déclenchée(s) sur ld.bfd.exe: High_Entropy_Executable
2026-08-07 19:32:25 [WARNING] MENACE : None → ld.bfd.exe
2026-08-07 19:32:28 [WARNING]  Règle(s) YARA déclenchée(s) sur ld.exe: High_Entropy_Executable
2026-08-07 19:32:28 [WARNING] MENACE : None → ld.exe
2026-08-07 19:32:29 [WARNING]  Règle(s) YARA déclenchée(s) sur libiconv-2.dll: High_Entropy_Executable
2026-08-07 19:32:29 [WARNING] MENACE : None → libiconv-2.dll
2026-08-07 19:32:29 [WARNING]  Règle(s) YARA déclenchée(s) sur libintl-8.dll: High_Entropy_Executable
2026-08-07 19:32:29 [WARNING] MENACE : None → libintl-8.dll
2026-08-07 19:32:29 [WARNING]  Règle(s) YARA déclenchée(s) sur libmsgpack-c.dll: High_Entropy_Executable
2026-08-07 19:32:29 [WARNING] MENACE : None → libmsgpack-c.dll
2026-08-07 19:32:29 [WARNING]  Règle(s) YARA déclenchée(s) sur libwinpthread-1.dll: High_Entropy_Executable
2026-08-07 19:32:29 [WARNING] MENACE : None → libwinpthread-1.dll
2026-08-07 19:32:31 [WARNING]  Règle(s) YARA déclenchée(s) sur libzstd.dll: High_Entropy_Executable
2026-08-07 19:32:31 [WARNING] MENACE : None → libzstd.dll
2026-08-07 19:32:32 [WARNING]  Règle(s) YARA déclenchée(s) sur nm.exe: High_Entropy_Executable
2026-08-07 19:32:32 [WARNING] MENACE : None → nm.exe
2026-08-07 19:32:33 [WARNING]  Règle(s) YARA déclenchée(s) sur objcopy.exe: High_Entropy_Executable
2026-08-07 19:32:33 [WARNING] MENACE : None → objcopy.exe
2026-08-07 19:32:36 [WARNING]  Règle(s) YARA déclenchée(s) sur objdump.exe: High_Entropy_Executable
2026-08-07 19:32:36 [WARNING] MENACE : None → objdump.exe
2026-08-07 19:32:37 [WARNING]  Règle(s) YARA déclenchée(s) sur ranlib.exe: High_Entropy_Executable
2026-08-07 19:32:37 [WARNING] MENACE : None → ranlib.exe
2026-08-07 19:32:38 [WARNING]  Règle(s) YARA déclenchée(s) sur readelf.exe: High_Entropy_Executable
2026-08-07 19:32:38 [WARNING] MENACE : None → readelf.exe
2026-08-07 19:32:40 [WARNING]  Règle(s) YARA déclenchée(s) sur strip.exe: High_Entropy_Executable
2026-08-07 19:32:40 [WARNING] MENACE : None → strip.exe
2026-08-07 19:32:41 [WARNING]  Règle(s) YARA déclenchée(s) sur windres.exe: High_Entropy_Executable
2026-08-07 19:32:41 [WARNING] MENACE : None → windres.exe
2026-08-07 19:32:42 [WARNING]  Règle(s) YARA déclenchée(s) sur zlib1.dll: High_Entropy_Executable
2026-08-07 19:32:42 [WARNING] MENACE : None → zlib1.dll
2026-08-07 19:32:45 [WARNING] MENACE : None → ApplicationIcon.png
2026-08-07 19:32:45 [WARNING] MENACE : None → SplashScreen.png
2026-08-07 19:33:29 [WARNING]  Règle(s) YARA déclenchée(s) sur cc1.exe: High_Entropy_Executable
2026-08-07 19:33:29 [WARNING] MENACE : None → cc1.exe
2026-08-07 19:34:09 [WARNING]  Règle(s) YARA déclenchée(s) sur cc1obj.exe: High_Entropy_Executable
2026-08-07 19:34:09 [WARNING] MENACE : None → cc1obj.exe
2026-08-07 19:34:53 [WARNING]  Règle(s) YARA déclenchée(s) sur cc1objplus.exe: High_Entropy_Executable
2026-08-07 19:34:53 [WARNING] MENACE : None → cc1objplus.exe
2026-08-07 19:35:37 [WARNING]  Règle(s) YARA déclenchée(s) sur cc1plus.exe: High_Entropy_Executable
2026-08-07 19:35:37 [WARNING] MENACE : None → cc1plus.exe
2026-08-07 19:35:38 [WARNING]  Règle(s) YARA déclenchée(s) sur collect2.exe: High_Entropy_Executable
2026-08-07 19:35:38 [WARNING] MENACE : None → collect2.exe
2026-08-07 19:36:21 [WARNING]  Règle(s) YARA déclenchée(s) sur f951.exe: High_Entropy_Executable
2026-08-07 19:36:21 [WARNING] MENACE : None → f951.exe
2026-08-07 19:36:21 [WARNING]  Règle(s) YARA déclenchée(s) sur g++-mapper-server.exe: High_Entropy_Executable
2026-08-07 19:36:21 [WARNING] MENACE : None → g++-mapper-server.exe
2026-08-07 19:36:22 [WARNING]  Règle(s) YARA déclenchée(s) sur libgcc_s_seh-1.dll: High_Entropy_Executable
2026-08-07 19:36:22 [WARNING] MENACE : None → libgcc_s_seh-1.dll
2026-08-07 19:36:22 [WARNING]  Règle(s) YARA déclenchée(s) sur libgmp-10.dll: High_Entropy_Executable
2026-08-07 19:36:22 [WARNING] MENACE : None → libgmp-10.dll
2026-08-07 19:36:24 [WARNING]  Règle(s) YARA déclenchée(s) sur libiconv-2.dll: High_Entropy_Executable
2026-08-07 19:36:24 [WARNING] MENACE : None → libiconv-2.dll
2026-08-07 19:36:28 [WARNING]  Règle(s) YARA déclenchée(s) sur libisl-23.dll: High_Entropy_Executable
2026-08-07 19:36:28 [WARNING] MENACE : None → libisl-23.dll
2026-08-07 19:36:28 [WARNING]  Règle(s) YARA déclenchée(s) sur liblto_plugin.dll: High_Entropy_Executable
2026-08-07 19:36:28 [WARNING] MENACE : None → liblto_plugin.dll
2026-08-07 19:36:28 [WARNING]  Règle(s) YARA déclenchée(s) sur libmpc-3.dll: High_Entropy_Executable
2026-08-07 19:36:28 [WARNING] MENACE : None → libmpc-3.dll
2026-08-07 19:36:29 [WARNING]  Règle(s) YARA déclenchée(s) sur libmpfr-6.dll: High_Entropy_Executable
2026-08-07 19:36:29 [WARNING] MENACE : None → libmpfr-6.dll
2026-08-07 19:36:29 [WARNING]  Règle(s) YARA déclenchée(s) sur libwinpthread-1.dll: High_Entropy_Executable
2026-08-07 19:36:29 [WARNING] MENACE : None → libwinpthread-1.dll
2026-08-07 19:36:30 [WARNING]  Règle(s) YARA déclenchée(s) sur libzstd.dll: High_Entropy_Executable
2026-08-07 19:36:30 [WARNING] MENACE : None → libzstd.dll
2026-08-07 19:36:33 [WARNING]  Règle(s) YARA déclenchée(s) sur lto-wrapper.exe: High_Entropy_Executable
2026-08-07 19:36:33 [WARNING] MENACE : None → lto-wrapper.exe
2026-08-07 19:37:11 [WARNING]  Règle(s) YARA déclenchée(s) sur lto1.exe: High_Entropy_Executable
2026-08-07 19:37:11 [WARNING] MENACE : None → lto1.exe
2026-08-07 19:37:11 [WARNING]  Règle(s) YARA déclenchée(s) sur zlib1.dll: High_Entropy_Executable
2026-08-07 19:37:11 [WARNING] MENACE : None → zlib1.dll
2026-08-07 19:37:11 [WARNING]  Règle(s) YARA déclenchée(s) sur fixincl.exe: High_Entropy_Executable
2026-08-07 19:37:11 [WARNING] MENACE : None → fixincl.exe
2026-08-07 19:37:12 [WARNING]  Règle(s) YARA déclenchée(s) sur gengtype.exe: High_Entropy_Executable
2026-08-07 19:37:12 [WARNING] MENACE : None → gengtype.exe
2026-08-07 19:37:12 [WARNING]  Règle(s) YARA déclenchée(s) sur libdep.dll: High_Entropy_Executable
2026-08-07 19:37:12 [WARNING] MENACE : None → libdep.dll
2026-08-07 19:37:13 [WARNING]  Règle(s) YARA déclenchée(s) sur python.exe: High_Entropy_Executable
2026-08-07 19:37:13 [WARNING] MENACE : None → python.exe
2026-08-07 19:37:13 [WARNING]  Règle(s) YARA déclenchée(s) sur pythonw.exe: High_Entropy_Executable
2026-08-07 19:37:13 [WARNING] MENACE : None → pythonw.exe
2026-08-07 19:37:14 [WARNING] MENACE : None → idle_16.png
2026-08-07 19:37:14 [WARNING] MENACE : None → idle_256.png
2026-08-07 19:37:14 [WARNING] MENACE : None → idle_32.png
2026-08-07 19:37:14 [WARNING] MENACE : None → idle_48.png
2026-08-07 19:37:16 [ERROR]  Erreur scan YARA sur C:\Users\DELL LATITUDE 5420\OneDrive\Bureau\Moneyyy\Water bottle project\ID vert\2- Grok Propositions plantes\Capture d'écran 2026-03-18 221511.png : could not open file "C:\Users\DELL LATITUDE 5420\OneDrive\Bureau\Moneyyy\Water bottle project\ID vert\2- Grok Propositions plantes\Capture d'écran 2026-03-18 221511.png"
2026-08-07 19:37:16 [WARNING] MENACE : None → Capture d'écran 2026-03-18 221511.png
2026-08-07 19:37:17 [ERROR]  Erreur scan YARA sur C:\Users\DELL LATITUDE 5420\OneDrive\Bureau\Moneyyy\Water bottle project\ID vert\2- Grok Propositions plantes\Capture d'écran 2026-03-18 221520.png : could not open file "C:\Users\DELL LATITUDE 5420\OneDrive\Bureau\Moneyyy\Water bottle project\ID vert\2- Grok Propositions plantes\Capture d'écran 2026-03-18 221520.png"
2026-08-07 19:37:17 [WARNING] MENACE : None → Capture d'écran 2026-03-18 221520.png
2026-08-07 19:37:17 [ERROR]  Erreur scan YARA sur C:\Users\DELL LATITUDE 5420\OneDrive\Bureau\Moneyyy\Water bottle project\ID vert\2- Grok Propositions plantes\Capture d'écran 2026-03-18 221526.png : could not open file "C:\Users\DELL LATITUDE 5420\OneDrive\Bureau\Moneyyy\Water bottle project\ID vert\2- Grok Propositions plantes\Capture d'écran 2026-03-18 221526.png"
2026-08-07 19:37:17 [WARNING] MENACE : None → Capture d'écran 2026-03-18 221526.png
2026-08-07 19:37:17 [ERROR]  Erreur scan YARA sur C:\Users\DELL LATITUDE 5420\OneDrive\Bureau\Moneyyy\Water bottle project\ID vert\2- Grok Propositions plantes\Capture d'écran 2026-03-18 221532.png : could not open file "C:\Users\DELL LATITUDE 5420\OneDrive\Bureau\Moneyyy\Water bottle project\ID vert\2- Grok Propositions plantes\Capture d'écran 2026-03-18 221532.png"
2026-08-07 19:37:17 [WARNING] MENACE : None → Capture d'écran 2026-03-18 221532.png
2026-08-07 19:37:18 [ERROR]  Erreur scan YARA sur C:\Users\DELL LATITUDE 5420\OneDrive\Bureau\Moneyyy\Water bottle project\ID vert\2- Grok Propositions plantes\Capture d'écran 2026-03-18 221537.png : could not open file "C:\Users\DELL LATITUDE 5420\OneDrive\Bureau\Moneyyy\Water bottle project\ID vert\2- Grok Propositions plantes\Capture d'écran 2026-03-18 221537.png"
2026-08-07 19:37:18 [WARNING] MENACE : None → Capture d'écran 2026-03-18 221537.png
2026-08-07 19:37:18 [ERROR]  Erreur scan YARA sur C:\Users\DELL LATITUDE 5420\OneDrive\Bureau\Moneyyy\Water bottle project\ID vert\2- Grok Propositions plantes\Capture d'écran 2026-03-18 221543.png : could not open file "C:\Users\DELL LATITUDE 5420\OneDrive\Bureau\Moneyyy\Water bottle project\ID vert\2- Grok Propositions plantes\Capture d'écran 2026-03-18 221543.png"
2026-08-07 19:37:18 [WARNING] MENACE : None → Capture d'écran 2026-03-18 221543.png
2026-08-07 19:37:18 [ERROR]  Erreur scan YARA sur C:\Users\DELL LATITUDE 5420\OneDrive\Bureau\Moneyyy\Water bottle project\ID vert\3- DeepSeek Propositions plantes\Capture d'écran 2026-03-18 221213.png : could not open file "C:\Users\DELL LATITUDE 5420\OneDrive\Bureau\Moneyyy\Water bottle project\ID vert\3- DeepSeek Propositions plantes\Capture d'écran 2026-03-18 221213.png"
2026-08-07 19:37:18 [WARNING] MENACE : None → Capture d'écran 2026-03-18 221213.png
2026-08-07 19:37:18 [ERROR]  Erreur scan YARA sur C:\Users\DELL LATITUDE 5420\OneDrive\Bureau\Moneyyy\Water bottle project\ID vert\3- DeepSeek Propositions plantes\Capture d'écran 2026-03-18 221239.png : could not open file "C:\Users\DELL LATITUDE 5420\OneDrive\Bureau\Moneyyy\Water bottle project\ID vert\3- DeepSeek Propositions plantes\Capture d'écran 2026-03-18 221239.png"
2026-08-07 19:37:18 [WARNING] MENACE : None → Capture d'écran 2026-03-18 221239.png
2026-08-07 19:37:18 [ERROR]  Erreur scan YARA sur C:\Users\DELL LATITUDE 5420\OneDrive\Bureau\Moneyyy\Water bottle project\ID vert\3- DeepSeek Propositions plantes\Capture d'écran 2026-03-18 221246.png : could not open file "C:\Users\DELL LATITUDE 5420\OneDrive\Bureau\Moneyyy\Water bottle project\ID vert\3- DeepSeek Propositions plantes\Capture d'écran 2026-03-18 221246.png"
2026-08-07 19:37:18 [WARNING] MENACE : None → Capture d'écran 2026-03-18 221246.png
2026-08-07 19:37:18 [ERROR]  Erreur scan YARA sur C:\Users\DELL LATITUDE 5420\OneDrive\Bureau\Moneyyy\Water bottle project\ID vert\3- DeepSeek Propositions plantes\Capture d'écran 2026-03-18 221251.png : could not open file "C:\Users\DELL LATITUDE 5420\OneDrive\Bureau\Moneyyy\Water bottle project\ID vert\3- DeepSeek Propositions plantes\Capture d'écran 2026-03-18 221251.png"
2026-08-07 19:37:18 [WARNING] MENACE : None → Capture d'écran 2026-03-18 221251.png
2026-08-07 19:37:18 [ERROR]  Erreur scan YARA sur C:\Users\DELL LATITUDE 5420\OneDrive\Bureau\Moneyyy\Water bottle project\ID vert\3- DeepSeek Propositions plantes\Capture d'écran 2026-03-18 221258.png : could not open file "C:\Users\DELL LATITUDE 5420\OneDrive\Bureau\Moneyyy\Water bottle project\ID vert\3- DeepSeek Propositions plantes\Capture d'écran 2026-03-18 221258.png"
2026-08-07 19:37:18 [WARNING] MENACE : None → Capture d'écran 2026-03-18 221258.png
2026-08-07 19:37:18 [ERROR]  Erreur scan YARA sur C:\Users\DELL LATITUDE 5420\OneDrive\Bureau\Moneyyy\Water bottle project\ID vert\3- DeepSeek Propositions plantes\Capture d'écran 2026-03-18 221306.png : could not open file "C:\Users\DELL LATITUDE 5420\OneDrive\Bureau\Moneyyy\Water bottle project\ID vert\3- DeepSeek Propositions plantes\Capture d'écran 2026-03-18 221306.png"
2026-08-07 19:37:18 [WARNING] MENACE : None → Capture d'écran 2026-03-18 221306.png
2026-08-07 19:37:19 [ERROR]  Erreur scan YARA sur C:\Users\DELL LATITUDE 5420\OneDrive\Bureau\Moneyyy\Water bottle project\ID vert\3- DeepSeek Propositions plantes\Capture d'écran 2026-03-18 221312.png : could not open file "C:\Users\DELL LATITUDE 5420\OneDrive\Bureau\Moneyyy\Water bottle project\ID vert\3- DeepSeek Propositions plantes\Capture d'écran 2026-03-18 221312.png"
2026-08-07 19:37:19 [WARNING] MENACE : None → Capture d'écran 2026-03-18 221312.png
2026-08-07 19:37:19 [ERROR]  Erreur scan YARA sur C:\Users\DELL LATITUDE 5420\OneDrive\Bureau\Moneyyy\Water bottle project\ID vert\3- DeepSeek Propositions plantes\Capture d'écran 2026-03-18 221320.png : could not open file "C:\Users\DELL LATITUDE 5420\OneDrive\Bureau\Moneyyy\Water bottle project\ID vert\3- DeepSeek Propositions plantes\Capture d'écran 2026-03-18 221320.png"
2026-08-07 19:37:19 [WARNING] MENACE : None → Capture d'écran 2026-03-18 221320.png
2026-08-07 19:37:19 [ERROR]  Erreur scan YARA sur C:\Users\DELL LATITUDE 5420\OneDrive\Bureau\Moneyyy\Water bottle project\ID vert\3- DeepSeek Propositions plantes\Capture d'écran 2026-03-18 221326.png : could not open file "C:\Users\DELL LATITUDE 5420\OneDrive\Bureau\Moneyyy\Water bottle project\ID vert\3- DeepSeek Propositions plantes\Capture d'écran 2026-03-18 221326.png"
2026-08-07 19:37:19 [WARNING] MENACE : None → Capture d'écran 2026-03-18 221326.png
2026-08-07 19:37:19 [ERROR]  Erreur scan YARA sur C:\Users\DELL LATITUDE 5420\OneDrive\Bureau\Moneyyy\Water bottle project\ID vert\3- DeepSeek Propositions plantes\Capture d'écran 2026-03-18 221333.png : could not open file "C:\Users\DELL LATITUDE 5420\OneDrive\Bureau\Moneyyy\Water bottle project\ID vert\3- DeepSeek Propositions plantes\Capture d'écran 2026-03-18 221333.png"
2026-08-07 19:37:19 [WARNING] MENACE : None → Capture d'écran 2026-03-18 221333.png
2026-08-07 19:37:19 [ERROR]  Erreur scan YARA sur C:\Users\DELL LATITUDE 5420\OneDrive\Bureau\Moneyyy\Water bottle project\ID vert\3- DeepSeek Propositions plantes\Capture d'écran 2026-03-18 221339.png : could not open file "C:\Users\DELL LATITUDE 5420\OneDrive\Bureau\Moneyyy\Water bottle project\ID vert\3- DeepSeek Propositions plantes\Capture d'écran 2026-03-18 221339.png"
2026-08-07 19:37:19 [WARNING] MENACE : None → Capture d'écran 2026-03-18 221339.png
2026-08-07 19:37:19 [ERROR]  Erreur scan YARA sur C:\Users\DELL LATITUDE 5420\OneDrive\Bureau\Moneyyy\Water bottle project\ID vert\4- Copilot\Capture d'écran 2026-03-18 222200.png : could not open file "C:\Users\DELL LATITUDE 5420\OneDrive\Bureau\Moneyyy\Water bottle project\ID vert\4- Copilot\Capture d'écran 2026-03-18 222200.png"
2026-08-07 19:37:19 [WARNING] MENACE : None → Capture d'écran 2026-03-18 222200.png
2026-08-07 19:37:19 [ERROR]  Erreur scan YARA sur C:\Users\DELL LATITUDE 5420\OneDrive\Bureau\Moneyyy\Water bottle project\ID vert\4- Copilot\Capture d'écran 2026-03-18 222207.png : could not open file "C:\Users\DELL LATITUDE 5420\OneDrive\Bureau\Moneyyy\Water bottle project\ID vert\4- Copilot\Capture d'écran 2026-03-18 222207.png"
2026-08-07 19:37:19 [WARNING] MENACE : None → Capture d'écran 2026-03-18 222207.png
2026-08-07 19:37:19 [ERROR]  Erreur scan YARA sur C:\Users\DELL LATITUDE 5420\OneDrive\Bureau\Moneyyy\Water bottle project\ID vert\4- Copilot\Capture d'écran 2026-03-18 222214.png : could not open file "C:\Users\DELL LATITUDE 5420\OneDrive\Bureau\Moneyyy\Water bottle project\ID vert\4- Copilot\Capture d'écran 2026-03-18 222214.png"
2026-08-07 19:37:19 [WARNING] MENACE : None → Capture d'écran 2026-03-18 222214.png
2026-08-07 19:37:19 [ERROR]  Erreur scan YARA sur C:\Users\DELL LATITUDE 5420\OneDrive\Bureau\Moneyyy\Water bottle project\ID vert\4- Copilot\Capture d'écran 2026-03-18 222219.png : could not open file "C:\Users\DELL LATITUDE 5420\OneDrive\Bureau\Moneyyy\Water bottle project\ID vert\4- Copilot\Capture d'écran 2026-03-18 222219.png"
2026-08-07 19:37:19 [WARNING] MENACE : None → Capture d'écran 2026-03-18 222219.png
2026-08-07 19:37:19 [ERROR]  Erreur scan YARA sur C:\Users\DELL LATITUDE 5420\OneDrive\Bureau\Moneyyy\Water bottle project\ID vert\4- Copilot\Capture d'écran 2026-03-18 222226.png : could not open file "C:\Users\DELL LATITUDE 5420\OneDrive\Bureau\Moneyyy\Water bottle project\ID vert\4- Copilot\Capture d'écran 2026-03-18 222226.png"
2026-08-07 19:37:19 [WARNING] MENACE : None → Capture d'écran 2026-03-18 222226.png
2026-08-07 19:37:19 [ERROR]  Erreur scan YARA sur C:\Users\DELL LATITUDE 5420\OneDrive\Bureau\Moneyyy\Water bottle project\ID vert\4- Copilot\Capture d'écran 2026-03-18 222232.png : could not open file "C:\Users\DELL LATITUDE 5420\OneDrive\Bureau\Moneyyy\Water bottle project\ID vert\4- Copilot\Capture d'écran 2026-03-18 222232.png"
2026-08-07 19:37:19 [WARNING] MENACE : None → Capture d'écran 2026-03-18 222232.png
2026-08-07 19:37:19 [ERROR]  Erreur scan YARA sur C:\Users\DELL LATITUDE 5420\OneDrive\Bureau\Moneyyy\Water bottle project\ID vert\4- Copilot\Capture d'écran 2026-03-18 222242.png : could not open file "C:\Users\DELL LATITUDE 5420\OneDrive\Bureau\Moneyyy\Water bottle project\ID vert\4- Copilot\Capture d'écran 2026-03-18 222242.png"
2026-08-07 19:37:19 [WARNING] MENACE : None → Capture d'écran 2026-03-18 222242.png
2026-08-07 19:37:20 [ERROR]  Erreur scan YARA sur C:\Users\DELL LATITUDE 5420\OneDrive\Bureau\Moneyyy\Water bottle project\ID vert\4- Copilot\Capture d'écran 2026-03-18 222250.png : could not open file "C:\Users\DELL LATITUDE 5420\OneDrive\Bureau\Moneyyy\Water bottle project\ID vert\4- Copilot\Capture d'écran 2026-03-18 222250.png"
2026-08-07 19:37:20 [WARNING] MENACE : None → Capture d'écran 2026-03-18 222250.png
2026-08-07 19:37:20 [ERROR]  Erreur scan YARA sur C:\Users\DELL LATITUDE 5420\OneDrive\Bureau\Moneyyy\Water bottle project\ID vert\4- Copilot\Capture d'écran 2026-03-18 222607.png : could not open file "C:\Users\DELL LATITUDE 5420\OneDrive\Bureau\Moneyyy\Water bottle project\ID vert\4- Copilot\Capture d'écran 2026-03-18 222607.png"
2026-08-07 19:37:20 [WARNING] MENACE : None → Capture d'écran 2026-03-18 222607.png
2026-08-07 19:37:20 [ERROR]  Erreur scan YARA sur C:\Users\DELL LATITUDE 5420\OneDrive\Bureau\Moneyyy\Water bottle project\ID vert\4- Copilot\Capture d'écran 2026-03-18 222614.png : could not open file "C:\Users\DELL LATITUDE 5420\OneDrive\Bureau\Moneyyy\Water bottle project\ID vert\4- Copilot\Capture d'écran 2026-03-18 222614.png"
2026-08-07 19:37:20 [WARNING] MENACE : None → Capture d'écran 2026-03-18 222614.png
2026-08-07 19:37:21 [ERROR]  Erreur scan YARA sur C:\Users\DELL LATITUDE 5420\OneDrive\Bureau\Moneyyy\Water bottle project\ID vert\IMG\Comest\Capture d'écran 2026-03-18 23301ZZ2.png : could not open file "C:\Users\DELL LATITUDE 5420\OneDrive\Bureau\Moneyyy\Water bottle project\ID vert\IMG\Comest\Capture d'écran 2026-03-18 23301ZZ2.png"
2026-08-07 19:37:21 [WARNING] MENACE : None → Capture d'écran 2026-03-18 23301ZZ2.png
2026-08-07 19:37:21 [ERROR]  Erreur scan YARA sur C:\Users\DELL LATITUDE 5420\OneDrive\Bureau\Moneyyy\Water bottle project\ID vert\IMG\Comest\Capture d'écran 2026-03-18 233407.png : could not open file "C:\Users\DELL LATITUDE 5420\OneDrive\Bureau\Moneyyy\Water bottle project\ID vert\IMG\Comest\Capture d'écran 2026-03-18 233407.png"
2026-08-07 19:37:21 [WARNING] MENACE : None → Capture d'écran 2026-03-18 233407.png
2026-08-07 19:37:23 [ERROR]  Erreur scan YARA sur C:\Users\DELL LATITUDE 5420\OneDrive\Bureau\Moneyyy\Water bottle project\ID vert\IMG\Comest\Capture d'écran 2026-03-18 233634.png : could not open file "C:\Users\DELL LATITUDE 5420\OneDrive\Bureau\Moneyyy\Water bottle project\ID vert\IMG\Comest\Capture d'écran 2026-03-18 233634.png"
2026-08-07 19:37:23 [WARNING] MENACE : None → Capture d'écran 2026-03-18 233634.png
2026-08-07 19:37:23 [ERROR]  Erreur scan YARA sur C:\Users\DELL LATITUDE 5420\OneDrive\Bureau\Moneyyy\Water bottle project\ID vert\IMG\Comest\Capture d'écran 2026-03-18 233855.png : could not open file "C:\Users\DELL LATITUDE 5420\OneDrive\Bureau\Moneyyy\Water bottle project\ID vert\IMG\Comest\Capture d'écran 2026-03-18 233855.png"
2026-08-07 19:37:23 [WARNING] MENACE : None → Capture d'écran 2026-03-18 233855.png
2026-08-07 19:37:24 [ERROR]  Erreur scan YARA sur C:\Users\DELL LATITUDE 5420\OneDrive\Bureau\Moneyyy\Water bottle project\ID vert\IMG\Comest\Capture d'écran 2026-03-18 234032.png : could not open file "C:\Users\DELL LATITUDE 5420\OneDrive\Bureau\Moneyyy\Water bottle project\ID vert\IMG\Comest\Capture d'écran 2026-03-18 234032.png"
2026-08-07 19:37:24 [WARNING] MENACE : None → Capture d'écran 2026-03-18 234032.png
2026-08-07 19:37:25 [ERROR]  Erreur scan YARA sur C:\Users\DELL LATITUDE 5420\OneDrive\Bureau\Moneyyy\Water bottle project\ID vert\IMG\Comest\Capture d'écran 2026-03-hh18 233226.png : could not open file "C:\Users\DELL LATITUDE 5420\OneDrive\Bureau\Moneyyy\Water bottle project\ID vert\IMG\Comest\Capture d'écran 2026-03-hh18 233226.png"
2026-08-07 19:37:25 [WARNING] MENACE : None → Capture d'écran 2026-03-hh18 233226.png
2026-08-07 19:37:25 [ERROR]  Erreur scan YARA sur C:\Users\DELL LATITUDE 5420\OneDrive\Bureau\Moneyyy\Water bottle project\ID vert\IMG\Comest\Capture d'écran 202hhh6-03-18 233514.png : could not open file "C:\Users\DELL LATITUDE 5420\OneDrive\Bureau\Moneyyy\Water bottle project\ID vert\IMG\Comest\Capture d'écran 202hhh6-03-18 233514.png"
2026-08-07 19:37:25 [WARNING] MENACE : None → Capture d'écran 202hhh6-03-18 233514.png
2026-08-07 19:37:27 [ERROR]  Erreur scan YARA sur C:\Users\DELL LATITUDE 5420\OneDrive\Bureau\Moneyyy\Water bottle project\ID vert\IMG\Déco\gerr.png : could not open file "C:\Users\DELL LATITUDE 5420\OneDrive\Bureau\Moneyyy\Water bottle project\ID vert\IMG\Déco\gerr.png"
2026-08-07 19:37:27 [WARNING] MENACE : None → gerr.png
2026-08-07 19:37:28 [ERROR]  Erreur scan YARA sur C:\Users\DELL LATITUDE 5420\OneDrive\Bureau\Moneyyy\Water bottle project\ID vert\IMG\Déco\ggh.png : could not open file "C:\Users\DELL LATITUDE 5420\OneDrive\Bureau\Moneyyy\Water bottle project\ID vert\IMG\Déco\ggh.png"
2026-08-07 19:37:28 [WARNING] MENACE : None → ggh.png
2026-08-07 19:37:29 [ERROR]  Erreur scan YARA sur C:\Users\DELL LATITUDE 5420\OneDrive\Bureau\Moneyyy\Water bottle project\ID vert\IMG\Déco\ytg.png : could not open file "C:\Users\DELL LATITUDE 5420\OneDrive\Bureau\Moneyyy\Water bottle project\ID vert\IMG\Déco\ytg.png"
2026-08-07 19:37:29 [WARNING] MENACE : None → ytg.png
2026-08-07 19:37:29 [ERROR]  Erreur scan YARA sur C:\Users\DELL LATITUDE 5420\OneDrive\Bureau\Moneyyy\Fdf_fric_spontanné\Copilot\Capture d'écran 2025-09-11 103155.png : could not open file "C:\Users\DELL LATITUDE 5420\OneDrive\Bureau\Moneyyy\Fdf_fric_spontanné\Copilot\Capture d'écran 2025-09-11 103155.png"
2026-08-07 19:37:29 [WARNING] MENACE : None → Capture d'écran 2025-09-11 103155.png
2026-08-07 19:37:29 [ERROR]  Erreur scan YARA sur C:\Users\DELL LATITUDE 5420\OneDrive\Bureau\Moneyyy\Fdf_fric_spontanné\Copilot\Capture d'écran 2025-09-11 103202.png : could not open file "C:\Users\DELL LATITUDE 5420\OneDrive\Bureau\Moneyyy\Fdf_fric_spontanné\Copilot\Capture d'écran 2025-09-11 103202.png"
2026-08-07 19:37:29 [WARNING] MENACE : None → Capture d'écran 2025-09-11 103202.png
2026-08-07 19:37:29 [ERROR]  Erreur scan YARA sur C:\Users\DELL LATITUDE 5420\OneDrive\Bureau\Moneyyy\Fdf_fric_spontanné\Copilot\Capture d'écran 2025-09-11 103208.png : could not open file "C:\Users\DELL LATITUDE 5420\OneDrive\Bureau\Moneyyy\Fdf_fric_spontanné\Copilot\Capture d'écran 2025-09-11 103208.png"
2026-08-07 19:37:29 [WARNING] MENACE : None → Capture d'écran 2025-09-11 103208.png
2026-08-07 19:37:29 [ERROR]  Erreur scan YARA sur C:\Users\DELL LATITUDE 5420\OneDrive\Bureau\Moneyyy\Fdf_fric_spontanné\Copilot\Capture d'écran 2025-09-11 103236.png : could not open file "C:\Users\DELL LATITUDE 5420\OneDrive\Bureau\Moneyyy\Fdf_fric_spontanné\Copilot\Capture d'écran 2025-09-11 103236.png"
2026-08-07 19:37:29 [WARNING] MENACE : None → Capture d'écran 2025-09-11 103236.png
2026-08-07 19:37:29 [ERROR]  Erreur scan YARA sur C:\Users\DELL LATITUDE 5420\OneDrive\Bureau\Moneyyy\Fdf_fric_spontanné\Copilot\Capture d'écran 2025-09-11 103242.png : could not open file "C:\Users\DELL LATITUDE 5420\OneDrive\Bureau\Moneyyy\Fdf_fric_spontanné\Copilot\Capture d'écran 2025-09-11 103242.png"
2026-08-07 19:37:29 [WARNING] MENACE : None → Capture d'écran 2025-09-11 103242.png
2026-08-07 19:37:29 [ERROR]  Erreur scan YARA sur C:\Users\DELL LATITUDE 5420\OneDrive\Bureau\Moneyyy\Fdf_fric_spontanné\Copilot\Capture d'écran 2025-09-11 103317.png : could not open file "C:\Users\DELL LATITUDE 5420\OneDrive\Bureau\Moneyyy\Fdf_fric_spontanné\Copilot\Capture d'écran 2025-09-11 103317.png"
2026-08-07 19:37:29 [WARNING] MENACE : None → Capture d'écran 2025-09-11 103317.png
2026-08-07 19:37:29 [ERROR]  Erreur scan YARA sur C:\Users\DELL LATITUDE 5420\OneDrive\Bureau\Moneyyy\Fdf_fric_spontanné\Copilot\Capture d'écran 2025-09-11 103658.png : could not open file "C:\Users\DELL LATITUDE 5420\OneDrive\Bureau\Moneyyy\Fdf_fric_spontanné\Copilot\Capture d'écran 2025-09-11 103658.png"
2026-08-07 19:37:29 [WARNING] MENACE : None → Capture d'écran 2025-09-11 103658.png
2026-08-07 19:37:29 [ERROR]  Erreur scan YARA sur C:\Users\DELL LATITUDE 5420\OneDrive\Bureau\Moneyyy\Fdf_fric_spontanné\Copilot\Capture d'écran 2025-09-11 103705.png : could not open file "C:\Users\DELL LATITUDE 5420\OneDrive\Bureau\Moneyyy\Fdf_fric_spontanné\Copilot\Capture d'écran 2025-09-11 103705.png"
2026-08-07 19:37:29 [WARNING] MENACE : None → Capture d'écran 2025-09-11 103705.png
2026-08-07 19:37:30 [ERROR]  Erreur scan YARA sur C:\Users\DELL LATITUDE 5420\OneDrive\Bureau\Moneyyy\Fdf_fric_spontanné\Copilot\Capture d'écran 2025-09-11 103718.png : could not open file "C:\Users\DELL LATITUDE 5420\OneDrive\Bureau\Moneyyy\Fdf_fric_spontanné\Copilot\Capture d'écran 2025-09-11 103718.png"
2026-08-07 19:37:30 [WARNING] MENACE : None → Capture d'écran 2025-09-11 103718.png
2026-08-07 19:37:30 [ERROR]  Erreur scan YARA sur C:\Users\DELL LATITUDE 5420\OneDrive\Bureau\Moneyyy\Fdf_fric_spontanné\Copilot\Capture d'écran 2025-09-11 103724.png : could not open file "C:\Users\DELL LATITUDE 5420\OneDrive\Bureau\Moneyyy\Fdf_fric_spontanné\Copilot\Capture d'écran 2025-09-11 103724.png"
2026-08-07 19:37:30 [WARNING] MENACE : None → Capture d'écran 2025-09-11 103724.png
2026-08-07 19:37:30 [ERROR]  Erreur scan YARA sur C:\Users\DELL LATITUDE 5420\OneDrive\Bureau\Moneyyy\Fdf_fric_spontanné\Copilot\Capture d'écran 2025-09-11 103814.png : could not open file "C:\Users\DELL LATITUDE 5420\OneDrive\Bureau\Moneyyy\Fdf_fric_spontanné\Copilot\Capture d'écran 2025-09-11 103814.png"
2026-08-07 19:37:30 [WARNING] MENACE : None → Capture d'écran 2025-09-11 103814.png
2026-08-07 19:37:30 [ERROR]  Erreur scan YARA sur C:\Users\DELL LATITUDE 5420\OneDrive\Bureau\Moneyyy\Fdf_fric_spontanné\Deepseek\Capture d'écran 2025-09-11 104042.png : could not open file "C:\Users\DELL LATITUDE 5420\OneDrive\Bureau\Moneyyy\Fdf_fric_spontanné\Deepseek\Capture d'écran 2025-09-11 104042.png"
2026-08-07 19:37:30 [WARNING] MENACE : None → Capture d'écran 2025-09-11 104042.png
2026-08-07 19:37:30 [ERROR]  Erreur scan YARA sur C:\Users\DELL LATITUDE 5420\OneDrive\Bureau\Moneyyy\Fdf_fric_spontanné\Deepseek\Capture d'écran 2025-09-11 104055.png : could not open file "C:\Users\DELL LATITUDE 5420\OneDrive\Bureau\Moneyyy\Fdf_fric_spontanné\Deepseek\Capture d'écran 2025-09-11 104055.png"
2026-08-07 19:37:30 [WARNING] MENACE : None → Capture d'écran 2025-09-11 104055.png
2026-08-07 19:37:30 [ERROR]  Erreur scan YARA sur C:\Users\DELL LATITUDE 5420\OneDrive\Bureau\Moneyyy\Fdf_fric_spontanné\Deepseek\Capture d'écran 2025-09-11 104104.png : could not open file "C:\Users\DELL LATITUDE 5420\OneDrive\Bureau\Moneyyy\Fdf_fric_spontanné\Deepseek\Capture d'écran 2025-09-11 104104.png"
2026-08-07 19:37:30 [WARNING] MENACE : None → Capture d'écran 2025-09-11 104104.png
2026-08-07 19:37:30 [ERROR]  Erreur scan YARA sur C:\Users\DELL LATITUDE 5420\OneDrive\Bureau\Moneyyy\Fdf_fric_spontanné\Deepseek\Capture d'écran 2025-09-11 104114.png : could not open file "C:\Users\DELL LATITUDE 5420\OneDrive\Bureau\Moneyyy\Fdf_fric_spontanné\Deepseek\Capture d'écran 2025-09-11 104114.png"
2026-08-07 19:37:30 [WARNING] MENACE : None → Capture d'écran 2025-09-11 104114.png
2026-08-07 19:37:30 [ERROR]  Erreur scan YARA sur C:\Users\DELL LATITUDE 5420\OneDrive\Bureau\Moneyyy\Fdf_fric_spontanné\Deepseek\Capture d'écran 2025-09-11 104121.png : could not open file "C:\Users\DELL LATITUDE 5420\OneDrive\Bureau\Moneyyy\Fdf_fric_spontanné\Deepseek\Capture d'écran 2025-09-11 104121.png"
2026-08-07 19:37:30 [WARNING] MENACE : None → Capture d'écran 2025-09-11 104121.png
2026-08-07 19:37:30 [ERROR]  Erreur scan YARA sur C:\Users\DELL LATITUDE 5420\OneDrive\Bureau\Moneyyy\Fdf_fric_spontanné\Deepseek\Capture d'écran 2025-09-11 104204.png : could not open file "C:\Users\DELL LATITUDE 5420\OneDrive\Bureau\Moneyyy\Fdf_fric_spontanné\Deepseek\Capture d'écran 2025-09-11 104204.png"
2026-08-07 19:37:30 [WARNING] MENACE : None → Capture d'écran 2025-09-11 104204.png
2026-08-07 19:37:30 [ERROR]  Erreur scan YARA sur C:\Users\DELL LATITUDE 5420\OneDrive\Bureau\Moneyyy\Fdf_fric_spontanné\Deepseek\Capture d'écran 2025-09-11 104217.png : could not open file "C:\Users\DELL LATITUDE 5420\OneDrive\Bureau\Moneyyy\Fdf_fric_spontanné\Deepseek\Capture d'écran 2025-09-11 104217.png"
2026-08-07 19:37:30 [WARNING] MENACE : None → Capture d'écran 2025-09-11 104217.png
2026-08-07 19:37:30 [ERROR]  Erreur scan YARA sur C:\Users\DELL LATITUDE 5420\OneDrive\Bureau\Moneyyy\Fdf_fric_spontanné\Deepseek\Capture d'écran 2025-09-11 104231.png : could not open file "C:\Users\DELL LATITUDE 5420\OneDrive\Bureau\Moneyyy\Fdf_fric_spontanné\Deepseek\Capture d'écran 2025-09-11 104231.png"
2026-08-07 19:37:30 [WARNING] MENACE : None → Capture d'écran 2025-09-11 104231.png
2026-08-07 19:37:31 [ERROR]  Erreur scan YARA sur C:\Users\DELL LATITUDE 5420\OneDrive\Bureau\Moneyyy\Fdf_fric_spontanné\Deepseek\Capture d'écran 2025-09-11 104239.png : could not open file "C:\Users\DELL LATITUDE 5420\OneDrive\Bureau\Moneyyy\Fdf_fric_spontanné\Deepseek\Capture d'écran 2025-09-11 104239.png"
2026-08-07 19:37:31 [WARNING] MENACE : None → Capture d'écran 2025-09-11 104239.png
2026-08-07 19:37:34 [WARNING]  Règle(s) YARA déclenchée(s) sur aegis_banner.dll: High_Entropy_Executable
2026-08-07 19:37:34 [WARNING] MENACE : None → aegis_banner.dll
2026-08-07 19:37:35 [WARNING] MENACE : None → logo.png
2026-08-07 19:37:35 [WARNING]  Règle(s) YARA déclenchée(s) sur launch_bach.exe: High_Entropy_Executable
2026-08-07 19:37:35 [WARNING] MENACE : None → launch_bach.exe
2026-08-07 19:37:38 [WARNING] MENACE : None → cours.pdf
2026-08-07 19:37:39 [WARNING] MENACE : None → RecueildExercicesCorrigsdeProgrammesenLangageC.pdf
2026-08-07 19:37:47 [WARNING] MENACE : None → ch1_C++.pdf
2026-08-07 19:37:47 [WARNING] MENACE : None → ch2_c++.pdf
2026-08-07 19:37:48 [WARNING] MENACE : None → ch3_C++.pdf
2026-08-07 19:37:48 [WARNING] MENACE : None → ch4_C++.pdf
2026-08-07 19:37:49 [WARNING] MENACE : None → ch5_C++.pdf
2026-08-07 19:37:49 [WARNING] MENACE : None → ch6_C++.pdf
2026-08-07 19:37:49 [WARNING] MENACE : None → TD1_C++.pdf
2026-08-07 19:37:50 [WARNING] MENACE : None → TP2_C++.pdf
2026-08-07 19:37:50 [WARNING] MENACE : None → TP3.pdf
2026-08-07 19:37:50 [WARNING] MENACE : None → TP4.pdf
2026-08-07 19:37:50 [WARNING] MENACE : None → TP5.pdf
2026-08-07 19:37:50 [WARNING] MENACE : None → TP6.pdf
2026-08-07 19:37:53 [WARNING] MENACE : None → cours.pdf
2026-08-07 19:37:54 [WARNING] MENACE : None → TP1-corr.pdf
2026-08-07 19:37:54 [WARNING] MENACE : None → logo.png
2026-08-07 19:37:55 [ERROR]  Erreur scan YARA sur C:\Users\DELL LATITUDE 5420\OneDrive\Bureau\Invités\AAA--- Marius\Demande-de-stage-1.pdf : could not open file "C:\Users\DELL LATITUDE 5420\OneDrive\Bureau\Invités\AAA--- Marius\Demande-de-stage-1.pdf"
2026-08-07 19:37:55 [WARNING] MENACE : None → Demande-de-stage-1.pdf
2026-08-07 19:37:55 [ERROR]  Erreur scan YARA sur C:\Users\DELL LATITUDE 5420\OneDrive\Bureau\Invités\AAA--- Marius\Ndilnodji madjiadoum.lettre de motivation.pdf : could not open file "C:\Users\DELL LATITUDE 5420\OneDrive\Bureau\Invités\AAA--- Marius\Ndilnodji madjiadoum.lettre de motivation.pdf"
2026-08-07 19:37:55 [WARNING] MENACE : None → Ndilnodji madjiadoum.lettre de motivation.pdf
2026-08-07 19:37:55 [ERROR]  Erreur scan YARA sur C:\Users\DELL LATITUDE 5420\OneDrive\Bureau\Invités\AAA--- Marius\Nouveau Document Microsoft Word.pdf : could not open file "C:\Users\DELL LATITUDE 5420\OneDrive\Bureau\Invités\AAA--- Marius\Nouveau Document Microsoft Word.pdf"
2026-08-07 19:37:55 [WARNING] MENACE : None → Nouveau Document Microsoft Word.pdf
2026-08-07 19:37:55 [ERROR]  Erreur scan YARA sur C:\Users\DELL LATITUDE 5420\OneDrive\Bureau\Invités\AAA--- Marius\NOUVELLRE LISTE.pdf : could not open file "C:\Users\DELL LATITUDE 5420\OneDrive\Bureau\Invités\AAA--- Marius\NOUVELLRE LISTE.pdf"
2026-08-07 19:37:55 [WARNING] MENACE : None → NOUVELLRE LISTE.pdf
2026-08-07 19:37:55 [ERROR]  Erreur scan YARA sur C:\Users\DELL LATITUDE 5420\OneDrive\Bureau\Invités\AAA--- Marius\Projet de création MARIUS.pdf : could not open file "C:\Users\DELL LATITUDE 5420\OneDrive\Bureau\Invités\AAA--- Marius\Projet de création MARIUS.pdf"
2026-08-07 19:37:55 [WARNING] MENACE : None → Projet de création MARIUS.pdf
2026-08-07 19:37:55 [ERROR]  Erreur scan YARA sur C:\Users\DELL LATITUDE 5420\OneDrive\Bureau\Invités\Affic Malick\WhatsApp_Image_2025-01-16_à_08.36.01_a99dc87a-removebg-preview.png : could not open file "C:\Users\DELL LATITUDE 5420\OneDrive\Bureau\Invités\Affic Malick\WhatsApp_Image_2025-01-16_à_08.36.01_a99dc87a-removebg-preview.png"
2026-08-07 19:37:55 [WARNING] MENACE : None → WhatsApp_Image_2025-01-16_à_08.36.01_a99dc87a-removebg-preview.png
2026-08-07 19:37:56 [ERROR]  Erreur scan YARA sur C:\Users\DELL LATITUDE 5420\OneDrive\Bureau\Invités\Affich Malik\Génère une image de la carte du Burkina Faso remplie avec les couleurs de son drapeau.png : could not open file "C:\Users\DELL LATITUDE 5420\OneDrive\Bureau\Invités\Affich Malik\Génère une image de la carte du Burkina Faso remplie avec les couleurs de son drapeau.png"
2026-08-07 19:37:56 [WARNING] MENACE : None → Génère une image de la carte du Burkina Faso remplie avec les couleurs de son drapeau.png
2026-08-07 19:37:57 [ERROR]  Erreur scan YARA sur C:\Users\DELL LATITUDE 5420\OneDrive\Bureau\Invités\Affich Malik\Génère une image de la carte du Mali remplie avec les couleurs de son drapeau.png : could not open file "C:\Users\DELL LATITUDE 5420\OneDrive\Bureau\Invités\Affich Malik\Génère une image de la carte du Mali remplie avec les couleurs de son drapeau.png"
2026-08-07 19:37:57 [WARNING] MENACE : None → Génère une image de la carte du Mali remplie avec les couleurs de son drapeau.png
2026-08-07 19:37:58 [ERROR]  Erreur scan YARA sur C:\Users\DELL LATITUDE 5420\OneDrive\Bureau\Invités\Affich Malik\Génère une image de la carte du Niger en la remplissant des couleurs de son drapeau..png : could not open file "C:\Users\DELL LATITUDE 5420\OneDrive\Bureau\Invités\Affich Malik\Génère une image de la carte du Niger en la remplissant des couleurs de son drapeau..png"
2026-08-07 19:37:58 [WARNING] MENACE : None → Génère une image de la carte du Niger en la remplissant des couleurs de son drapeau..png
2026-08-07 19:37:58 [ERROR]  Erreur scan YARA sur C:\Users\DELL LATITUDE 5420\OneDrive\Bureau\Invités\Affich Malik\Génère_une_image_de_la_carte_du_Burkina_Faso_remplie_avec_les_couleurs_de_son_drapeau-removebg-preview.png : could not open file "C:\Users\DELL LATITUDE 5420\OneDrive\Bureau\Invités\Affich Malik\Génère_une_image_de_la_carte_du_Burkina_Faso_remplie_avec_les_couleurs_de_son_drapeau-removebg-preview.png"
2026-08-07 19:37:58 [WARNING] MENACE : None → Génère_une_image_de_la_carte_du_Burkina_Faso_remplie_avec_les_couleurs_de_son_drapeau-removebg-preview.png
2026-08-07 19:37:58 [ERROR]  Erreur scan YARA sur C:\Users\DELL LATITUDE 5420\OneDrive\Bureau\Invités\Affich Malik\Génère_une_image_de_la_carte_du_Mali_remplie_avec_les_couleurs_de_son_drapeau-removebg-preview.png : could not open file "C:\Users\DELL LATITUDE 5420\OneDrive\Bureau\Invités\Affich Malik\Génère_une_image_de_la_carte_du_Mali_remplie_avec_les_couleurs_de_son_drapeau-removebg-preview.png"
2026-08-07 19:37:58 [WARNING] MENACE : None → Génère_une_image_de_la_carte_du_Mali_remplie_avec_les_couleurs_de_son_drapeau-removebg-preview.png
2026-08-07 19:37:58 [ERROR]  Erreur scan YARA sur C:\Users\DELL LATITUDE 5420\OneDrive\Bureau\Invités\Affich Malik\Génère_une_image_de_la_carte_du_Niger_en_la_remplissant_des_couleurs_de_son_drapeau.-removebg-preview.png : could not open file "C:\Users\DELL LATITUDE 5420\OneDrive\Bureau\Invités\Affich Malik\Génère_une_image_de_la_carte_du_Niger_en_la_remplissant_des_couleurs_de_son_drapeau.-removebg-preview.png"
2026-08-07 19:37:58 [WARNING] MENACE : None → Génère_une_image_de_la_carte_du_Niger_en_la_remplissant_des_couleurs_de_son_drapeau.-removebg-preview.png
2026-08-07 19:37:59 [ERROR]  Erreur scan YARA sur C:\Users\DELL LATITUDE 5420\OneDrive\Bureau\Invités\Affich Malik\Retirer le fond de l'image ne laissant que la carte du Niger avec ses couleurs.png : could not open file "C:\Users\DELL LATITUDE 5420\OneDrive\Bureau\Invités\Affich Malik\Retirer le fond de l'image ne laissant que la carte du Niger avec ses couleurs.png"
2026-08-07 19:37:59 [WARNING] MENACE : None → Retirer le fond de l'image ne laissant que la carte du Niger avec ses couleurs.png
2026-08-07 19:37:59 [ERROR]  Erreur scan YARA sur C:\Users\DELL LATITUDE 5420\OneDrive\Bureau\Invités\Affich Malik\xxxxx.png : could not open file "C:\Users\DELL LATITUDE 5420\OneDrive\Bureau\Invités\Affich Malik\xxxxx.png"
2026-08-07 19:37:59 [WARNING] MENACE : None → xxxxx.png
2026-08-07 19:37:59 [ERROR]  Erreur scan YARA sur C:\Users\DELL LATITUDE 5420\OneDrive\Bureau\Invités\Affich Malik\yyyyy.png : could not open file "C:\Users\DELL LATITUDE 5420\OneDrive\Bureau\Invités\Affich Malik\yyyyy.png"
2026-08-07 19:37:59 [WARNING] MENACE : None → yyyyy.png
2026-08-07 19:37:59 [ERROR]  Erreur scan YARA sur C:\Users\DELL LATITUDE 5420\OneDrive\Bureau\Invités\Affich Malik\zzzz.png : could not open file "C:\Users\DELL LATITUDE 5420\OneDrive\Bureau\Invités\Affich Malik\zzzz.png"
2026-08-07 19:37:59 [WARNING] MENACE : None → zzzz.png
2026-08-07 19:38:01 [ERROR]  Erreur scan YARA sur C:\Users\DELL LATITUDE 5420\OneDrive\Bureau\Invités\Victor pdf disable\SKM_654e25100214110.pdf : could not open file "C:\Users\DELL LATITUDE 5420\OneDrive\Bureau\Invités\Victor pdf disable\SKM_654e25100214110.pdf"
2026-08-07 19:38:01 [WARNING] MENACE : None → SKM_654e25100214110.pdf
2026-08-07 19:38:02 [ERROR]  Erreur scan YARA sur C:\Users\DELL LATITUDE 5420\OneDrive\Bureau\Invités\Victor pdf disable\Done\SKM_654e25100214110-1.pdf : could not open file "C:\Users\DELL LATITUDE 5420\OneDrive\Bureau\Invités\Victor pdf disable\Done\SKM_654e25100214110-1.pdf"
2026-08-07 19:38:02 [WARNING] MENACE : None → SKM_654e25100214110-1.pdf
2026-08-07 19:38:02 [ERROR]  Erreur scan YARA sur C:\Users\DELL LATITUDE 5420\OneDrive\Bureau\Invités\Victor pdf disable\Done\SKM_654e25100214110-2.pdf : could not open file "C:\Users\DELL LATITUDE 5420\OneDrive\Bureau\Invités\Victor pdf disable\Done\SKM_654e25100214110-2.pdf"
2026-08-07 19:38:02 [WARNING] MENACE : None → SKM_654e25100214110-2.pdf
2026-08-07 19:38:02 [ERROR]  Erreur scan YARA sur C:\Users\DELL LATITUDE 5420\OneDrive\Bureau\Invités\Victor pdf disable\Done\SKM_654e25100214110-3.pdf : could not open file "C:\Users\DELL LATITUDE 5420\OneDrive\Bureau\Invités\Victor pdf disable\Done\SKM_654e25100214110-3.pdf"
2026-08-07 19:38:02 [WARNING] MENACE : None → SKM_654e25100214110-3.pdf
2026-08-07 19:38:02 [ERROR]  Erreur scan YARA sur C:\Users\DELL LATITUDE 5420\OneDrive\Bureau\Invités\Victor pdf disable\Done\SKM_654e25100214110-4.pdf : could not open file "C:\Users\DELL LATITUDE 5420\OneDrive\Bureau\Invités\Victor pdf disable\Done\SKM_654e25100214110-4.pdf"
2026-08-07 19:38:02 [WARNING] MENACE : None → SKM_654e25100214110-4.pdf
2026-08-07 19:38:03 [ERROR]  Erreur scan YARA sur C:\Users\DELL LATITUDE 5420\OneDrive\Bureau\Invités\Victor pdf disable\Done\SKM_654e25100214110-5.pdf : could not open file "C:\Users\DELL LATITUDE 5420\OneDrive\Bureau\Invités\Victor pdf disable\Done\SKM_654e25100214110-5.pdf"
2026-08-07 19:38:03 [WARNING] MENACE : None → SKM_654e25100214110-5.pdf
2026-08-07 19:38:03 [ERROR]  Erreur scan YARA sur C:\Users\DELL LATITUDE 5420\OneDrive\Bureau\Invités\Victor pdf disable\Done\SKM_654e25100214110-6.pdf : could not open file "C:\Users\DELL LATITUDE 5420\OneDrive\Bureau\Invités\Victor pdf disable\Done\SKM_654e25100214110-6.pdf"
2026-08-07 19:38:03 [WARNING] MENACE : None → SKM_654e25100214110-6.pdf
2026-08-07 19:38:03 [ERROR]  Erreur scan YARA sur C:\Users\DELL LATITUDE 5420\OneDrive\Bureau\Invités\Victor pdf disable\Done\SKM_654e25100214110-7.pdf : could not open file "C:\Users\DELL LATITUDE 5420\OneDrive\Bureau\Invités\Victor pdf disable\Done\SKM_654e25100214110-7.pdf"
2026-08-07 19:38:03 [WARNING] MENACE : None → SKM_654e25100214110-7.pdf
2026-08-07 19:38:03 [ERROR]  Erreur scan YARA sur C:\Users\DELL LATITUDE 5420\OneDrive\Bureau\Invités\Victor pdf disable\Done\SKM_654e25100214110-8.pdf : could not open file "C:\Users\DELL LATITUDE 5420\OneDrive\Bureau\Invités\Victor pdf disable\Done\SKM_654e25100214110-8.pdf"
2026-08-07 19:38:03 [WARNING] MENACE : None → SKM_654e25100214110-8.pdf
2026-08-07 19:38:03 [ERROR]  Erreur scan YARA sur C:\Users\DELL LATITUDE 5420\OneDrive\Bureau\Invités\Victor pdf disable\Done\SKM_654e25100214110-9.pdf : could not open file "C:\Users\DELL LATITUDE 5420\OneDrive\Bureau\Invités\Victor pdf disable\Done\SKM_654e25100214110-9.pdf"
2026-08-07 19:38:03 [WARNING] MENACE : None → SKM_654e25100214110-9.pdf
2026-08-07 19:38:04 [ERROR]  Erreur scan YARA sur C:\Users\DELL LATITUDE 5420\OneDrive\Bureau\Invités\Affic Malick\without bg\Capture_d_écran_2025-01-13_045925-removebg-preview.png : could not open file "C:\Users\DELL LATITUDE 5420\OneDrive\Bureau\Invités\Affic Malick\without bg\Capture_d_écran_2025-01-13_045925-removebg-preview.png"
2026-08-07 19:38:04 [WARNING] MENACE : None → Capture_d_écran_2025-01-13_045925-removebg-preview.png
2026-08-07 19:38:04 [ERROR]  Erreur scan YARA sur C:\Users\DELL LATITUDE 5420\OneDrive\Bureau\Invités\Affic Malick\without bg\Capture_d_écran_2025-01-13_045932-removebg-preview.png : could not open file "C:\Users\DELL LATITUDE 5420\OneDrive\Bureau\Invités\Affic Malick\without bg\Capture_d_écran_2025-01-13_045932-removebg-preview.png"
2026-08-07 19:38:04 [WARNING] MENACE : None → Capture_d_écran_2025-01-13_045932-removebg-preview.png
2026-08-07 19:38:04 [ERROR]  Erreur scan YARA sur C:\Users\DELL LATITUDE 5420\OneDrive\Bureau\Invités\Affic Malick\without bg\WhatsApp_Image_2025-01-11_à_20.29.30_71f629a8-removebg-preview.png : could not open file "C:\Users\DELL LATITUDE 5420\OneDrive\Bureau\Invités\Affic Malick\without bg\WhatsApp_Image_2025-01-11_à_20.29.30_71f629a8-removebg-preview.png"
2026-08-07 19:38:04 [WARNING] MENACE : None → WhatsApp_Image_2025-01-11_à_20.29.30_71f629a8-removebg-preview.png
2026-08-07 19:38:04 [ERROR]  Erreur scan YARA sur C:\Users\DELL LATITUDE 5420\OneDrive\Bureau\Invités\Affic Malick\without bg\WhatsApp_Image_2025-01-11_à_20.29.58_365c142d-removebg-preview (1).png : could not open file "C:\Users\DELL LATITUDE 5420\OneDrive\Bureau\Invités\Affic Malick\without bg\WhatsApp_Image_2025-01-11_à_20.29.58_365c142d-removebg-preview (1).png"
2026-08-07 19:38:04 [WARNING] MENACE : None → WhatsApp_Image_2025-01-11_à_20.29.58_365c142d-removebg-preview (1).png
2026-08-07 19:38:04 [ERROR]  Erreur scan YARA sur C:\Users\DELL LATITUDE 5420\OneDrive\Bureau\Invités\Affic Malick\without bg\WhatsApp_Image_2025-01-11_à_20.30.14_5c02d7fd-removebg-preview.png : could not open file "C:\Users\DELL LATITUDE 5420\OneDrive\Bureau\Invités\Affic Malick\without bg\WhatsApp_Image_2025-01-11_à_20.30.14_5c02d7fd-removebg-preview.png"
2026-08-07 19:38:04 [WARNING] MENACE : None → WhatsApp_Image_2025-01-11_à_20.30.14_5c02d7fd-removebg-preview.png
2026-08-07 19:38:04 [ERROR]  Erreur scan YARA sur C:\Users\DELL LATITUDE 5420\OneDrive\Bureau\Invités\Affic Malick\without bg\WhatsApp_Image_2025-01-11_à_20.30.28_dec92314-removebg-preview (1).png : could not open file "C:\Users\DELL LATITUDE 5420\OneDrive\Bureau\Invités\Affic Malick\without bg\WhatsApp_Image_2025-01-11_à_20.30.28_dec92314-removebg-preview (1).png"
2026-08-07 19:38:04 [WARNING] MENACE : None → WhatsApp_Image_2025-01-11_à_20.30.28_dec92314-removebg-preview (1).png
2026-08-07 19:38:04 [ERROR]  Erreur scan YARA sur C:\Users\DELL LATITUDE 5420\OneDrive\Bureau\Invités\Affic Malick\without bg\WhatsApp_Image_2025-01-11_à_23.21.10_9d5dedd3-removebg-preview.png : could not open file "C:\Users\DELL LATITUDE 5420\OneDrive\Bureau\Invités\Affic Malick\without bg\WhatsApp_Image_2025-01-11_à_23.21.10_9d5dedd3-removebg-preview.png"
2026-08-07 19:38:04 [WARNING] MENACE : None → WhatsApp_Image_2025-01-11_à_23.21.10_9d5dedd3-removebg-preview.png
2026-08-07 19:38:04 [ERROR]  Erreur scan YARA sur C:\Users\DELL LATITUDE 5420\OneDrive\Bureau\Invités\Affic Malick\without bg\WhatsApp_Image_2025-01-11_à_23.38.20_9a7f76a9-removebg-preview.png : could not open file "C:\Users\DELL LATITUDE 5420\OneDrive\Bureau\Invités\Affic Malick\without bg\WhatsApp_Image_2025-01-11_à_23.38.20_9a7f76a9-removebg-preview.png"
2026-08-07 19:38:04 [WARNING] MENACE : None → WhatsApp_Image_2025-01-11_à_23.38.20_9a7f76a9-removebg-preview.png
2026-08-07 19:38:05 [ERROR]  Erreur scan YARA sur C:\Users\DELL LATITUDE 5420\OneDrive\Bureau\Invités\AAA--- Marius\downloaded\Demande-de-stage-1.pdf : could not open file "C:\Users\DELL LATITUDE 5420\OneDrive\Bureau\Invités\AAA--- Marius\downloaded\Demande-de-stage-1.pdf"
2026-08-07 19:38:05 [WARNING] MENACE : None → Demande-de-stage-1.pdf
2026-08-07 19:38:05 [ERROR]  Erreur scan YARA sur C:\Users\DELL LATITUDE 5420\OneDrive\Bureau\Invités\AAA--- Marius\downloaded\téléchargement-removebg-preview.png : could not open file "C:\Users\DELL LATITUDE 5420\OneDrive\Bureau\Invités\AAA--- Marius\downloaded\téléchargement-removebg-preview.png"
2026-08-07 19:38:05 [WARNING] MENACE : None → téléchargement-removebg-preview.png
2026-08-07 19:38:05 [ERROR]  Erreur scan YARA sur C:\Users\DELL LATITUDE 5420\OneDrive\Bureau\Invités\AAA--- Marius\downloaded\téléchargement.png : could not open file "C:\Users\DELL LATITUDE 5420\OneDrive\Bureau\Invités\AAA--- Marius\downloaded\téléchargement.png"
2026-08-07 19:38:05 [WARNING] MENACE : None → téléchargement.png
2026-08-07 19:38:47 [WARNING]  Règle(s) YARA déclenchée(s) sur Dev-Cpp 5.11 TDM-GCC 4.9.2 Setup.exe: High_Entropy_Executable
2026-08-07 19:38:47 [WARNING] MENACE : None → Dev-Cpp 5.11 TDM-GCC 4.9.2 Setup.exe
2026-08-07 19:38:47 [ERROR]  Erreur scan YARA sur C:\Users\DELL LATITUDE 5420\OneDrive\Bureau\Infor\Codage\AAA--Projets personnels\Générer unnombre aléatoire\tt.exe : could not open file "C:\Users\DELL LATITUDE 5420\OneDrive\Bureau\Infor\Codage\AAA--Projets personnels\Générer unnombre aléatoire\tt.exe"
2026-08-07 19:38:47 [WARNING]  Règle(s) YARA déclenchée(s) sur lo.exe: High_Entropy_Executable
2026-08-07 19:38:47 [WARNING] MENACE : None → lo.exe
2026-08-07 19:38:47 [WARNING]  Règle(s) YARA déclenchée(s) sur MonBluff.exe: High_Entropy_Executable
2026-08-07 19:38:47 [WARNING] MENACE : None → MonBluff.exe
2026-08-07 19:38:48 [ERROR]  Erreur scan YARA sur C:\Users\DELL LATITUDE 5420\OneDrive\Bureau\Guide de poche hacking\Fichiers génétraux\10.1 Commande+linux.pdf : could not open file "C:\Users\DELL LATITUDE 5420\OneDrive\Bureau\Guide de poche hacking\Fichiers génétraux\10.1 Commande+linux.pdf"
2026-08-07 19:38:48 [WARNING] MENACE : None → 10.1 Commande+linux.pdf
2026-08-07 19:38:48 [ERROR]  Erreur scan YARA sur C:\Users\DELL LATITUDE 5420\OneDrive\Bureau\Guide de poche hacking\Fichiers génétraux\3 Methodes ingénierie sociale.png : could not open file "C:\Users\DELL LATITUDE 5420\OneDrive\Bureau\Guide de poche hacking\Fichiers génétraux\3 Methodes ingénierie sociale.png"
2026-08-07 19:38:48 [WARNING] MENACE : None → 3 Methodes ingénierie sociale.png
2026-08-07 19:38:49 [ERROR]  Erreur scan YARA sur C:\Users\DELL LATITUDE 5420\OneDrive\Bureau\Guide de poche hacking\Fichiers génétraux\Etapes du hacking.png : could not open file "C:\Users\DELL LATITUDE 5420\OneDrive\Bureau\Guide de poche hacking\Fichiers génétraux\Etapes du hacking.png"
2026-08-07 19:38:49 [WARNING] MENACE : None → Etapes du hacking.png
2026-08-07 19:38:49 [ERROR]  Erreur scan YARA sur C:\Users\DELL LATITUDE 5420\OneDrive\Bureau\Guide de poche hacking\Fichiers génétraux\Etapes du scanning.png : could not open file "C:\Users\DELL LATITUDE 5420\OneDrive\Bureau\Guide de poche hacking\Fichiers génétraux\Etapes du scanning.png"
2026-08-07 19:38:49 [WARNING] MENACE : None → Etapes du scanning.png
2026-08-07 19:38:49 [ERROR]  Erreur scan YARA sur C:\Users\DELL LATITUDE 5420\OneDrive\Bureau\Guide de poche hacking\Fichiers génétraux\lien d'installations linux-win.png : could not open file "C:\Users\DELL LATITUDE 5420\OneDrive\Bureau\Guide de poche hacking\Fichiers génétraux\lien d'installations linux-win.png"
2026-08-07 19:38:49 [WARNING] MENACE : None → lien d'installations linux-win.png
2026-08-07 19:38:49 [ERROR]  Erreur scan YARA sur C:\Users\DELL LATITUDE 5420\OneDrive\Bureau\Guide de poche hacking\Fichiers génétraux\liens base de données des vulné.png : could not open file "C:\Users\DELL LATITUDE 5420\OneDrive\Bureau\Guide de poche hacking\Fichiers génétraux\liens base de données des vulné.png"
2026-08-07 19:38:49 [WARNING] MENACE : None → liens base de données des vulné.png
2026-08-07 19:38:50 [ERROR]  Erreur scan YARA sur C:\Users\DELL LATITUDE 5420\OneDrive\Bureau\Guide de poche hacking\Fichiers génétraux\Quelques sources_liens.pdf : could not open file "C:\Users\DELL LATITUDE 5420\OneDrive\Bureau\Guide de poche hacking\Fichiers génétraux\Quelques sources_liens.pdf"
2026-08-07 19:38:50 [WARNING] MENACE : None → Quelques sources_liens.pdf
2026-08-07 19:38:50 [WARNING] MENACE : None → logo.png
2026-08-07 19:38:50 [WARNING] MENACE : None → Code_Generated_Image.png
2026-08-07 19:38:50 [WARNING] MENACE : None → Plan.png
2026-08-07 19:38:53 [ERROR]  Erreur scan YARA sur C:\Users\DELL LATITUDE 5420\OneDrive\Bureau\Et maintenant\Faire du fric\Comment générer du contenu avec IA\Possibilités avec copilot.pdf : could not open file "C:\Users\DELL LATITUDE 5420\OneDrive\Bureau\Et maintenant\Faire du fric\Comment générer du contenu avec IA\Possibilités avec copilot.pdf"
2026-08-07 19:38:53 [WARNING] MENACE : None → Possibilités avec copilot.pdf
2026-08-07 19:38:53 [ERROR]  Erreur scan YARA sur C:\Users\DELL LATITUDE 5420\OneDrive\Bureau\Et maintenant\Faire du fric\Comment générer du contenu avec IA\Possibilités avec Gemini.pdf : could not open file "C:\Users\DELL LATITUDE 5420\OneDrive\Bureau\Et maintenant\Faire du fric\Comment générer du contenu avec IA\Possibilités avec Gemini.pdf"
2026-08-07 19:38:53 [WARNING] MENACE : None → Possibilités avec Gemini.pdf
2026-08-07 19:38:54 [ERROR]  Erreur scan YARA sur C:\Users\DELL LATITUDE 5420\OneDrive\Bureau\Et maintenant\Bourses\SUPTECHNOLOGY\Doc à fournir concours\Licence\Dip Bac.pdf : could not open file "C:\Users\DELL LATITUDE 5420\OneDrive\Bureau\Et maintenant\Bourses\SUPTECHNOLOGY\Doc à fournir concours\Licence\Dip Bac.pdf"
2026-08-07 19:38:54 [WARNING] MENACE : None → Dip Bac.pdf
2026-08-07 19:38:54 [ERROR]  Erreur scan YARA sur C:\Users\DELL LATITUDE 5420\OneDrive\Bureau\Et maintenant\Bourses\SUPTECHNOLOGY\Doc à fournir concours\Licence\Sej_card.pdf : could not open file "C:\Users\DELL LATITUDE 5420\OneDrive\Bureau\Et maintenant\Bourses\SUPTECHNOLOGY\Doc à fournir concours\Licence\Sej_card.pdf"
2026-08-07 19:38:54 [WARNING] MENACE : None → Sej_card.pdf
2026-08-07 19:38:54 [ERROR]  Erreur scan YARA sur C:\Users\DELL LATITUDE 5420\OneDrive\Bureau\Et maintenant\Bourses\SUPTECHNOLOGY\Doc à fournir concours\Master\1ère année_relevé_notes.pdf : could not open file "C:\Users\DELL LATITUDE 5420\OneDrive\Bureau\Et maintenant\Bourses\SUPTECHNOLOGY\Doc à fournir concours\Master\1ère année_relevé_notes.pdf"
2026-08-07 19:38:54 [WARNING] MENACE : None → 1ère année_relevé_notes.pdf
2026-08-07 19:38:54 [ERROR]  Erreur scan YARA sur C:\Users\DELL LATITUDE 5420\OneDrive\Bureau\Et maintenant\Bourses\SUPTECHNOLOGY\Doc à fournir concours\Master\2em_année_relevé_notes.pdf : could not open file "C:\Users\DELL LATITUDE 5420\OneDrive\Bureau\Et maintenant\Bourses\SUPTECHNOLOGY\Doc à fournir concours\Master\2em_année_relevé_notes.pdf"
2026-08-07 19:38:54 [WARNING] MENACE : None → 2em_année_relevé_notes.pdf
2026-08-07 19:38:54 [ERROR]  Erreur scan YARA sur C:\Users\DELL LATITUDE 5420\OneDrive\Bureau\Et maintenant\Bourses\SUPTECHNOLOGY\Doc à fournir concours\Master\Attestation de scolarité.pdf : could not open file "C:\Users\DELL LATITUDE 5420\OneDrive\Bureau\Et maintenant\Bourses\SUPTECHNOLOGY\Doc à fournir concours\Master\Attestation de scolarité.pdf"
2026-08-07 19:38:54 [WARNING] MENACE : None → Attestation de scolarité.pdf
2026-08-07 19:38:54 [ERROR]  Erreur scan YARA sur C:\Users\DELL LATITUDE 5420\OneDrive\Bureau\Et maintenant\Bourses\SUPTECHNOLOGY\Doc à fournir concours\Master\Bac_relevé_notes.pdf : could not open file "C:\Users\DELL LATITUDE 5420\OneDrive\Bureau\Et maintenant\Bourses\SUPTECHNOLOGY\Doc à fournir concours\Master\Bac_relevé_notes.pdf"
2026-08-07 19:38:54 [WARNING] MENACE : None → Bac_relevé_notes.pdf
2026-08-07 19:38:55 [ERROR]  Erreur scan YARA sur C:\Users\DELL LATITUDE 5420\OneDrive\Bureau\Et maintenant\Bourses\SUPTECHNOLOGY\Doc à fournir concours\Master\Diplôme BAC.pdf : could not open file "C:\Users\DELL LATITUDE 5420\OneDrive\Bureau\Et maintenant\Bourses\SUPTECHNOLOGY\Doc à fournir concours\Master\Diplôme BAC.pdf"
2026-08-07 19:38:55 [WARNING] MENACE : None → Diplôme BAC.pdf
2026-08-07 19:38:55 [ERROR]  Erreur scan YARA sur C:\Users\DELL LATITUDE 5420\OneDrive\Bureau\Doc profess\Autres\Capture_d_écran_2024-07-19_044659-removebg-preview.png : could not open file "C:\Users\DELL LATITUDE 5420\OneDrive\Bureau\Doc profess\Autres\Capture_d_écran_2024-07-19_044659-removebg-preview.png"
2026-08-07 19:38:55 [WARNING] MENACE : None → Capture_d_écran_2024-07-19_044659-removebg-preview.png
2026-08-07 19:38:55 [ERROR]  Erreur scan YARA sur C:\Users\DELL LATITUDE 5420\OneDrive\Bureau\Doc profess\Autres\Capture_d_écran_2025-03-26_210434-removebg-preview.png : could not open file "C:\Users\DELL LATITUDE 5420\OneDrive\Bureau\Doc profess\Autres\Capture_d_écran_2025-03-26_210434-removebg-preview.png"
2026-08-07 19:38:55 [WARNING] MENACE : None → Capture_d_écran_2025-03-26_210434-removebg-preview.png
2026-08-07 19:38:55 [WARNING] MENACE : None → TGB Buisiness center (1).png
2026-08-07 19:38:55 [WARNING] MENACE : None → TGB Buisiness center (3).png
2026-08-07 19:38:55 [WARNING] MENACE : None → Carte nationale.pdf
2026-08-07 19:38:56 [WARNING] MENACE : None → Formulaire rempli.pdf
2026-08-07 19:38:56 [WARNING] MENACE : None → 65cbe90c38771_ANTISTRESSPESTELACADEMY.pdf
2026-08-07 19:38:57 [WARNING] MENACE : None → 65cc2d258c1b4_Brandingpestelacademy.pdf
2026-08-07 19:38:58 [WARNING] MENACE : None → 65cc354c4efad_Venteoptimisepestelacademy.pdf
2026-08-07 19:38:58 [WARNING] MENACE : None → ATTESTATION DE CAPACITE FINANCIERE.pdf
2026-08-07 19:38:59 [WARNING] MENACE : None → Billet d'av.pdf
2026-08-07 19:38:59 [WARNING] MENACE : None → Extention letter Masra.pdf
2026-08-07 19:38:59 [WARNING] MENACE : None → Extention letter.pdf
2026-08-07 19:38:59 [WARNING] MENACE : None → MASRA_T Scholarship_letter.pdf
2026-08-07 19:38:59 [ERROR]  Erreur scan YARA sur C:\Users\DELL LATITUDE 5420\OneDrive\Bureau\Doc profess\Chaina_prepare_traveling\Translated_贵州交通职业大学2025年国际学生报到须知(新）(1).pdf : could not open file "C:\Users\DELL LATITUDE 5420\OneDrive\Bureau\Doc profess\Chaina_prepare_traveling\Translated_贵州交通职业大学2025年国际学生报到须知(新）(1).pdf"
2026-08-07 19:38:59 [ERROR]  Erreur scan YARA sur C:\Users\DELL LATITUDE 5420\OneDrive\Bureau\Doc profess\Chaina_prepare_traveling\贵州交通职业大学2025年国际学生报到须知(新）(1).pdf : could not open file "C:\Users\DELL LATITUDE 5420\OneDrive\Bureau\Doc profess\Chaina_prepare_traveling\贵州交通职业大学2025年国际学生报到须知(新）(1).pdf"
2026-08-07 19:38:59 [WARNING] MENACE : None → 贵州交通职业大学2025年国际学生报到须知(新）(1).pdf
2026-08-07 19:39:00 [WARNING] MENACE : None → Black Modern Graphic Designer Creative Resume.pdf
2026-08-07 19:39:00 [WARNING] MENACE : None → CV now.pdf
2026-08-07 19:39:00 [WARNING] MENACE : None → Mon CV.pdf
2026-08-07 19:39:01 [ERROR]  Erreur scan YARA sur C:\Users\DELL LATITUDE 5420\OneDrive\Bureau\Doc profess\Designs\Capture d'écran 2025-07-02 014837.png : could not open file "C:\Users\DELL LATITUDE 5420\OneDrive\Bureau\Doc profess\Designs\Capture d'écran 2025-07-02 014837.png"
2026-08-07 19:39:01 [WARNING] MENACE : None → Capture d'écran 2025-07-02 014837.png
2026-08-07 19:39:01 [ERROR]  Erreur scan YARA sur C:\Users\DELL LATITUDE 5420\OneDrive\Bureau\Doc profess\Designs\Capture_d_écran_2025-07-02_014837-removebg-preview.png : could not open file "C:\Users\DELL LATITUDE 5420\OneDrive\Bureau\Doc profess\Designs\Capture_d_écran_2025-07-02_014837-removebg-preview.png"
2026-08-07 19:39:01 [WARNING] MENACE : None → Capture_d_écran_2025-07-02_014837-removebg-preview.png
2026-08-07 19:39:04 [WARNING] MENACE : None → Attestation concours art oratoire.pdf
2026-08-07 19:39:08 [WARNING] MENACE : None → certf prem class.pdf
2026-08-07 19:39:08 [WARNING] MENACE : None → CertificatDaccomplissement_Decouvrir lIA generative.pdf
2026-08-07 19:39:08 [WARNING] MENACE : None → CertificatDaccomplissement_LIA generative  Les bonnes pratiques de la recherche en ligne.pdf
2026-08-07 19:39:08 [WARNING] MENACE : None → CertificatDaccomplissement_Simplifiez votre travail avec Microsoft Copilot anciennement Bing Chat.pdf
2026-08-07 19:39:08 [WARNING] MENACE : None → tdrrcvy.png
2026-08-07 19:39:08 [WARNING] MENACE : None → 0017-2-removebg-preview (1).png
2026-08-07 19:39:09 [WARNING] MENACE : None → 0017-2-removebg-preview (2).png
2026-08-07 19:39:09 [WARNING] MENACE : None → 0017-2-removebg-preview (3).png
2026-08-07 19:39:09 [WARNING] MENACE : None → 0017-2-removebg-preview (4).png
2026-08-07 19:39:09 [WARNING] MENACE : None → 0017-2-removebg-preview (5).png
2026-08-07 19:39:09 [WARNING] MENACE : None → 0017-2-removebg-preview (6).png
2026-08-07 19:39:09 [WARNING] MENACE : None → 0017-2-removebg-preview.png
2026-08-07 19:39:09 [WARNING] MENACE : None → aaaaaa-removebg-preview (3).png
2026-08-07 19:39:09 [WARNING] MENACE : None → IMG20250331191206-removebg-preview.png
2026-08-07 19:39:10 [WARNING] MENACE : None → IMG_20231128_202141_104-removebg-preview (1).png
2026-08-07 19:39:10 [WARNING] MENACE : None → IMG_20231128_202141_104-removebg-preview.png
2026-08-07 19:39:10 [ERROR]  Erreur scan YARA sur C:\Users\DELL LATITUDE 5420\OneDrive\Bureau\Doc profess\Doss bourse\MTI bourse\Carte de séjour.pdf : could not open file "C:\Users\DELL LATITUDE 5420\OneDrive\Bureau\Doc profess\Doss bourse\MTI bourse\Carte de séjour.pdf"
2026-08-07 19:39:10 [WARNING] MENACE : None → Carte de séjour.pdf
2026-08-07 19:39:10 [WARNING] MENACE : None → Notes S1  2ISI 24-25.pdf
2026-08-07 19:39:10 [ERROR]  Erreur scan YARA sur C:\Users\DELL LATITUDE 5420\OneDrive\Bureau\Doc profess\Doss bourse\MTI bourse\Relevé de notes baccalauréat.pdf : could not open file "C:\Users\DELL LATITUDE 5420\OneDrive\Bureau\Doc profess\Doss bourse\MTI bourse\Relevé de notes baccalauréat.pdf"
2026-08-07 19:39:10 [WARNING] MENACE : None → Relevé de notes baccalauréat.pdf
2026-08-07 19:39:12 [WARNING] MENACE : None → 2025-02-20 22_37_21.pdf
2026-08-07 19:39:13 [WARNING] MENACE : None → 2025-02-20 22_40_15.pdf
2026-08-07 19:39:13 [WARNING] MENACE : None → 2025-02-20 22_47_27.pdf
2026-08-07 19:39:14 [WARNING] MENACE : None → 2025-02-26 21_00_14.pdf
2026-08-07 19:39:14 [WARNING] MENACE : None → aaaa.pdf
2026-08-07 19:39:14 [WARNING] MENACE : None → Certificat d'admission Bac.pdf
2026-08-07 19:39:14 [WARNING] MENACE : None → Lettre motiv.pdf
2026-08-07 19:39:15 [WARNING] MENACE : None → Rules_and_guidelines_for_the_proctored_test_of_the_Second_stage.pdf
2026-08-07 19:39:15 [ERROR]  Erreur scan YARA sur C:\Users\DELL LATITUDE 5420\OneDrive\Bureau\Doc profess\Doss bourse\Russie_Olympiad\ПМиИИ  демо ENG.pdf : could not open file "C:\Users\DELL LATITUDE 5420\OneDrive\Bureau\Doc profess\Doss bourse\Russie_Olympiad\ПМиИИ  демо ENG.pdf"
2026-08-07 19:39:15 [WARNING] MENACE : None → ПМиИИ  демо ENG.pdf
2026-08-07 19:39:16 [ERROR]  Erreur scan YARA sur C:\Users\DELL LATITUDE 5420\OneDrive\Bureau\Doc profess\Doss bourse\Russie_Olympiad\Dommage\ИиТ демо ENG.pdf : could not open file "C:\Users\DELL LATITUDE 5420\OneDrive\Bureau\Doc profess\Doss bourse\Russie_Olympiad\Dommage\ИиТ демо ENG.pdf"
2026-08-07 19:39:16 [WARNING] MENACE : None → ИиТ демо ENG.pdf
2026-08-07 19:39:16 [ERROR]  Erreur scan YARA sur C:\Users\DELL LATITUDE 5420\OneDrive\Bureau\Doc profess\Doss bourse\Russie_Olympiad\Dommage\КНиНД демо ENG.pdf : could not open file "C:\Users\DELL LATITUDE 5420\OneDrive\Bureau\Doc profess\Doss bourse\Russie_Olympiad\Dommage\КНиНД демо ENG.pdf"
2026-08-07 19:39:16 [WARNING] MENACE : None → КНиНД демо ENG.pdf
2026-08-07 19:39:17 [WARNING] MENACE : None → Passport_Masra.pdf
2026-08-07 19:39:17 [WARNING] MENACE : None → Certif bac.png
2026-08-07 19:39:17 [WARNING] MENACE : None → Certificat d'admission Bac.pdf
2026-08-07 19:39:18 [ERROR]  Erreur scan YARA sur C:\Users\DELL LATITUDE 5420\OneDrive\Bureau\Doc profess\Doss bourse\China bourse\autres versions ok\Relevé de notes.pdf : could not open file "C:\Users\DELL LATITUDE 5420\OneDrive\Bureau\Doc profess\Doss bourse\China bourse\autres versions ok\Relevé de notes.pdf"
2026-08-07 19:39:18 [WARNING] MENACE : None → Relevé de notes.pdf
2026-08-07 19:39:18 [ERROR]  Erreur scan YARA sur C:\Users\DELL LATITUDE 5420\OneDrive\Bureau\Doc profess\Doss bourse\China bourse\autres versions ok\Relevé no.png : could not open file "C:\Users\DELL LATITUDE 5420\OneDrive\Bureau\Doc profess\Doss bourse\China bourse\autres versions ok\Relevé no.png"
2026-08-07 19:39:18 [WARNING] MENACE : None → Relevé no.png
2026-08-07 19:39:18 [WARNING] MENACE : None → Study plan.pdf
2026-08-07 19:39:19 [WARNING] MENACE : None → ---(incomplet-un seul)Bulletin terminale.pdf
2026-08-07 19:39:19 [WARNING] MENACE : None → 2025-02-04 20_03_37.pdf
2026-08-07 19:39:20 [WARNING] MENACE : None → 2025-02-04 20_05_39.pdf
2026-08-07 19:39:20 [WARNING] MENACE : None → 25554E7A70_application_1740647251.pdf
2026-08-07 19:39:20 [WARNING] MENACE : None → 258D968902_application_1740685239.pdf
2026-08-07 19:39:21 [WARNING] MENACE : None → Bulletin Terminale 2022-2023.pdf
2026-08-07 19:39:22 [ERROR]  Erreur scan YARA sur C:\Users\DELL LATITUDE 5420\OneDrive\Bureau\Doc profess\Doss bourse\China bourse\Not\Bulletins Première 2021-2022.pdf : could not open file "C:\Users\DELL LATITUDE 5420\OneDrive\Bureau\Doc profess\Doss bourse\China bourse\Not\Bulletins Première 2021-2022.pdf"
2026-08-07 19:39:22 [WARNING] MENACE : None → Bulletins Première 2021-2022.pdf
2026-08-07 19:39:22 [WARNING] MENACE : None → Bulletins Seconde 2020-2021.pdf
2026-08-07 19:39:22 [WARNING] MENACE : None → Certif medic.pdf
2026-08-07 19:39:23 [ERROR]  Erreur scan YARA sur C:\Users\DELL LATITUDE 5420\OneDrive\Bureau\Doc profess\Doss bourse\China bourse\Not\外国人体格检查表（FOREIGNER PHYSICAL EXAMINATION FORM）.pdf : could not open file "C:\Users\DELL LATITUDE 5420\OneDrive\Bureau\Doc profess\Doss bourse\China bourse\Not\外国人体格检查表（FOREIGNER PHYSICAL EXAMINATION FORM）.pdf"
2026-08-07 19:39:23 [WARNING] MENACE : None → 外国人体格检查表（FOREIGNER PHYSICAL EXAMINATION FORM）.pdf
2026-08-07 19:39:23 [WARNING] MENACE : None → 258D968902_application_1740752686.pdf
2026-08-07 19:39:23 [WARNING] MENACE : None → Signature.png
2026-08-07 19:39:23 [ERROR]  Erreur scan YARA sur C:\Users\DELL LATITUDE 5420\OneDrive\Bureau\Doc profess\Doss bourse\China bourse\Phases accomplies\-251830002-MASRA THIERRY DOROBE-RB0065335-马萨拉-入学申请表.pdf : could not open file "C:\Users\DELL LATITUDE 5420\OneDrive\Bureau\Doc profess\Doss bourse\China bourse\Phases accomplies\-251830002-MASRA THIERRY DOROBE-RB0065335-马萨拉-入学申请表.pdf"
2026-08-07 19:39:23 [WARNING] MENACE : None → -251830002-MASRA THIERRY DOROBE-RB0065335-马萨拉-入学申请表.pdf
2026-08-07 19:39:24 [WARNING] MENACE : None → ADMISSION LETTER  MASRA THIERRY DOROBE.pdf
2026-08-07 19:39:24 [WARNING] MENACE : None → Formulaire rempli china_scolarship.pdf
2026-08-07 19:39:24 [WARNING] MENACE : None → JW202 MASRA THIERRY DOROBE.pdf
2026-08-07 19:39:24 [ERROR]  Erreur scan YARA sur C:\Users\DELL LATITUDE 5420\OneDrive\Bureau\Doc profess\Doss bourse\China bourse\Phases accomplies\预录取通知（7人全额奖学金).pdf : could not open file "C:\Users\DELL LATITUDE 5420\OneDrive\Bureau\Doc profess\Doss bourse\China bourse\Phases accomplies\预录取通知（7人全额奖学金).pdf"
2026-08-07 19:39:24 [WARNING] MENACE : None → 预录取通知（7人全额奖学金).pdf
2026-08-07 19:39:25 [WARNING] MENACE : None → 10th_grade_transcript_2020-2021_MASRA_T.pdf
2026-08-07 19:39:25 [WARNING] MENACE : None → 11th_grade transcript_2021-2022_MASRA_T.pdf
2026-08-07 19:39:27 [WARNING] MENACE : None → 12th_grade_trascript2022-2023_MASRA_T.pdf
2026-08-07 19:39:27 [WARNING] MENACE : None → Certificat.png
2026-08-07 19:39:27 [WARNING] MENACE : None → Criminal_record_MASR_T.pdf
2026-08-07 19:39:27 [WARNING] MENACE : None → Family member_AMSRA_Thierry_D.pdf
2026-08-07 19:39:28 [WARNING] MENACE : None → First-year_undergraduate_transcript_MASRA_T.pdf
2026-08-07 19:39:28 [WARNING] MENACE : None → High-school_graduation_certificate_MASRA_T.pdf
2026-08-07 19:39:28 [WARNING] MENACE : None → High-school_graduation_transcript.pdf
2026-08-07 19:39:30 [WARNING] MENACE : None → Letter_of_recommendation_1_MASRA_T.pdf
2026-08-07 19:39:30 [WARNING] MENACE : None → Letter_of_recommendation_2_MASRA_T.pdf
2026-08-07 19:39:30 [WARNING] MENACE : None → New_photo_MASRA_T.png
2026-08-07 19:39:31 [WARNING] MENACE : None → Passport_MASRA_T.pdf
2026-08-07 19:39:31 [WARNING] MENACE : None → Physical examination_MASRA_Thierry_D.pdf
2026-08-07 19:39:31 [WARNING] MENACE : None → Study_plan_MASRA_T.pdf
2026-08-07 19:39:32 [WARNING] MENACE : None → 10th_grade_transcript_2020-2021_MASRA_T.pdf
2026-08-07 19:39:32 [WARNING] MENACE : None → 11th_grade transcript_2021-2022_MASRA_T.pdf
2026-08-07 19:39:34 [WARNING] MENACE : None → 12th_grade_trascript2022-2023_MASRA_T.pdf
2026-08-07 19:39:34 [WARNING] MENACE : None → Criminal_record_MASR_T.pdf
2026-08-07 19:39:34 [WARNING] MENACE : None → First-year_undergraduate_transcript_MASRA_T.pdf
2026-08-07 19:39:35 [WARNING] MENACE : None → High-school_graduation_certificate_MASRA_T.pdf
2026-08-07 19:39:35 [WARNING] MENACE : None → High-school_graduation_transcript.pdf
2026-08-07 19:39:37 [WARNING] MENACE : None → Letter_of_recommendation_1_MASRA_T.pdf
2026-08-07 19:39:37 [WARNING] MENACE : None → Letter_of_recommendation_2_MASRA_T.pdf
2026-08-07 19:39:37 [WARNING] MENACE : None → Passport_MASRA_T.pdf
2026-08-07 19:39:37 [WARNING] MENACE : None → Photo_MASRA_T.png
2026-08-07 19:39:38 [WARNING] MENACE : None → Physical_examination_MASRA_T.pdf
2026-08-07 19:39:38 [WARNING] MENACE : None → SKM_C454e25041517230.pdf
2026-08-07 19:39:38 [WARNING] MENACE : None → Study_plan_MASRA_T.pdf
2026-08-07 19:39:39 [WARNING] MENACE : None → 10th_grade_transcript_2020-2021_MASRA_T.pdf
2026-08-07 19:39:39 [WARNING] MENACE : None → 11th_grade transcript_2021-2022_MASRA_T.pdf
2026-08-07 19:39:41 [WARNING] MENACE : None → 12th_grade_trascript2022-2023_MASRA_T.pdf
2026-08-07 19:39:41 [WARNING] MENACE : None → Criminal_record_MASR_T.pdf
2026-08-07 19:39:42 [WARNING] MENACE : None → First-year_undergraduate_transcript_MASRA_T.pdf
2026-08-07 19:39:42 [WARNING] MENACE : None → High-school_graduation_certificate_MASRA_T.pdf
2026-08-07 19:39:42 [WARNING] MENACE : None → High-school_graduation_transcript.pdf
2026-08-07 19:39:44 [WARNING] MENACE : None → Letter_of_recommendation_1_MASRA_T.pdf
2026-08-07 19:39:44 [WARNING] MENACE : None → Letter_of_recommendation_2_MASRA_T.pdf
2026-08-07 19:39:45 [WARNING] MENACE : None → Passport_MASRA_T.pdf
2026-08-07 19:39:45 [WARNING] MENACE : None → Photo_MASRA_T.png
2026-08-07 19:39:45 [WARNING] MENACE : None → Physical_examination_MASRA_T.pdf
2026-08-07 19:39:45 [WARNING] MENACE : None → Study_plan_MASRA_T.pdf
2026-08-07 19:39:45 [ERROR]  Erreur scan YARA sur C:\Users\DELL LATITUDE 5420\OneDrive\Bureau\Doc profess\Doss bourse\China bourse\OK\To fill\外国人体格检查表（FOREIGNER PHYSICAL EXAMINATION FORM）.pdf : could not open file "C:\Users\DELL LATITUDE 5420\OneDrive\Bureau\Doc profess\Doss bourse\China bourse\OK\To fill\外国人体格检查表（FOREIGNER PHYSICAL EXAMINATION FORM）.pdf"
2026-08-07 19:39:45 [WARNING] MENACE : None → 外国人体格检查表（FOREIGNER PHYSICAL EXAMINATION FORM）.pdf
2026-08-07 19:39:46 [WARNING] MENACE : None → Application form_MASRA Thierry D.pdf
2026-08-07 19:39:46 [ERROR]  Erreur scan YARA sur C:\Users\DELL LATITUDE 5420\OneDrive\Bureau\Doc profess\Doss bourse\China bourse\OK\To fill\Rempli en pdf\name -留学申请表 - 202504.pdf : could not open file "C:\Users\DELL LATITUDE 5420\OneDrive\Bureau\Doc profess\Doss bourse\China bourse\OK\To fill\Rempli en pdf\name -留学申请表 - 202504.pdf"
2026-08-07 19:39:46 [WARNING] MENACE : None → name -留学申请表 - 202504.pdf
2026-08-07 19:39:47 [WARNING] MENACE : None → Physical examination form_ MASRA Thierry D.pdf
2026-08-07 19:39:47 [ERROR]  Erreur scan YARA sur C:\Users\DELL LATITUDE 5420\OneDrive\Bureau\Doc profess\Doss bourse\China bourse\OK\To fill\Rempli en pdf\英文简历 Resume in English.pdf : could not open file "C:\Users\DELL LATITUDE 5420\OneDrive\Bureau\Doc profess\Doss bourse\China bourse\OK\To fill\Rempli en pdf\英文简历 Resume in English.pdf"
2026-08-07 19:39:47 [WARNING] MENACE : None → 英文简历 Resume in English.pdf
2026-08-07 19:39:47 [ERROR]  Erreur scan YARA sur C:\Users\DELL LATITUDE 5420\OneDrive\Bureau\Doc profess\Doss bourse\China bourse\OK\To fill\Rempli en pdf\Prêt à envoyer\Application form_MASRA Thierry D.pdf : could not open file "C:\Users\DELL LATITUDE 5420\OneDrive\Bureau\Doc profess\Doss bourse\China bourse\OK\To fill\Rempli en pdf\Prêt à envoyer\Application form_MASRA Thierry D.pdf"
2026-08-07 19:39:47 [WARNING] MENACE : None → Application form_MASRA Thierry D.pdf
2026-08-07 19:39:48 [ERROR]  Erreur scan YARA sur C:\Users\DELL LATITUDE 5420\OneDrive\Bureau\Doc profess\Doss bourse\China bourse\OK\To fill\Rempli en pdf\Prêt à envoyer\Physical examination form_ MASRA Thierry D.pdf : could not open file "C:\Users\DELL LATITUDE 5420\OneDrive\Bureau\Doc profess\Doss bourse\China bourse\OK\To fill\Rempli en pdf\Prêt à envoyer\Physical examination form_ MASRA Thierry D.pdf"
2026-08-07 19:39:48 [WARNING] MENACE : None → Physical examination form_ MASRA Thierry D.pdf
2026-08-07 19:39:48 [ERROR]  Erreur scan YARA sur C:\Users\DELL LATITUDE 5420\OneDrive\Bureau\Doc profess\Doss bourse\China bourse\OK\To fill\Rempli en pdf\Prêt à envoyer\英文简历 Resume in English.pdf : could not open file "C:\Users\DELL LATITUDE 5420\OneDrive\Bureau\Doc profess\Doss bourse\China bourse\OK\To fill\Rempli en pdf\Prêt à envoyer\英文简历 Resume in English.pdf"
2026-08-07 19:39:48 [WARNING] MENACE : None → 英文简历 Resume in English.pdf
2026-08-07 19:39:48 [ERROR]  Erreur scan YARA sur C:\Users\DELL LATITUDE 5420\OneDrive\Bureau\Doc profess\Documents\AAA--Documents prêts\Acte de naissance Masra.png : could not open file "C:\Users\DELL LATITUDE 5420\OneDrive\Bureau\Doc profess\Documents\AAA--Documents prêts\Acte de naissance Masra.png"
2026-08-07 19:39:48 [WARNING] MENACE : None → Acte de naissance Masra.png
2026-08-07 19:39:48 [ERROR]  Erreur scan YARA sur C:\Users\DELL LATITUDE 5420\OneDrive\Bureau\Doc profess\Documents\AAA--Documents prêts\Acte de naissance.pdf : could not open file "C:\Users\DELL LATITUDE 5420\OneDrive\Bureau\Doc profess\Documents\AAA--Documents prêts\Acte de naissance.pdf"
2026-08-07 19:39:48 [WARNING] MENACE : None → Acte de naissance.pdf
2026-08-07 19:39:48 [ERROR]  Erreur scan YARA sur C:\Users\DELL LATITUDE 5420\OneDrive\Bureau\Doc profess\Documents\AAA--Documents prêts\Attestation d'incription.pdf : could not open file "C:\Users\DELL LATITUDE 5420\OneDrive\Bureau\Doc profess\Documents\AAA--Documents prêts\Attestation d'incription.pdf"
2026-08-07 19:39:48 [WARNING] MENACE : None → Attestation d'incription.pdf
2026-08-07 19:39:49 [ERROR]  Erreur scan YARA sur C:\Users\DELL LATITUDE 5420\OneDrive\Bureau\Doc profess\Documents\AAA--Documents prêts\Attestation de prise en charge.pdf : could not open file "C:\Users\DELL LATITUDE 5420\OneDrive\Bureau\Doc profess\Documents\AAA--Documents prêts\Attestation de prise en charge.pdf"
2026-08-07 19:39:49 [WARNING] MENACE : None → Attestation de prise en charge.pdf
2026-08-07 19:39:49 [ERROR]  Erreur scan YARA sur C:\Users\DELL LATITUDE 5420\OneDrive\Bureau\Doc profess\Documents\AAA--Documents prêts\Carte nationale.pdf : could not open file "C:\Users\DELL LATITUDE 5420\OneDrive\Bureau\Doc profess\Documents\AAA--Documents prêts\Carte nationale.pdf"
2026-08-07 19:39:49 [WARNING] MENACE : None → Carte nationale.pdf
2026-08-07 19:39:49 [ERROR]  Erreur scan YARA sur C:\Users\DELL LATITUDE 5420\OneDrive\Bureau\Doc profess\Documents\AAA--Documents prêts\Casier judiciaire.pdf : could not open file "C:\Users\DELL LATITUDE 5420\OneDrive\Bureau\Doc profess\Documents\AAA--Documents prêts\Casier judiciaire.pdf"
2026-08-07 19:39:49 [WARNING] MENACE : None → Casier judiciaire.pdf
2026-08-07 19:39:50 [ERROR]  Erreur scan YARA sur C:\Users\DELL LATITUDE 5420\OneDrive\Bureau\Doc profess\Documents\AAA--Documents prêts\Certficat d'admission Baccalauréat traduis Anglais.pdf : could not open file "C:\Users\DELL LATITUDE 5420\OneDrive\Bureau\Doc profess\Documents\AAA--Documents prêts\Certficat d'admission Baccalauréat traduis Anglais.pdf"
2026-08-07 19:39:50 [WARNING] MENACE : None → Certficat d'admission Baccalauréat traduis Anglais.pdf
2026-08-07 19:39:51 [ERROR]  Erreur scan YARA sur C:\Users\DELL LATITUDE 5420\OneDrive\Bureau\Doc profess\Documents\AAA--Documents prêts\Certificat d'admission Bac.pdf : could not open file "C:\Users\DELL LATITUDE 5420\OneDrive\Bureau\Doc profess\Documents\AAA--Documents prêts\Certificat d'admission Bac.pdf"
2026-08-07 19:39:51 [WARNING] MENACE : None → Certificat d'admission Bac.pdf
2026-08-07 19:39:51 [ERROR]  Erreur scan YARA sur C:\Users\DELL LATITUDE 5420\OneDrive\Bureau\Doc profess\Documents\AAA--Documents prêts\Certificat médical.pdf : could not open file "C:\Users\DELL LATITUDE 5420\OneDrive\Bureau\Doc profess\Documents\AAA--Documents prêts\Certificat médical.pdf"
2026-08-07 19:39:51 [WARNING] MENACE : None → Certificat médical.pdf
2026-08-07 19:39:52 [ERROR]  Erreur scan YARA sur C:\Users\DELL LATITUDE 5420\OneDrive\Bureau\Doc profess\Documents\AAA--Documents prêts\Relevé de notes.pdf : could not open file "C:\Users\DELL LATITUDE 5420\OneDrive\Bureau\Doc profess\Documents\AAA--Documents prêts\Relevé de notes.pdf"
2026-08-07 19:39:52 [WARNING] MENACE : None → Relevé de notes.pdf
2026-08-07 19:39:52 [ERROR]  Erreur scan YARA sur C:\Users\DELL LATITUDE 5420\OneDrive\Bureau\Doc profess\Documents\AAA--Documents prêts\Signature.png : could not open file "C:\Users\DELL LATITUDE 5420\OneDrive\Bureau\Doc profess\Documents\AAA--Documents prêts\Signature.png"
2026-08-07 19:39:52 [WARNING] MENACE : None → Signature.png
2026-08-07 19:39:52 [ERROR]  Erreur scan YARA sur C:\Users\DELL LATITUDE 5420\OneDrive\Bureau\Doc profess\Documents\AAA--Documents prêts\zzz.pdf : could not open file "C:\Users\DELL LATITUDE 5420\OneDrive\Bureau\Doc profess\Documents\AAA--Documents prêts\zzz.pdf"
2026-08-07 19:39:52 [WARNING] MENACE : None → zzz.pdf
2026-08-07 19:39:53 [ERROR]  Erreur scan YARA sur C:\Users\DELL LATITUDE 5420\OneDrive\Bureau\Doc profess\Documents\Bac traduit\Certficat d'admission Baccalauréat traduis Anglais.pdf : could not open file "C:\Users\DELL LATITUDE 5420\OneDrive\Bureau\Doc profess\Documents\Bac traduit\Certficat d'admission Baccalauréat traduis Anglais.pdf"
2026-08-07 19:39:53 [WARNING] MENACE : None → Certficat d'admission Baccalauréat traduis Anglais.pdf
2026-08-07 19:39:53 [WARNING] MENACE : None → Baccaa_chin.pdf
2026-08-07 19:39:53 [WARNING] MENACE : None → Certificat d'admission Bac.pdf
2026-08-07 19:39:55 [WARNING] MENACE : None → cert_angl (1).png
2026-08-07 19:39:57 [WARNING] MENACE : None → cert_angl.png
2026-08-07 19:39:57 [ERROR]  Erreur scan YARA sur C:\Users\DELL LATITUDE 5420\OneDrive\Bureau\Doc profess\Documents\AAA--Documents prêts\New sej card pic\Sej_card.pdf : could not open file "C:\Users\DELL LATITUDE 5420\OneDrive\Bureau\Doc profess\Documents\AAA--Documents prêts\New sej card pic\Sej_card.pdf"
2026-08-07 19:39:57 [WARNING] MENACE : None → Sej_card.pdf
2026-08-07 19:39:58 [ERROR]  Erreur scan YARA sur C:\Users\DELL LATITUDE 5420\OneDrive\Bureau\Doc profess\Documents\AAA--Documents prêts\Nouveau dossier\Capture d'écran 2025-02-26 215952.png : could not open file "C:\Users\DELL LATITUDE 5420\OneDrive\Bureau\Doc profess\Documents\AAA--Documents prêts\Nouveau dossier\Capture d'écran 2025-02-26 215952.png"
2026-08-07 19:39:58 [WARNING] MENACE : None → Capture d'écran 2025-02-26 215952.png
2026-08-07 19:39:58 [ERROR]  Erreur scan YARA sur C:\Users\DELL LATITUDE 5420\OneDrive\Bureau\Doc profess\Documents\AAA--Documents prêts\Nouveau dossier\Capture d'écran 2025-02-26 220052.png : could not open file "C:\Users\DELL LATITUDE 5420\OneDrive\Bureau\Doc profess\Documents\AAA--Documents prêts\Nouveau dossier\Capture d'écran 2025-02-26 220052.png"
2026-08-07 19:39:58 [WARNING] MENACE : None → Capture d'écran 2025-02-26 220052.png
2026-08-07 19:39:59 [ERROR]  Erreur scan YARA sur C:\Users\DELL LATITUDE 5420\OneDrive\Bureau\Doc profess\Documents\AAA--Documents prêts\Nouveau dossier\Capture d'écran 2025-02-26 222151.png : could not open file "C:\Users\DELL LATITUDE 5420\OneDrive\Bureau\Doc profess\Documents\AAA--Documents prêts\Nouveau dossier\Capture d'écran 2025-02-26 222151.png"
2026-08-07 19:39:59 [WARNING] MENACE : None → Capture d'écran 2025-02-26 222151.png
2026-08-07 19:39:59 [ERROR]  Erreur scan YARA sur C:\Users\DELL LATITUDE 5420\OneDrive\Bureau\Doc profess\Documents\AAA--Documents prêts\Nouveau dossier\Capture d'écran 2025-03-04 170333.png : could not open file "C:\Users\DELL LATITUDE 5420\OneDrive\Bureau\Doc profess\Documents\AAA--Documents prêts\Nouveau dossier\Capture d'écran 2025-03-04 170333.png"
2026-08-07 19:39:59 [WARNING] MENACE : None → Capture d'écran 2025-03-04 170333.png
2026-08-07 19:40:00 [ERROR]  Erreur scan YARA sur C:\Users\DELL LATITUDE 5420\OneDrive\Bureau\Doc profess\Documents\AAA--Documents prêts\Nouveau dossier\Capture d'écran 2025-03-04 170414.png : could not open file "C:\Users\DELL LATITUDE 5420\OneDrive\Bureau\Doc profess\Documents\AAA--Documents prêts\Nouveau dossier\Capture d'écran 2025-03-04 170414.png"
2026-08-07 19:40:00 [WARNING] MENACE : None → Capture d'écran 2025-03-04 170414.png
2026-08-07 19:40:01 [ERROR]  Erreur scan YARA sur C:\Users\DELL LATITUDE 5420\OneDrive\Bureau\Doc profess\Documents\AAA--Documents prêts\Nouveau dossier\Capture d'écran 2025-03-04 170518.png : could not open file "C:\Users\DELL LATITUDE 5420\OneDrive\Bureau\Doc profess\Documents\AAA--Documents prêts\Nouveau dossier\Capture d'écran 2025-03-04 170518.png"
2026-08-07 19:40:01 [WARNING] MENACE : None → Capture d'écran 2025-03-04 170518.png
2026-08-07 19:40:01 [ERROR]  Erreur scan YARA sur C:\Users\DELL LATITUDE 5420\OneDrive\Bureau\Doc profess\Documents\AAA--Documents prêts\Relevé de notes et attestation de niveau Supmti\1ère année_relevé_notes.pdf : could not open file "C:\Users\DELL LATITUDE 5420\OneDrive\Bureau\Doc profess\Documents\AAA--Documents prêts\Relevé de notes et attestation de niveau Supmti\1ère année_relevé_notes.pdf"
2026-08-07 19:40:01 [WARNING] MENACE : None → 1ère année_relevé_notes.pdf
2026-08-07 19:40:01 [ERROR]  Erreur scan YARA sur C:\Users\DELL LATITUDE 5420\OneDrive\Bureau\Doc profess\Documents\AAA--Documents prêts\Relevé de notes et attestation de niveau Supmti\1ère année_relvé_de_note.pdf : could not open file "C:\Users\DELL LATITUDE 5420\OneDrive\Bureau\Doc profess\Documents\AAA--Documents prêts\Relevé de notes et attestation de niveau Supmti\1ère année_relvé_de_note.pdf"
2026-08-07 19:40:01 [WARNING] MENACE : None → 1ère année_relvé_de_note.pdf
2026-08-07 19:40:02 [ERROR]  Erreur scan YARA sur C:\Users\DELL LATITUDE 5420\OneDrive\Bureau\Doc profess\Documents\AAA--Documents prêts\Relevé de notes et attestation de niveau Supmti\2em_année_relevé_notes.pdf : could not open file "C:\Users\DELL LATITUDE 5420\OneDrive\Bureau\Doc profess\Documents\AAA--Documents prêts\Relevé de notes et attestation de niveau Supmti\2em_année_relevé_notes.pdf"
2026-08-07 19:40:02 [WARNING] MENACE : None → 2em_année_relevé_notes.pdf
2026-08-07 19:40:02 [ERROR]  Erreur scan YARA sur C:\Users\DELL LATITUDE 5420\OneDrive\Bureau\Doc profess\Documents\AAA--Documents prêts\Relevé de notes et attestation de niveau Supmti\Attestation de scolarité.pdf : could not open file "C:\Users\DELL LATITUDE 5420\OneDrive\Bureau\Doc profess\Documents\AAA--Documents prêts\Relevé de notes et attestation de niveau Supmti\Attestation de scolarité.pdf"
2026-08-07 19:40:02 [WARNING] MENACE : None → Attestation de scolarité.pdf
2026-08-07 19:40:02 [ERROR]  Erreur scan YARA sur C:\Users\DELL LATITUDE 5420\OneDrive\Bureau\Doc profess\Documents\AAA--Documents prêts\Relevé de notes et attestation de niveau Supmti\Casier_judiciaire.pdf : could not open file "C:\Users\DELL LATITUDE 5420\OneDrive\Bureau\Doc profess\Documents\AAA--Documents prêts\Relevé de notes et attestation de niveau Supmti\Casier_judiciaire.pdf"
2026-08-07 19:40:02 [WARNING] MENACE : None → Casier_judiciaire.pdf
2026-08-07 19:40:02 [ERROR]  Erreur scan YARA sur C:\Users\DELL LATITUDE 5420\OneDrive\Bureau\Doc profess\Documents\AAA--Documents prêts\Relevé de notes et attestation de niveau Supmti\New folder\Acte de naissance.pdf : could not open file "C:\Users\DELL LATITUDE 5420\OneDrive\Bureau\Doc profess\Documents\AAA--Documents prêts\Relevé de notes et attestation de niveau Supmti\New folder\Acte de naissance.pdf"
2026-08-07 19:40:02 [WARNING] MENACE : None → Acte de naissance.pdf
2026-08-07 19:40:02 [ERROR]  Erreur scan YARA sur C:\Users\DELL LATITUDE 5420\OneDrive\Bureau\Doc profess\Documents\AAA--Documents prêts\Relevé de notes et attestation de niveau Supmti\New folder\Bac_relevé_notes.pdf : could not open file "C:\Users\DELL LATITUDE 5420\OneDrive\Bureau\Doc profess\Documents\AAA--Documents prêts\Relevé de notes et attestation de niveau Supmti\New folder\Bac_relevé_notes.pdf"
2026-08-07 19:40:02 [WARNING] MENACE : None → Bac_relevé_notes.pdf
2026-08-07 19:40:02 [ERROR]  Erreur scan YARA sur C:\Users\DELL LATITUDE 5420\OneDrive\Bureau\Doc profess\Documents\AAA--Documents prêts\Relevé de notes et attestation de niveau Supmti\New folder\Dip Bac.pdf : could not open file "C:\Users\DELL LATITUDE 5420\OneDrive\Bureau\Doc profess\Documents\AAA--Documents prêts\Relevé de notes et attestation de niveau Supmti\New folder\Dip Bac.pdf"
2026-08-07 19:40:02 [WARNING] MENACE : None → Dip Bac.pdf
2026-08-07 19:40:03 [ERROR]  Erreur scan YARA sur C:\Users\DELL LATITUDE 5420\OneDrive\Bureau\Doc profess\Documents\AAA--Documents prêts\Relevé de notes et attestation de niveau Supmti\New folder\Diplôme BAC.pdf : could not open file "C:\Users\DELL LATITUDE 5420\OneDrive\Bureau\Doc profess\Documents\AAA--Documents prêts\Relevé de notes et attestation de niveau Supmti\New folder\Diplôme BAC.pdf"
2026-08-07 19:40:03 [WARNING] MENACE : None → Diplôme BAC.pdf
2026-08-07 19:40:03 [ERROR]  Erreur scan YARA sur C:\Users\DELL LATITUDE 5420\OneDrive\Bureau\Doc profess\Documents\AAA--Documents prêts\Relevé de notes et attestation de niveau Supmti\New folder\Exam medic China.pdf : could not open file "C:\Users\DELL LATITUDE 5420\OneDrive\Bureau\Doc profess\Documents\AAA--Documents prêts\Relevé de notes et attestation de niveau Supmti\New folder\Exam medic China.pdf"
2026-08-07 19:40:03 [WARNING] MENACE : None → Exam medic China.pdf
2026-08-07 19:40:03 [ERROR]  Erreur scan YARA sur C:\Users\DELL LATITUDE 5420\OneDrive\Bureau\Doc profess\Documents\AAA--Documents prêts\Relevé de notes et attestation de niveau Supmti\New folder\SKM_C45826030412000.pdf : could not open file "C:\Users\DELL LATITUDE 5420\OneDrive\Bureau\Doc profess\Documents\AAA--Documents prêts\Relevé de notes et attestation de niveau Supmti\New folder\SKM_C45826030412000.pdf"
2026-08-07 19:40:03 [WARNING] MENACE : None → SKM_C45826030412000.pdf
2026-08-07 19:40:05 [ERROR]  Erreur scan YARA sur C:\Users\DELL LATITUDE 5420\OneDrive\Bureau\Doc profess\Documents\AAA--Documents prêts\Nouveau dossier\Autres\cert_angl.png : could not open file "C:\Users\DELL LATITUDE 5420\OneDrive\Bureau\Doc profess\Documents\AAA--Documents prêts\Nouveau dossier\Autres\cert_angl.png"
2026-08-07 19:40:05 [WARNING] MENACE : None → cert_angl.png
2026-08-07 19:40:06 [ERROR]  Erreur scan YARA sur C:\Users\DELL LATITUDE 5420\OneDrive\Bureau\Doc profess\Documents\AAA--Documents prêts\Nouveau dossier\Bac\Certificat_Bac_Original_Duplic.pdf : could not open file "C:\Users\DELL LATITUDE 5420\OneDrive\Bureau\Doc profess\Documents\AAA--Documents prêts\Nouveau dossier\Bac\Certificat_Bac_Original_Duplic.pdf"
2026-08-07 19:40:06 [WARNING] MENACE : None → Certificat_Bac_Original_Duplic.pdf
2026-08-07 19:40:08 [ERROR]  Erreur scan YARA sur C:\Users\DELL LATITUDE 5420\OneDrive\Bureau\Doc profess\Documents\AAA--Documents prêts\Nouveau dossier\Bac\cert_chinois_simpli.png : could not open file "C:\Users\DELL LATITUDE 5420\OneDrive\Bureau\Doc profess\Documents\AAA--Documents prêts\Nouveau dossier\Bac\cert_chinois_simpli.png"
2026-08-07 19:40:08 [WARNING] MENACE : None → cert_chinois_simpli.png
2026-08-07 19:40:09 [ERROR]  Erreur scan YARA sur C:\Users\DELL LATITUDE 5420\OneDrive\Bureau\Doc profess\Documents\AAA--Documents prêts\Nouveau dossier\Bac\cert_chinois_traditionn.png : could not open file "C:\Users\DELL LATITUDE 5420\OneDrive\Bureau\Doc profess\Documents\AAA--Documents prêts\Nouveau dossier\Bac\cert_chinois_traditionn.png"
2026-08-07 19:40:09 [WARNING] MENACE : None → cert_chinois_traditionn.png
2026-08-07 19:40:09 [ERROR]  Erreur scan YARA sur C:\Users\DELL LATITUDE 5420\OneDrive\Bureau\Doc profess\Documents\AAA--Documents prêts\Nouveau dossier\Bac\High_school_certificate_Chinese.pdf : could not open file "C:\Users\DELL LATITUDE 5420\OneDrive\Bureau\Doc profess\Documents\AAA--Documents prêts\Nouveau dossier\Bac\High_school_certificate_Chinese.pdf"
2026-08-07 19:40:09 [WARNING] MENACE : None → High_school_certificate_Chinese.pdf
2026-08-07 19:40:10 [ERROR]  Erreur scan YARA sur C:\Users\DELL LATITUDE 5420\OneDrive\Bureau\Doc profess\Documents\AAA--Documents prêts\Nouveau dossier\Bac\High_school_certificate_English.pdf : could not open file "C:\Users\DELL LATITUDE 5420\OneDrive\Bureau\Doc profess\Documents\AAA--Documents prêts\Nouveau dossier\Bac\High_school_certificate_English.pdf"
2026-08-07 19:40:10 [WARNING] MENACE : None → High_school_certificate_English.pdf
2026-08-07 19:40:10 [ERROR]  Erreur scan YARA sur C:\Users\DELL LATITUDE 5420\OneDrive\Bureau\Doc profess\Designs\Aff Sag\Capture d'écran 2025-12-01 184112.png : could not open file "C:\Users\DELL LATITUDE 5420\OneDrive\Bureau\Doc profess\Designs\Aff Sag\Capture d'écran 2025-12-01 184112.png"
2026-08-07 19:40:10 [WARNING] MENACE : None → Capture d'écran 2025-12-01 184112.png
2026-08-07 19:40:10 [ERROR]  Erreur scan YARA sur C:\Users\DELL LATITUDE 5420\OneDrive\Bureau\Doc profess\Designs\Aff Sag\Capture d'écran 2025-12-01 184320.png : could not open file "C:\Users\DELL LATITUDE 5420\OneDrive\Bureau\Doc profess\Designs\Aff Sag\Capture d'écran 2025-12-01 184320.png"
2026-08-07 19:40:10 [WARNING] MENACE : None → Capture d'écran 2025-12-01 184320.png
2026-08-07 19:40:10 [ERROR]  Erreur scan YARA sur C:\Users\DELL LATITUDE 5420\OneDrive\Bureau\Doc profess\Designs\Aff Sag\Capture d'écran 2025-12-01 184327.png : could not open file "C:\Users\DELL LATITUDE 5420\OneDrive\Bureau\Doc profess\Designs\Aff Sag\Capture d'écran 2025-12-01 184327.png"
2026-08-07 19:40:10 [WARNING] MENACE : None → Capture d'écran 2025-12-01 184327.png
2026-08-07 19:40:10 [ERROR]  Erreur scan YARA sur C:\Users\DELL LATITUDE 5420\OneDrive\Bureau\Doc profess\Designs\Aff Sag\Capture d'écran 2025-12-01 193548.png : could not open file "C:\Users\DELL LATITUDE 5420\OneDrive\Bureau\Doc profess\Designs\Aff Sag\Capture d'écran 2025-12-01 193548.png"
2026-08-07 19:40:10 [WARNING] MENACE : None → Capture d'écran 2025-12-01 193548.png
2026-08-07 19:40:11 [ERROR]  Erreur scan YARA sur C:\Users\DELL LATITUDE 5420\OneDrive\Bureau\Doc profess\Designs\Aff Sag\Capture d'écran 2025-12-01 193757.png : could not open file "C:\Users\DELL LATITUDE 5420\OneDrive\Bureau\Doc profess\Designs\Aff Sag\Capture d'écran 2025-12-01 193757.png"
2026-08-07 19:40:11 [WARNING] MENACE : None → Capture d'écran 2025-12-01 193757.png
2026-08-07 19:40:11 [ERROR]  Erreur scan YARA sur C:\Users\DELL LATITUDE 5420\OneDrive\Bureau\Doc profess\Designs\Aff Sag\Capture d'écran 2025-12-01 200726.png : could not open file "C:\Users\DELL LATITUDE 5420\OneDrive\Bureau\Doc profess\Designs\Aff Sag\Capture d'écran 2025-12-01 200726.png"
2026-08-07 19:40:11 [WARNING] MENACE : None → Capture d'écran 2025-12-01 200726.png
2026-08-07 19:40:12 [ERROR]  Erreur scan YARA sur C:\Users\DELL LATITUDE 5420\OneDrive\Bureau\Doc profess\Designs\Aff Sag\Capture d'écran 2025-12-01 202800.png : could not open file "C:\Users\DELL LATITUDE 5420\OneDrive\Bureau\Doc profess\Designs\Aff Sag\Capture d'écran 2025-12-01 202800.png"
2026-08-07 19:40:12 [WARNING] MENACE : None → Capture d'écran 2025-12-01 202800.png
2026-08-07 19:40:12 [ERROR]  Erreur scan YARA sur C:\Users\DELL LATITUDE 5420\OneDrive\Bureau\Doc profess\Designs\Aff Sag\Capture d'écran 2025-12-01 202830.png : could not open file "C:\Users\DELL LATITUDE 5420\OneDrive\Bureau\Doc profess\Designs\Aff Sag\Capture d'écran 2025-12-01 202830.png"
2026-08-07 19:40:12 [WARNING] MENACE : None → Capture d'écran 2025-12-01 202830.png
2026-08-07 19:40:12 [ERROR]  Erreur scan YARA sur C:\Users\DELL LATITUDE 5420\OneDrive\Bureau\Doc profess\Designs\Khalida\Capture d'écran 2024-10-06 225422.png : could not open file "C:\Users\DELL LATITUDE 5420\OneDrive\Bureau\Doc profess\Designs\Khalida\Capture d'écran 2024-10-06 225422.png"
2026-08-07 19:40:12 [WARNING] MENACE : None → Capture d'écran 2024-10-06 225422.png
2026-08-07 19:40:13 [ERROR]  Erreur scan YARA sur C:\Users\DELL LATITUDE 5420\OneDrive\Bureau\Doc profess\Designs\Khalida\Capture d'écran 2024-10-06 225841.png : could not open file "C:\Users\DELL LATITUDE 5420\OneDrive\Bureau\Doc profess\Designs\Khalida\Capture d'écran 2024-10-06 225841.png"
2026-08-07 19:40:13 [WARNING] MENACE : None → Capture d'écran 2024-10-06 225841.png
2026-08-07 19:40:13 [ERROR]  Erreur scan YARA sur C:\Users\DELL LATITUDE 5420\OneDrive\Bureau\Doc profess\Designs\Khalida\Capture d'écran 2024-10-06 225855.png : could not open file "C:\Users\DELL LATITUDE 5420\OneDrive\Bureau\Doc profess\Designs\Khalida\Capture d'écran 2024-10-06 225855.png"
2026-08-07 19:40:13 [WARNING] MENACE : None → Capture d'écran 2024-10-06 225855.png
2026-08-07 19:40:13 [ERROR]  Erreur scan YARA sur C:\Users\DELL LATITUDE 5420\OneDrive\Bureau\Doc profess\Designs\Malick\Capture d'écran 2024-12-04 005634.png : could not open file "C:\Users\DELL LATITUDE 5420\OneDrive\Bureau\Doc profess\Designs\Malick\Capture d'écran 2024-12-04 005634.png"
2026-08-07 19:40:13 [WARNING] MENACE : None → Capture d'écran 2024-12-04 005634.png
2026-08-07 19:40:13 [ERROR]  Erreur scan YARA sur C:\Users\DELL LATITUDE 5420\OneDrive\Bureau\Doc profess\Designs\Malick\Capture d'écran 2024-12-04 005800.png : could not open file "C:\Users\DELL LATITUDE 5420\OneDrive\Bureau\Doc profess\Designs\Malick\Capture d'écran 2024-12-04 005800.png"
2026-08-07 19:40:13 [WARNING] MENACE : None → Capture d'écran 2024-12-04 005800.png
2026-08-07 19:40:13 [ERROR]  Erreur scan YARA sur C:\Users\DELL LATITUDE 5420\OneDrive\Bureau\Doc profess\Designs\Malick\Capture d'écran 2024-12-04 010654.png : could not open file "C:\Users\DELL LATITUDE 5420\OneDrive\Bureau\Doc profess\Designs\Malick\Capture d'écran 2024-12-04 010654.png"
2026-08-07 19:40:13 [WARNING] MENACE : None → Capture d'écran 2024-12-04 010654.png
2026-08-07 19:40:13 [ERROR]  Erreur scan YARA sur C:\Users\DELL LATITUDE 5420\OneDrive\Bureau\Doc profess\Designs\Malick\Capture d'écran 2024-12-04 012718.png : could not open file "C:\Users\DELL LATITUDE 5420\OneDrive\Bureau\Doc profess\Designs\Malick\Capture d'écran 2024-12-04 012718.png"
2026-08-07 19:40:13 [WARNING] MENACE : None → Capture d'écran 2024-12-04 012718.png
2026-08-07 19:40:13 [ERROR]  Erreur scan YARA sur C:\Users\DELL LATITUDE 5420\OneDrive\Bureau\Doc profess\Designs\Malick\Capture d'écran 2025-01-13 045046.png : could not open file "C:\Users\DELL LATITUDE 5420\OneDrive\Bureau\Doc profess\Designs\Malick\Capture d'écran 2025-01-13 045046.png"
2026-08-07 19:40:13 [WARNING] MENACE : None → Capture d'écran 2025-01-13 045046.png
2026-08-07 19:40:13 [ERROR]  Erreur scan YARA sur C:\Users\DELL LATITUDE 5420\OneDrive\Bureau\Doc profess\Designs\Malick\Capture d'écran 2025-01-13 045617.png : could not open file "C:\Users\DELL LATITUDE 5420\OneDrive\Bureau\Doc profess\Designs\Malick\Capture d'écran 2025-01-13 045617.png"
2026-08-07 19:40:13 [WARNING] MENACE : None → Capture d'écran 2025-01-13 045617.png
2026-08-07 19:40:13 [ERROR]  Erreur scan YARA sur C:\Users\DELL LATITUDE 5420\OneDrive\Bureau\Doc profess\Designs\Malick\Capture d'écran 2025-01-13 045925.png : could not open file "C:\Users\DELL LATITUDE 5420\OneDrive\Bureau\Doc profess\Designs\Malick\Capture d'écran 2025-01-13 045925.png"
2026-08-07 19:40:13 [WARNING] MENACE : None → Capture d'écran 2025-01-13 045925.png
2026-08-07 19:40:13 [ERROR]  Erreur scan YARA sur C:\Users\DELL LATITUDE 5420\OneDrive\Bureau\Doc profess\Designs\Malick\Capture d'écran 2025-01-13 045932.png : could not open file "C:\Users\DELL LATITUDE 5420\OneDrive\Bureau\Doc profess\Designs\Malick\Capture d'écran 2025-01-13 045932.png"
2026-08-07 19:40:13 [WARNING] MENACE : None → Capture d'écran 2025-01-13 045932.png
2026-08-07 19:40:14 [ERROR]  Erreur scan YARA sur C:\Users\DELL LATITUDE 5420\OneDrive\Bureau\Doc profess\Designs\Malick\Capture d'écran 2025-01-13 193002.png : could not open file "C:\Users\DELL LATITUDE 5420\OneDrive\Bureau\Doc profess\Designs\Malick\Capture d'écran 2025-01-13 193002.png"
2026-08-07 19:40:14 [WARNING] MENACE : None → Capture d'écran 2025-01-13 193002.png
2026-08-07 19:40:14 [ERROR]  Erreur scan YARA sur C:\Users\DELL LATITUDE 5420\OneDrive\Bureau\Doc profess\Designs\Malick\Capture d'écran 2025-01-13 201253.png : could not open file "C:\Users\DELL LATITUDE 5420\OneDrive\Bureau\Doc profess\Designs\Malick\Capture d'écran 2025-01-13 201253.png"
2026-08-07 19:40:14 [WARNING] MENACE : None → Capture d'écran 2025-01-13 201253.png
2026-08-07 19:40:14 [ERROR]  Erreur scan YARA sur C:\Users\DELL LATITUDE 5420\OneDrive\Bureau\Doc profess\Designs\Malick\Capture d'écran 2025-01-13 235621.png : could not open file "C:\Users\DELL LATITUDE 5420\OneDrive\Bureau\Doc profess\Designs\Malick\Capture d'écran 2025-01-13 235621.png"
2026-08-07 19:40:14 [WARNING] MENACE : None → Capture d'écran 2025-01-13 235621.png
2026-08-07 19:40:14 [ERROR]  Erreur scan YARA sur C:\Users\DELL LATITUDE 5420\OneDrive\Bureau\Doc profess\Designs\Malick\Capture d'écran 2025-01-13 235638.png : could not open file "C:\Users\DELL LATITUDE 5420\OneDrive\Bureau\Doc profess\Designs\Malick\Capture d'écran 2025-01-13 235638.png"
2026-08-07 19:40:14 [WARNING] MENACE : None → Capture d'écran 2025-01-13 235638.png
2026-08-07 19:40:15 [ERROR]  Erreur scan YARA sur C:\Users\DELL LATITUDE 5420\OneDrive\Bureau\Doc profess\Designs\Malick\Capture d'écran 2025-01-14 000320.png : could not open file "C:\Users\DELL LATITUDE 5420\OneDrive\Bureau\Doc profess\Designs\Malick\Capture d'écran 2025-01-14 000320.png"
2026-08-07 19:40:15 [WARNING] MENACE : None → Capture d'écran 2025-01-14 000320.png
2026-08-07 19:40:15 [ERROR]  Erreur scan YARA sur C:\Users\DELL LATITUDE 5420\OneDrive\Bureau\Doc profess\Designs\Malick\Capture d'écran 2025-01-14 000336.png : could not open file "C:\Users\DELL LATITUDE 5420\OneDrive\Bureau\Doc profess\Designs\Malick\Capture d'écran 2025-01-14 000336.png"
2026-08-07 19:40:15 [WARNING] MENACE : None → Capture d'écran 2025-01-14 000336.png
2026-08-07 19:40:15 [ERROR]  Erreur scan YARA sur C:\Users\DELL LATITUDE 5420\OneDrive\Bureau\Doc profess\Designs\Malick\Capture d'écran 2025-01-14 000643.png : could not open file "C:\Users\DELL LATITUDE 5420\OneDrive\Bureau\Doc profess\Designs\Malick\Capture d'écran 2025-01-14 000643.png"
2026-08-07 19:40:15 [WARNING] MENACE : None → Capture d'écran 2025-01-14 000643.png
2026-08-07 19:40:16 [ERROR]  Erreur scan YARA sur C:\Users\DELL LATITUDE 5420\OneDrive\Bureau\Doc profess\Designs\Malick\Capture d'écran 2025-01-14 003312.png : could not open file "C:\Users\DELL LATITUDE 5420\OneDrive\Bureau\Doc profess\Designs\Malick\Capture d'écran 2025-01-14 003312.png"
2026-08-07 19:40:16 [WARNING] MENACE : None → Capture d'écran 2025-01-14 003312.png
2026-08-07 19:40:16 [ERROR]  Erreur scan YARA sur C:\Users\DELL LATITUDE 5420\OneDrive\Bureau\Doc profess\Designs\Malick\Capture d'écran 2025-01-14 003332.png : could not open file "C:\Users\DELL LATITUDE 5420\OneDrive\Bureau\Doc profess\Designs\Malick\Capture d'écran 2025-01-14 003332.png"
2026-08-07 19:40:16 [WARNING] MENACE : None → Capture d'écran 2025-01-14 003332.png
2026-08-07 19:40:16 [ERROR]  Erreur scan YARA sur C:\Users\DELL LATITUDE 5420\OneDrive\Bureau\Doc profess\Designs\Malick\Capture d'écran 2025-01-14 003355.png : could not open file "C:\Users\DELL LATITUDE 5420\OneDrive\Bureau\Doc profess\Designs\Malick\Capture d'écran 2025-01-14 003355.png"
2026-08-07 19:40:16 [WARNING] MENACE : None → Capture d'écran 2025-01-14 003355.png
2026-08-07 19:40:16 [ERROR]  Erreur scan YARA sur C:\Users\DELL LATITUDE 5420\OneDrive\Bureau\Doc profess\Designs\Malick\Capture d'écran 2025-01-14 004434.png : could not open file "C:\Users\DELL LATITUDE 5420\OneDrive\Bureau\Doc profess\Designs\Malick\Capture d'écran 2025-01-14 004434.png"
2026-08-07 19:40:16 [WARNING] MENACE : None → Capture d'écran 2025-01-14 004434.png
2026-08-07 19:40:17 [ERROR]  Erreur scan YARA sur C:\Users\DELL LATITUDE 5420\OneDrive\Bureau\Doc profess\Designs\Malick\Capture d'écran 2025-01-14 004458.png : could not open file "C:\Users\DELL LATITUDE 5420\OneDrive\Bureau\Doc profess\Designs\Malick\Capture d'écran 2025-01-14 004458.png"
2026-08-07 19:40:17 [WARNING] MENACE : None → Capture d'écran 2025-01-14 004458.png
2026-08-07 19:40:17 [ERROR]  Erreur scan YARA sur C:\Users\DELL LATITUDE 5420\OneDrive\Bureau\Doc profess\Designs\Malick\Capture d'écran 2025-01-14 005859.png : could not open file "C:\Users\DELL LATITUDE 5420\OneDrive\Bureau\Doc profess\Designs\Malick\Capture d'écran 2025-01-14 005859.png"
2026-08-07 19:40:17 [WARNING] MENACE : None → Capture d'écran 2025-01-14 005859.png
2026-08-07 19:40:17 [ERROR]  Erreur scan YARA sur C:\Users\DELL LATITUDE 5420\OneDrive\Bureau\Doc profess\Designs\Malick\Capture d'écran 2025-01-14 005942.png : could not open file "C:\Users\DELL LATITUDE 5420\OneDrive\Bureau\Doc profess\Designs\Malick\Capture d'écran 2025-01-14 005942.png"
2026-08-07 19:40:17 [WARNING] MENACE : None → Capture d'écran 2025-01-14 005942.png
2026-08-07 19:40:17 [ERROR]  Erreur scan YARA sur C:\Users\DELL LATITUDE 5420\OneDrive\Bureau\Doc profess\Designs\Malick\Capture d'écran 2025-01-15 224354.png : could not open file "C:\Users\DELL LATITUDE 5420\OneDrive\Bureau\Doc profess\Designs\Malick\Capture d'écran 2025-01-15 224354.png"
2026-08-07 19:40:17 [WARNING] MENACE : None → Capture d'écran 2025-01-15 224354.png
2026-08-07 19:40:18 [ERROR]  Erreur scan YARA sur C:\Users\DELL LATITUDE 5420\OneDrive\Bureau\Doc profess\Designs\Malick\Capture d'écran 2025-01-15 224707.png : could not open file "C:\Users\DELL LATITUDE 5420\OneDrive\Bureau\Doc profess\Designs\Malick\Capture d'écran 2025-01-15 224707.png"
2026-08-07 19:40:18 [WARNING] MENACE : None → Capture d'écran 2025-01-15 224707.png
2026-08-07 19:40:18 [ERROR]  Erreur scan YARA sur C:\Users\DELL LATITUDE 5420\OneDrive\Bureau\Doc profess\Designs\Malick\Capture d'écran 2025-01-15 224726.png : could not open file "C:\Users\DELL LATITUDE 5420\OneDrive\Bureau\Doc profess\Designs\Malick\Capture d'écran 2025-01-15 224726.png"
2026-08-07 19:40:18 [WARNING] MENACE : None → Capture d'écran 2025-01-15 224726.png
2026-08-07 19:40:18 [ERROR]  Erreur scan YARA sur C:\Users\DELL LATITUDE 5420\OneDrive\Bureau\Doc profess\Designs\Malick\Capture d'écran 2025-01-16 054023.png : could not open file "C:\Users\DELL LATITUDE 5420\OneDrive\Bureau\Doc profess\Designs\Malick\Capture d'écran 2025-01-16 054023.png"
2026-08-07 19:40:18 [WARNING] MENACE : None → Capture d'écran 2025-01-16 054023.png
2026-08-07 19:40:19 [ERROR]  Erreur scan YARA sur C:\Users\DELL LATITUDE 5420\OneDrive\Bureau\Doc profess\Designs\Malick\Capture d'écran 2025-01-16 054049.png : could not open file "C:\Users\DELL LATITUDE 5420\OneDrive\Bureau\Doc profess\Designs\Malick\Capture d'écran 2025-01-16 054049.png"
2026-08-07 19:40:19 [WARNING] MENACE : None → Capture d'écran 2025-01-16 054049.png
2026-08-07 19:40:19 [ERROR]  Erreur scan YARA sur C:\Users\DELL LATITUDE 5420\OneDrive\Bureau\Doc profess\Designs\Malick\Capture d'écran 2025-01-16 211816.png : could not open file "C:\Users\DELL LATITUDE 5420\OneDrive\Bureau\Doc profess\Designs\Malick\Capture d'écran 2025-01-16 211816.png"
2026-08-07 19:40:19 [WARNING] MENACE : None → Capture d'écran 2025-01-16 211816.png
2026-08-07 19:40:19 [ERROR]  Erreur scan YARA sur C:\Users\DELL LATITUDE 5420\OneDrive\Bureau\Doc profess\Designs\Malick\Capture d'écran 2025-01-16 211913.png : could not open file "C:\Users\DELL LATITUDE 5420\OneDrive\Bureau\Doc profess\Designs\Malick\Capture d'écran 2025-01-16 211913.png"
2026-08-07 19:40:19 [WARNING] MENACE : None → Capture d'écran 2025-01-16 211913.png
2026-08-07 19:40:19 [ERROR]  Erreur scan YARA sur C:\Users\DELL LATITUDE 5420\OneDrive\Bureau\Doc profess\Designs\Malick\Capture d'écran 2025-01-16 212050.png : could not open file "C:\Users\DELL LATITUDE 5420\OneDrive\Bureau\Doc profess\Designs\Malick\Capture d'écran 2025-01-16 212050.png"
2026-08-07 19:40:19 [WARNING] MENACE : None → Capture d'écran 2025-01-16 212050.png
2026-08-07 19:40:20 [ERROR]  Erreur scan YARA sur C:\Users\DELL LATITUDE 5420\OneDrive\Bureau\Doc profess\Designs\Malick\Capture d'écran 2025-01-16 212111.png : could not open file "C:\Users\DELL LATITUDE 5420\OneDrive\Bureau\Doc profess\Designs\Malick\Capture d'écran 2025-01-16 212111.png"
2026-08-07 19:40:20 [WARNING] MENACE : None → Capture d'écran 2025-01-16 212111.png
2026-08-07 19:40:20 [ERROR]  Erreur scan YARA sur C:\Users\DELL LATITUDE 5420\OneDrive\Bureau\Doc profess\Designs\Malick\Capture d'écran 2025-01-16 212724.png : could not open file "C:\Users\DELL LATITUDE 5420\OneDrive\Bureau\Doc profess\Designs\Malick\Capture d'écran 2025-01-16 212724.png"
2026-08-07 19:40:20 [WARNING] MENACE : None → Capture d'écran 2025-01-16 212724.png
2026-08-07 19:40:20 [ERROR]  Erreur scan YARA sur C:\Users\DELL LATITUDE 5420\OneDrive\Bureau\Doc profess\Designs\Malick\Capture d'écran 2025-01-16 212752.png : could not open file "C:\Users\DELL LATITUDE 5420\OneDrive\Bureau\Doc profess\Designs\Malick\Capture d'écran 2025-01-16 212752.png"
2026-08-07 19:40:20 [WARNING] MENACE : None → Capture d'écran 2025-01-16 212752.png
2026-08-07 19:40:20 [ERROR]  Erreur scan YARA sur C:\Users\DELL LATITUDE 5420\OneDrive\Bureau\Doc profess\Designs\Malick\Capture d'écran 2025-01-16 212842.png : could not open file "C:\Users\DELL LATITUDE 5420\OneDrive\Bureau\Doc profess\Designs\Malick\Capture d'écran 2025-01-16 212842.png"
2026-08-07 19:40:20 [WARNING] MENACE : None → Capture d'écran 2025-01-16 212842.png
2026-08-07 19:40:20 [ERROR]  Erreur scan YARA sur C:\Users\DELL LATITUDE 5420\OneDrive\Bureau\Doc profess\Designs\Malick\Capture d'écran 2025-01-16 212903.png : could not open file "C:\Users\DELL LATITUDE 5420\OneDrive\Bureau\Doc profess\Designs\Malick\Capture d'écran 2025-01-16 212903.png"
2026-08-07 19:40:20 [WARNING] MENACE : None → Capture d'écran 2025-01-16 212903.png
2026-08-07 19:40:21 [ERROR]  Erreur scan YARA sur C:\Users\DELL LATITUDE 5420\OneDrive\Bureau\Doc profess\Designs\Malick\Capture d'écran 2025-01-16 213408.png : could not open file "C:\Users\DELL LATITUDE 5420\OneDrive\Bureau\Doc profess\Designs\Malick\Capture d'écran 2025-01-16 213408.png"
2026-08-07 19:40:21 [WARNING] MENACE : None → Capture d'écran 2025-01-16 213408.png
2026-08-07 19:40:21 [ERROR]  Erreur scan YARA sur C:\Users\DELL LATITUDE 5420\OneDrive\Bureau\Doc profess\Designs\Malick\Capture d'écran 2025-01-16 213430.png : could not open file "C:\Users\DELL LATITUDE 5420\OneDrive\Bureau\Doc profess\Designs\Malick\Capture d'écran 2025-01-16 213430.png"
2026-08-07 19:40:21 [WARNING] MENACE : None → Capture d'écran 2025-01-16 213430.png
2026-08-07 19:40:21 [ERROR]  Erreur scan YARA sur C:\Users\DELL LATITUDE 5420\OneDrive\Bureau\Doc profess\Designs\Malick\Capture d'écran 2025-01-16 214030.png : could not open file "C:\Users\DELL LATITUDE 5420\OneDrive\Bureau\Doc profess\Designs\Malick\Capture d'écran 2025-01-16 214030.png"
2026-08-07 19:40:21 [WARNING] MENACE : None → Capture d'écran 2025-01-16 214030.png
2026-08-07 19:40:21 [ERROR]  Erreur scan YARA sur C:\Users\DELL LATITUDE 5420\OneDrive\Bureau\Doc profess\Designs\Malick\Capture d'écran 2025-01-16 214051.png : could not open file "C:\Users\DELL LATITUDE 5420\OneDrive\Bureau\Doc profess\Designs\Malick\Capture d'écran 2025-01-16 214051.png"
2026-08-07 19:40:21 [WARNING] MENACE : None → Capture d'écran 2025-01-16 214051.png
2026-08-07 19:40:22 [ERROR]  Erreur scan YARA sur C:\Users\DELL LATITUDE 5420\OneDrive\Bureau\Doc profess\Designs\Malick\Capture d'écran 2025-01-16 223435.png : could not open file "C:\Users\DELL LATITUDE 5420\OneDrive\Bureau\Doc profess\Designs\Malick\Capture d'écran 2025-01-16 223435.png"
2026-08-07 19:40:22 [WARNING] MENACE : None → Capture d'écran 2025-01-16 223435.png
2026-08-07 19:40:22 [ERROR]  Erreur scan YARA sur C:\Users\DELL LATITUDE 5420\OneDrive\Bureau\Doc profess\Designs\Malick\Capture d'écran 2025-01-16 223517.png : could not open file "C:\Users\DELL LATITUDE 5420\OneDrive\Bureau\Doc profess\Designs\Malick\Capture d'écran 2025-01-16 223517.png"
2026-08-07 19:40:22 [WARNING] MENACE : None → Capture d'écran 2025-01-16 223517.png
2026-08-07 19:40:22 [ERROR]  Erreur scan YARA sur C:\Users\DELL LATITUDE 5420\OneDrive\Bureau\Doc profess\Designs\Malick\Capture d'écran 2025-01-16 223655.png : could not open file "C:\Users\DELL LATITUDE 5420\OneDrive\Bureau\Doc profess\Designs\Malick\Capture d'écran 2025-01-16 223655.png"
2026-08-07 19:40:22 [WARNING] MENACE : None → Capture d'écran 2025-01-16 223655.png
2026-08-07 19:40:22 [ERROR]  Erreur scan YARA sur C:\Users\DELL LATITUDE 5420\OneDrive\Bureau\Doc profess\Designs\Malick\Capture d'écran 2025-01-16 223840.png : could not open file "C:\Users\DELL LATITUDE 5420\OneDrive\Bureau\Doc profess\Designs\Malick\Capture d'écran 2025-01-16 223840.png"
2026-08-07 19:40:22 [WARNING] MENACE : None → Capture d'écran 2025-01-16 223840.png
2026-08-07 19:40:23 [ERROR]  Erreur scan YARA sur C:\Users\DELL LATITUDE 5420\OneDrive\Bureau\Doc profess\Designs\Malick\Capture d'écran 2025-01-16 223906.png : could not open file "C:\Users\DELL LATITUDE 5420\OneDrive\Bureau\Doc profess\Designs\Malick\Capture d'écran 2025-01-16 223906.png"
2026-08-07 19:40:23 [WARNING] MENACE : None → Capture d'écran 2025-01-16 223906.png
2026-08-07 19:40:23 [ERROR]  Erreur scan YARA sur C:\Users\DELL LATITUDE 5420\OneDrive\Bureau\Doc profess\Designs\Malick\Capture d'écran 2025-01-16 224059.png : could not open file "C:\Users\DELL LATITUDE 5420\OneDrive\Bureau\Doc profess\Designs\Malick\Capture d'écran 2025-01-16 224059.png"
2026-08-07 19:40:23 [WARNING] MENACE : None → Capture d'écran 2025-01-16 224059.png
2026-08-07 19:40:23 [ERROR]  Erreur scan YARA sur C:\Users\DELL LATITUDE 5420\OneDrive\Bureau\Doc profess\Designs\Malick\Capture d'écran 2025-01-19 164804.png : could not open file "C:\Users\DELL LATITUDE 5420\OneDrive\Bureau\Doc profess\Designs\Malick\Capture d'écran 2025-01-19 164804.png"
2026-08-07 19:40:23 [WARNING] MENACE : None → Capture d'écran 2025-01-19 164804.png
2026-08-07 19:40:23 [ERROR]  Erreur scan YARA sur C:\Users\DELL LATITUDE 5420\OneDrive\Bureau\Doc profess\Designs\Malick\Capture d'écran 2025-01-19 164829.png : could not open file "C:\Users\DELL LATITUDE 5420\OneDrive\Bureau\Doc profess\Designs\Malick\Capture d'écran 2025-01-19 164829.png"
2026-08-07 19:40:23 [WARNING] MENACE : None → Capture d'écran 2025-01-19 164829.png
2026-08-07 19:40:24 [ERROR]  Erreur scan YARA sur C:\Users\DELL LATITUDE 5420\OneDrive\Bureau\Doc profess\Designs\Malick\Capture d'écran 2025-01-23 230433.png : could not open file "C:\Users\DELL LATITUDE 5420\OneDrive\Bureau\Doc profess\Designs\Malick\Capture d'écran 2025-01-23 230433.png"
2026-08-07 19:40:24 [WARNING] MENACE : None → Capture d'écran 2025-01-23 230433.png
2026-08-07 19:40:24 [ERROR]  Erreur scan YARA sur C:\Users\DELL LATITUDE 5420\OneDrive\Bureau\Doc profess\Designs\Malick\Capture d'écran 2025-01-23 230450.png : could not open file "C:\Users\DELL LATITUDE 5420\OneDrive\Bureau\Doc profess\Designs\Malick\Capture d'écran 2025-01-23 230450.png"
2026-08-07 19:40:24 [WARNING] MENACE : None → Capture d'écran 2025-01-23 230450.png
2026-08-07 19:40:24 [ERROR]  Erreur scan YARA sur C:\Users\DELL LATITUDE 5420\OneDrive\Bureau\Doc profess\Designs\Malick\Capture d'écran 2025-01-29 201405.png : could not open file "C:\Users\DELL LATITUDE 5420\OneDrive\Bureau\Doc profess\Designs\Malick\Capture d'écran 2025-01-29 201405.png"
2026-08-07 19:40:24 [WARNING] MENACE : None → Capture d'écran 2025-01-29 201405.png
2026-08-07 19:40:25 [ERROR]  Erreur scan YARA sur C:\Users\DELL LATITUDE 5420\OneDrive\Bureau\Doc profess\Designs\Malick\Capture d'écran 2025-01-29 201440.png : could not open file "C:\Users\DELL LATITUDE 5420\OneDrive\Bureau\Doc profess\Designs\Malick\Capture d'écran 2025-01-29 201440.png"
2026-08-07 19:40:25 [WARNING] MENACE : None → Capture d'écran 2025-01-29 201440.png
2026-08-07 19:40:25 [ERROR]  Erreur scan YARA sur C:\Users\DELL LATITUDE 5420\OneDrive\Bureau\Doc profess\Designs\Malick\Capture d'écran 2025-01-29 203019.png : could not open file "C:\Users\DELL LATITUDE 5420\OneDrive\Bureau\Doc profess\Designs\Malick\Capture d'écran 2025-01-29 203019.png"
2026-08-07 19:40:25 [WARNING] MENACE : None → Capture d'écran 2025-01-29 203019.png
2026-08-07 19:40:25 [ERROR]  Erreur scan YARA sur C:\Users\DELL LATITUDE 5420\OneDrive\Bureau\Doc profess\Designs\Malick\Capture d'écran 2025-01-29 203045.png : could not open file "C:\Users\DELL LATITUDE 5420\OneDrive\Bureau\Doc profess\Designs\Malick\Capture d'écran 2025-01-29 203045.png"
2026-08-07 19:40:25 [WARNING] MENACE : None → Capture d'écran 2025-01-29 203045.png
2026-08-07 19:40:25 [ERROR]  Erreur scan YARA sur C:\Users\DELL LATITUDE 5420\OneDrive\Bureau\Doc profess\Designs\Malick\Capture d'écran 2025-01-29 203108.png : could not open file "C:\Users\DELL LATITUDE 5420\OneDrive\Bureau\Doc profess\Designs\Malick\Capture d'écran 2025-01-29 203108.png"
2026-08-07 19:40:25 [WARNING] MENACE : None → Capture d'écran 2025-01-29 203108.png
2026-08-07 19:40:26 [ERROR]  Erreur scan YARA sur C:\Users\DELL LATITUDE 5420\OneDrive\Bureau\Doc profess\Designs\Malick\Capture d'écran 2025-01-30 222714.png : could not open file "C:\Users\DELL LATITUDE 5420\OneDrive\Bureau\Doc profess\Designs\Malick\Capture d'écran 2025-01-30 222714.png"
2026-08-07 19:40:26 [WARNING] MENACE : None → Capture d'écran 2025-01-30 222714.png
2026-08-07 19:40:26 [ERROR]  Erreur scan YARA sur C:\Users\DELL LATITUDE 5420\OneDrive\Bureau\Doc profess\Designs\Malick\Capture d'écran 2025-04-29 202847.png : could not open file "C:\Users\DELL LATITUDE 5420\OneDrive\Bureau\Doc profess\Designs\Malick\Capture d'écran 2025-04-29 202847.png"
2026-08-07 19:40:26 [WARNING] MENACE : None → Capture d'écran 2025-04-29 202847.png
2026-08-07 19:40:27 [ERROR]  Erreur scan YARA sur C:\Users\DELL LATITUDE 5420\OneDrive\Bureau\Doc profess\Designs\Malick\Capture d'écran 2025-04-30 002627.png : could not open file "C:\Users\DELL LATITUDE 5420\OneDrive\Bureau\Doc profess\Designs\Malick\Capture d'écran 2025-04-30 002627.png"
2026-08-07 19:40:27 [WARNING] MENACE : None → Capture d'écran 2025-04-30 002627.png
2026-08-07 19:40:27 [ERROR]  Erreur scan YARA sur C:\Users\DELL LATITUDE 5420\OneDrive\Bureau\Doc profess\Designs\Malick\Capture d'écran 2025-04-30 002656.png : could not open file "C:\Users\DELL LATITUDE 5420\OneDrive\Bureau\Doc profess\Designs\Malick\Capture d'écran 2025-04-30 002656.png"
2026-08-07 19:40:27 [WARNING] MENACE : None → Capture d'écran 2025-04-30 002656.png
2026-08-07 19:40:28 [ERROR]  Erreur scan YARA sur C:\Users\DELL LATITUDE 5420\OneDrive\Bureau\Doc profess\Designs\Malick\Capture d'écran 2025-04-30 002725.png : could not open file "C:\Users\DELL LATITUDE 5420\OneDrive\Bureau\Doc profess\Designs\Malick\Capture d'écran 2025-04-30 002725.png"
2026-08-07 19:40:28 [WARNING] MENACE : None → Capture d'écran 2025-04-30 002725.png
2026-08-07 19:40:29 [ERROR]  Erreur scan YARA sur C:\Users\DELL LATITUDE 5420\OneDrive\Bureau\Doc profess\Designs\Malick\Capture d'écran 2025-04-30 002813.png : could not open file "C:\Users\DELL LATITUDE 5420\OneDrive\Bureau\Doc profess\Designs\Malick\Capture d'écran 2025-04-30 002813.png"
2026-08-07 19:40:29 [WARNING] MENACE : None → Capture d'écran 2025-04-30 002813.png
2026-08-07 19:40:30 [ERROR]  Erreur scan YARA sur C:\Users\DELL LATITUDE 5420\OneDrive\Bureau\Doc profess\Designs\Malick\Capture d'écran 2025-04-30 003136.png : could not open file "C:\Users\DELL LATITUDE 5420\OneDrive\Bureau\Doc profess\Designs\Malick\Capture d'écran 2025-04-30 003136.png"
2026-08-07 19:40:30 [WARNING] MENACE : None → Capture d'écran 2025-04-30 003136.png
2026-08-07 19:40:30 [ERROR]  Erreur scan YARA sur C:\Users\DELL LATITUDE 5420\OneDrive\Bureau\Doc profess\Designs\Malick\Capture d'écran 2025-04-30 130526.png : could not open file "C:\Users\DELL LATITUDE 5420\OneDrive\Bureau\Doc profess\Designs\Malick\Capture d'écran 2025-04-30 130526.png"
2026-08-07 19:40:30 [WARNING] MENACE : None → Capture d'écran 2025-04-30 130526.png
2026-08-07 19:40:30 [ERROR]  Erreur scan YARA sur C:\Users\DELL LATITUDE 5420\OneDrive\Bureau\Doc profess\Designs\Malick\Capture d'écran 2025-04-30 130842.png : could not open file "C:\Users\DELL LATITUDE 5420\OneDrive\Bureau\Doc profess\Designs\Malick\Capture d'écran 2025-04-30 130842.png"
2026-08-07 19:40:30 [WARNING] MENACE : None → Capture d'écran 2025-04-30 130842.png
2026-08-07 19:40:31 [ERROR]  Erreur scan YARA sur C:\Users\DELL LATITUDE 5420\OneDrive\Bureau\Doc profess\Designs\Malick\Capture d'écran 2025-04-30 133726.png : could not open file "C:\Users\DELL LATITUDE 5420\OneDrive\Bureau\Doc profess\Designs\Malick\Capture d'écran 2025-04-30 133726.png"
2026-08-07 19:40:31 [WARNING] MENACE : None → Capture d'écran 2025-04-30 133726.png
2026-08-07 19:40:31 [ERROR]  Erreur scan YARA sur C:\Users\DELL LATITUDE 5420\OneDrive\Bureau\Doc profess\Designs\Malick\Capture d'écran 2025-04-30 134121.png : could not open file "C:\Users\DELL LATITUDE 5420\OneDrive\Bureau\Doc profess\Designs\Malick\Capture d'écran 2025-04-30 134121.png"
2026-08-07 19:40:31 [WARNING] MENACE : None → Capture d'écran 2025-04-30 134121.png
2026-08-07 19:40:32 [ERROR]  Erreur scan YARA sur C:\Users\DELL LATITUDE 5420\OneDrive\Bureau\Doc profess\Designs\Malick\Capture d'écran 2025-04-30 221415.png : could not open file "C:\Users\DELL LATITUDE 5420\OneDrive\Bureau\Doc profess\Designs\Malick\Capture d'écran 2025-04-30 221415.png"
2026-08-07 19:40:32 [WARNING] MENACE : None → Capture d'écran 2025-04-30 221415.png
2026-08-07 19:40:33 [ERROR]  Erreur scan YARA sur C:\Users\DELL LATITUDE 5420\OneDrive\Bureau\Doc profess\Designs\Malick\Capture d'écran 2025-04-30 221706.png : could not open file "C:\Users\DELL LATITUDE 5420\OneDrive\Bureau\Doc profess\Designs\Malick\Capture d'écran 2025-04-30 221706.png"
2026-08-07 19:40:33 [WARNING] MENACE : None → Capture d'écran 2025-04-30 221706.png
2026-08-07 19:40:34 [ERROR]  Erreur scan YARA sur C:\Users\DELL LATITUDE 5420\OneDrive\Bureau\Doc profess\Designs\Malick\Capture d'écran 2025-04-30 223442.png : could not open file "C:\Users\DELL LATITUDE 5420\OneDrive\Bureau\Doc profess\Designs\Malick\Capture d'écran 2025-04-30 223442.png"
2026-08-07 19:40:34 [WARNING] MENACE : None → Capture d'écran 2025-04-30 223442.png
2026-08-07 19:40:35 [ERROR]  Erreur scan YARA sur C:\Users\DELL LATITUDE 5420\OneDrive\Bureau\Doc profess\Designs\Malick\Capture d'écran 2025-04-30 224613.png : could not open file "C:\Users\DELL LATITUDE 5420\OneDrive\Bureau\Doc profess\Designs\Malick\Capture d'écran 2025-04-30 224613.png"
2026-08-07 19:40:35 [WARNING] MENACE : None → Capture d'écran 2025-04-30 224613.png
2026-08-07 19:40:35 [ERROR]  Erreur scan YARA sur C:\Users\DELL LATITUDE 5420\OneDrive\Bureau\Doc profess\Designs\Malick\Capture d'écran 2025-04-30 230240.png : could not open file "C:\Users\DELL LATITUDE 5420\OneDrive\Bureau\Doc profess\Designs\Malick\Capture d'écran 2025-04-30 230240.png"
2026-08-07 19:40:35 [WARNING] MENACE : None → Capture d'écran 2025-04-30 230240.png
2026-08-07 19:40:36 [ERROR]  Erreur scan YARA sur C:\Users\DELL LATITUDE 5420\OneDrive\Bureau\Doc profess\Designs\Malick\Capture d'écran 2025-04-30 230524.png : could not open file "C:\Users\DELL LATITUDE 5420\OneDrive\Bureau\Doc profess\Designs\Malick\Capture d'écran 2025-04-30 230524.png"
2026-08-07 19:40:36 [WARNING] MENACE : None → Capture d'écran 2025-04-30 230524.png
2026-08-07 19:40:37 [ERROR]  Erreur scan YARA sur C:\Users\DELL LATITUDE 5420\OneDrive\Bureau\Doc profess\Designs\Malick\Capture d'écran 2025-05-02 091945.png : could not open file "C:\Users\DELL LATITUDE 5420\OneDrive\Bureau\Doc profess\Designs\Malick\Capture d'écran 2025-05-02 091945.png"
2026-08-07 19:40:37 [WARNING] MENACE : None → Capture d'écran 2025-05-02 091945.png
2026-08-07 19:40:38 [ERROR]  Erreur scan YARA sur C:\Users\DELL LATITUDE 5420\OneDrive\Bureau\Doc profess\Designs\Malick\Capture d'écran 2025-05-02 092008.png : could not open file "C:\Users\DELL LATITUDE 5420\OneDrive\Bureau\Doc profess\Designs\Malick\Capture d'écran 2025-05-02 092008.png"
2026-08-07 19:40:38 [WARNING] MENACE : None → Capture d'écran 2025-05-02 092008.png
2026-08-07 19:40:38 [ERROR]  Erreur scan YARA sur C:\Users\DELL LATITUDE 5420\OneDrive\Bureau\Doc profess\Designs\Malick\Capture d'écran 2025-05-02 193329.png : could not open file "C:\Users\DELL LATITUDE 5420\OneDrive\Bureau\Doc profess\Designs\Malick\Capture d'écran 2025-05-02 193329.png"
2026-08-07 19:40:38 [WARNING] MENACE : None → Capture d'écran 2025-05-02 193329.png
2026-08-07 19:40:39 [ERROR]  Erreur scan YARA sur C:\Users\DELL LATITUDE 5420\OneDrive\Bureau\Doc profess\Designs\Malick\Capture d'écran 2025-05-16 181205.png : could not open file "C:\Users\DELL LATITUDE 5420\OneDrive\Bureau\Doc profess\Designs\Malick\Capture d'écran 2025-05-16 181205.png"
2026-08-07 19:40:39 [WARNING] MENACE : None → Capture d'écran 2025-05-16 181205.png
2026-08-07 19:40:39 [ERROR]  Erreur scan YARA sur C:\Users\DELL LATITUDE 5420\OneDrive\Bureau\Doc profess\Designs\Malick\Capture d'écran 2025-05-20 133149.png : could not open file "C:\Users\DELL LATITUDE 5420\OneDrive\Bureau\Doc profess\Designs\Malick\Capture d'écran 2025-05-20 133149.png"
2026-08-07 19:40:39 [WARNING] MENACE : None → Capture d'écran 2025-05-20 133149.png
2026-08-07 19:40:39 [ERROR]  Erreur scan YARA sur C:\Users\DELL LATITUDE 5420\OneDrive\Bureau\Doc profess\Designs\Malick\Capture d'écran 2025-05-20 133214.png : could not open file "C:\Users\DELL LATITUDE 5420\OneDrive\Bureau\Doc profess\Designs\Malick\Capture d'écran 2025-05-20 133214.png"
2026-08-07 19:40:39 [WARNING] MENACE : None → Capture d'écran 2025-05-20 133214.png
2026-08-07 19:40:39 [ERROR]  Erreur scan YARA sur C:\Users\DELL LATITUDE 5420\OneDrive\Bureau\Doc profess\Designs\Malick\Capture d'écran 2025-05-24 145625.png : could not open file "C:\Users\DELL LATITUDE 5420\OneDrive\Bureau\Doc profess\Designs\Malick\Capture d'écran 2025-05-24 145625.png"
2026-08-07 19:40:39 [WARNING] MENACE : None → Capture d'écran 2025-05-24 145625.png
2026-08-07 19:40:40 [ERROR]  Erreur scan YARA sur C:\Users\DELL LATITUDE 5420\OneDrive\Bureau\Doc profess\Designs\Malick\Capture d'écran 2025-05-24 150031.png : could not open file "C:\Users\DELL LATITUDE 5420\OneDrive\Bureau\Doc profess\Designs\Malick\Capture d'écran 2025-05-24 150031.png"
2026-08-07 19:40:40 [WARNING] MENACE : None → Capture d'écran 2025-05-24 150031.png
2026-08-07 19:40:40 [ERROR]  Erreur scan YARA sur C:\Users\DELL LATITUDE 5420\OneDrive\Bureau\Doc profess\Designs\Malick\Capture d'écran 2025-07-02 003959.png : could not open file "C:\Users\DELL LATITUDE 5420\OneDrive\Bureau\Doc profess\Designs\Malick\Capture d'écran 2025-07-02 003959.png"
2026-08-07 19:40:40 [WARNING] MENACE : None → Capture d'écran 2025-07-02 003959.png
2026-08-07 19:40:40 [ERROR]  Erreur scan YARA sur C:\Users\DELL LATITUDE 5420\OneDrive\Bureau\Doc profess\Designs\Moumouni\Capture d'écran 2026-03-25 170238.png : could not open file "C:\Users\DELL LATITUDE 5420\OneDrive\Bureau\Doc profess\Designs\Moumouni\Capture d'écran 2026-03-25 170238.png"
2026-08-07 19:40:40 [WARNING] MENACE : None → Capture d'écran 2026-03-25 170238.png
2026-08-07 19:40:40 [ERROR]  Erreur scan YARA sur C:\Users\DELL LATITUDE 5420\OneDrive\Bureau\Doc profess\Designs\Moumouni\Capture d'écran 2026-03-25 182509.png : could not open file "C:\Users\DELL LATITUDE 5420\OneDrive\Bureau\Doc profess\Designs\Moumouni\Capture d'écran 2026-03-25 182509.png"
2026-08-07 19:40:40 [WARNING] MENACE : None → Capture d'écran 2026-03-25 182509.png
2026-08-07 19:40:40 [ERROR]  Erreur scan YARA sur C:\Users\DELL LATITUDE 5420\OneDrive\Bureau\Doc profess\Designs\Moumouni\Capture d'écran 2026-03-25 182536.png : could not open file "C:\Users\DELL LATITUDE 5420\OneDrive\Bureau\Doc profess\Designs\Moumouni\Capture d'écran 2026-03-25 182536.png"
2026-08-07 19:40:40 [WARNING] MENACE : None → Capture d'écran 2026-03-25 182536.png
2026-08-07 19:40:40 [ERROR]  Erreur scan YARA sur C:\Users\DELL LATITUDE 5420\OneDrive\Bureau\Doc profess\Designs\Moumouni\Capture d'écran 2026-03-25 182557.png : could not open file "C:\Users\DELL LATITUDE 5420\OneDrive\Bureau\Doc profess\Designs\Moumouni\Capture d'écran 2026-03-25 182557.png"
2026-08-07 19:40:40 [WARNING] MENACE : None → Capture d'écran 2026-03-25 182557.png
2026-08-07 19:40:41 [ERROR]  Erreur scan YARA sur C:\Users\DELL LATITUDE 5420\OneDrive\Bureau\Doc profess\Designs\Moumouni\Capture d'écran 2026-03-25 182621.png : could not open file "C:\Users\DELL LATITUDE 5420\OneDrive\Bureau\Doc profess\Designs\Moumouni\Capture d'écran 2026-03-25 182621.png"
2026-08-07 19:40:41 [WARNING] MENACE : None → Capture d'écran 2026-03-25 182621.png
2026-08-07 19:40:41 [ERROR]  Erreur scan YARA sur C:\Users\DELL LATITUDE 5420\OneDrive\Bureau\Doc profess\Designs\Moumouni\Capture d'écran 2026-03-25 182702.png : could not open file "C:\Users\DELL LATITUDE 5420\OneDrive\Bureau\Doc profess\Designs\Moumouni\Capture d'écran 2026-03-25 182702.png"
2026-08-07 19:40:41 [WARNING] MENACE : None → Capture d'écran 2026-03-25 182702.png
2026-08-07 19:40:41 [ERROR]  Erreur scan YARA sur C:\Users\DELL LATITUDE 5420\OneDrive\Bureau\Doc profess\Designs\Moumouni\Capture d'écran 2026-03-25 182723.png : could not open file "C:\Users\DELL LATITUDE 5420\OneDrive\Bureau\Doc profess\Designs\Moumouni\Capture d'écran 2026-03-25 182723.png"
2026-08-07 19:40:41 [WARNING] MENACE : None → Capture d'écran 2026-03-25 182723.png
2026-08-07 19:40:42 [ERROR]  Erreur scan YARA sur C:\Users\DELL LATITUDE 5420\OneDrive\Bureau\Doc profess\Designs\Moumouni\Capture d'écran 2026-03-25 182749.png : could not open file "C:\Users\DELL LATITUDE 5420\OneDrive\Bureau\Doc profess\Designs\Moumouni\Capture d'écran 2026-03-25 182749.png"
2026-08-07 19:40:42 [WARNING] MENACE : None → Capture d'écran 2026-03-25 182749.png
2026-08-07 19:40:42 [ERROR]  Erreur scan YARA sur C:\Users\DELL LATITUDE 5420\OneDrive\Bureau\Doc profess\Designs\Moumouni\Capture d'écran 2026-03-25 192433.png : could not open file "C:\Users\DELL LATITUDE 5420\OneDrive\Bureau\Doc profess\Designs\Moumouni\Capture d'écran 2026-03-25 192433.png"
2026-08-07 19:40:42 [WARNING] MENACE : None → Capture d'écran 2026-03-25 192433.png
2026-08-07 19:40:42 [ERROR]  Erreur scan YARA sur C:\Users\DELL LATITUDE 5420\OneDrive\Bureau\Doc profess\Designs\Moumouni\Capture d'écran 2026-03-25 192521.png : could not open file "C:\Users\DELL LATITUDE 5420\OneDrive\Bureau\Doc profess\Designs\Moumouni\Capture d'écran 2026-03-25 192521.png"
2026-08-07 19:40:42 [WARNING] MENACE : None → Capture d'écran 2026-03-25 192521.png
2026-08-07 19:40:42 [ERROR]  Erreur scan YARA sur C:\Users\DELL LATITUDE 5420\OneDrive\Bureau\Doc profess\Designs\Moumouni\Capture d'écran 2026-03-25 193940.png : could not open file "C:\Users\DELL LATITUDE 5420\OneDrive\Bureau\Doc profess\Designs\Moumouni\Capture d'écran 2026-03-25 193940.png"
2026-08-07 19:40:42 [WARNING] MENACE : None → Capture d'écran 2026-03-25 193940.png
2026-08-07 19:40:42 [ERROR]  Erreur scan YARA sur C:\Users\DELL LATITUDE 5420\OneDrive\Bureau\Doc profess\Designs\Moumouni\Capture_d_écran_2026-03-25_192521-removebg-preview.png : could not open file "C:\Users\DELL LATITUDE 5420\OneDrive\Bureau\Doc profess\Designs\Moumouni\Capture_d_écran_2026-03-25_192521-removebg-preview.png"
2026-08-07 19:40:42 [WARNING] MENACE : None → Capture_d_écran_2026-03-25_192521-removebg-preview.png
2026-08-07 19:40:43 [WARNING] MENACE : None → Gemini_Generated_Image_off10zoff10zoff1.png
2026-08-07 19:51:00 [INFO] Base de signatures initialisée : ./data/signatures.db
2026-08-07 19:51:00 [INFO] Bloom Filter chargé : 3206 signature(s), 22418 bits actifs
2026-08-07 19:51:00 [INFO] 1 fichier(s) de règles YARA chergé(s)
2026-08-07 19:51:00 [INFO] Démarrage du scan : C:\Users\DELLLA~1\AppData\Local\Temp\aegis_e2e
2026-08-07 19:51:00 [INFO]  Scan terminé en 0.23s -  3 fichiers(s) analysé (s),  0 menace (s) détectée (s) 
2026-08-07 19:51:07 [INFO] Base de signatures initialisée : ./data/signatures.db
2026-08-07 19:51:07 [INFO] Bloom Filter chargé : 3206 signature(s), 22418 bits actifs
2026-08-07 19:51:07 [INFO] 1 fichier(s) de règles YARA chergé(s)
2026-08-07 19:51:07 [INFO] Démarrage du scan : C:\Users\DELLLA~1\AppData\Local\Temp\aegis_e2e
2026-08-07 19:51:07 [WARNING]  YARA : EICAR_Test_File sur eicar.js (sévérité critical)
2026-08-07 19:51:07 [WARNING] MENACE : EICAR_Test_File → eicar.js
2026-08-07 19:51:07 [INFO]  Scan terminé en 0.10s -  4 fichiers(s) analysé (s),  1 menace (s) détectée (s) 
2026-08-07 19:53:23 [INFO] Base de signatures initialisée : ./data/signatures.db
2026-08-07 19:53:23 [INFO] Bloom Filter chargé : 3206 signature(s), 22418 bits actifs
2026-08-07 19:53:23 [INFO] 1 fichier(s) de règles YARA chergé(s)
2026-08-07 19:53:23 [INFO] Démarrage du scan : C:\Users\DELL LATITUDE 5420\OneDrive
2026-08-07 19:53:30 [INFO]  YARA (info) : Packed_Executable_UPX sur rufus-4.15.exe (sévérité medium)
2026-08-07 19:53:30 [WARNING] MENACE : Heuristique → rufus-4.15.exe
2026-08-07 19:53:31 [WARNING]  YARA : EICAR_Test_File sur eicar.com (sévérité critical)
2026-08-07 19:53:31 [WARNING] MENACE : EICAR_Test_File → eicar.com
2026-08-07 19:53:31 [WARNING]  YARA : EICAR_Test_File sur eicar.com (sévérité critical)
2026-08-07 19:53:31 [WARNING] MENACE : EICAR_Test_File → eicar.com
2026-08-07 19:53:42 [WARNING]  YARA : EICAR_Test_File sur eicar.com (sévérité critical)
2026-08-07 19:53:42 [WARNING] MENACE : EICAR_Test_File → eicar.com
2026-08-07 19:56:01 [WARNING]  Fichier trop volumineux, ignoré: C:\Users\DELL LATITUDE 5420\OneDrive\Bureau\Cours\11111_Cours 3ème année\Saison 1\PL SQL\Cours\PLSQL.pdf
2026-08-07 19:56:02 [INFO]  Scan terminé en 159.14s -  3483 fichiers(s) analysé (s),  4 menace (s) détectée (s) 
2026-08-07 19:57:19 [INFO] Base de signatures initialisée : ./data/signatures.db
2026-08-07 19:57:19 [INFO] Bloom Filter chargé : 3206 signature(s), 22418 bits actifs
2026-08-07 19:57:19 [INFO] 1 fichier(s) de règles YARA chergé(s)
2026-08-07 19:57:19 [INFO] Démarrage du scan : C:\Users\DELL LATITUDE 5420\OneDrive
2026-08-07 19:57:25 [INFO]  YARA (info) : Packed_Executable_UPX sur rufus-4.15.exe (sévérité medium)
2026-08-07 19:57:25 [WARNING] MENACE : Heuristique → rufus-4.15.exe
2026-08-07 19:57:25 [WARNING]  YARA : EICAR_Test_File sur eicar.com (sévérité critical)
2026-08-07 19:57:25 [WARNING] MENACE : EICAR_Test_File → eicar.com
2026-08-07 19:57:26 [WARNING]  YARA : EICAR_Test_File sur eicar.com (sévérité critical)
2026-08-07 19:57:26 [WARNING] MENACE : EICAR_Test_File → eicar.com
2026-08-07 19:57:35 [WARNING]  YARA : EICAR_Test_File sur eicar.com (sévérité critical)
2026-08-07 19:57:35 [WARNING] MENACE : EICAR_Test_File → eicar.com
2026-08-07 19:59:29 [WARNING]  Fichier trop volumineux, ignoré: C:\Users\DELL LATITUDE 5420\OneDrive\Bureau\Cours\11111_Cours 3ème année\Saison 1\PL SQL\Cours\PLSQL.pdf
2026-08-07 19:59:29 [INFO]  Scan terminé en 130.46s -  3483 fichiers(s) analysé (s),  4 menace (s) détectée (s) 
2026-08-07 20:09:36 [INFO] Base de signatures initialisée : ./data/signatures.db
2026-08-07 20:09:36 [INFO] Bloom Filter chargé : 3206 signature(s), 22418 bits actifs
2026-08-07 20:09:36 [INFO] 1 fichier(s) de règles YARA chergé(s)
2026-08-07 20:09:36 [INFO] Démarrage du scan : C:\Users\DELL LATITUDE 5420\OneDrive
2026-08-07 20:09:36 [WARNING]  Fichier trop volumineux, ignoré: C:\Users\DELL LATITUDE 5420\OneDrive\Bureau\Cours\11111_Cours 3ème année\Saison 1\PL SQL\Cours\PLSQL.pdf
2026-08-07 20:10:16 [INFO] Base de signatures initialisée : ./data/signatures.db
2026-08-07 20:10:16 [INFO] Bloom Filter chargé : 3206 signature(s), 22418 bits actifs
2026-08-07 20:10:16 [INFO] 1 fichier(s) de règles YARA chergé(s)
2026-08-07 20:10:16 [INFO] Démarrage du scan : C:\Users\DELL LATITUDE 5420\OneDrive
2026-08-07 20:10:16 [WARNING]  Fichier trop volumineux, ignoré: C:\Users\DELL LATITUDE 5420\OneDrive\Bureau\Cours\11111_Cours 3ème année\Saison 1\PL SQL\Cours\PLSQL.pdf
2026-08-07 20:13:05 [WARNING]  YARA : EICAR_Test_File sur eicar.com (sévérité critical)
2026-08-07 20:13:05 [WARNING] MENACE : EICAR_Test_File → eicar.com
2026-08-07 20:13:09 [WARNING]  Fichier trop volumineux, ignoré: C:\Users\DELL LATITUDE 5420\OneDrive\Bureau\Realisations\Antivirus\AEGIS\PLSQL.pdf
2026-08-07 20:13:09 [WARNING]  YARA : EICAR_Test_File sur eicar.com (sévérité critical)
2026-08-07 20:13:09 [WARNING] MENACE : EICAR_Test_File → eicar.com
2026-08-07 20:13:09 [WARNING]  YARA : EICAR_Test_File sur eicar.com (sévérité critical)
2026-08-07 20:13:09 [WARNING] MENACE : EICAR_Test_File → eicar.com
2026-08-07 20:13:10 [INFO]  YARA (info) : Packed_Executable_UPX sur rufus-4.15.exe (sévérité medium)
2026-08-07 20:13:10 [WARNING] MENACE : Heuristique → rufus-4.15.exe
2026-08-07 20:13:14 [INFO]  Scan terminé en 178.66s -  3483 fichiers(s) analysé (s),  4 menace (s) détectée (s) 
2026-08-07 20:13:50 [INFO] Base de signatures initialisée : ./data/signatures.db
2026-08-07 20:13:50 [INFO] Bloom Filter chargé : 3206 signature(s), 22418 bits actifs
2026-08-07 20:13:50 [INFO] 1 fichier(s) de règles YARA chergé(s)
2026-08-07 20:13:50 [INFO] Démarrage du scan : C:\Users\DELL LATITUDE 5420\OneDrive
2026-08-07 20:13:51 [WARNING]  Fichier trop volumineux, ignoré: C:\Users\DELL LATITUDE 5420\OneDrive\Bureau\Cours\11111_Cours 3ème année\Saison 1\PL SQL\Cours\PLSQL.pdf
test 0
test 1
test 2
test 3
test 4
test 5
test 6
test 7
test 8
test 9
test 10
test 11
test 12
test 13
test 14
test 15
test 16
test 17
test 18
test 19
2026-08-07 20:18:33 [INFO] Base de signatures initialisée : ./data/signatures.db
2026-08-07 20:18:33 [INFO] Bloom Filter chargé : 3206 signature(s), 22418 bits actifs
2026-08-07 20:18:33 [INFO] 1 fichier(s) de règles YARA chergé(s)
2026-08-07 20:18:33 [INFO] Démarrage du scan : C:\Users\DELL LATITUDE 5420\OneDrive\Bureau\Cours\11111_Cours 3ème année\Saison 1\PL SQL
2026-08-07 20:18:33 [WARNING]  Fichier trop volumineux, ignoré: C:\Users\DELL LATITUDE 5420\OneDrive\Bureau\Cours\11111_Cours 3ème année\Saison 1\PL SQL\Cours\PLSQL.pdf
2026-08-07 20:18:33 [INFO]  Scan terminé en 0.08s -  21 fichiers(s) analysé (s),  0 menace (s) détectée (s) 
2026-08-07 20:19:35 [INFO] Base de signatures initialisée : ./data/signatures.db
2026-08-07 20:19:35 [INFO] Bloom Filter chargé : 3206 signature(s), 22418 bits actifs
2026-08-07 20:19:35 [INFO] 1 fichier(s) de règles YARA chergé(s)
2026-08-07 20:19:35 [INFO] Démarrage du scan : C:\Users\DELL LATITUDE 5420\OneDrive\Bureau\Cours
2026-08-07 20:19:36 [WARNING]  Fichier trop volumineux, ignoré: C:\Users\DELL LATITUDE 5420\OneDrive\Bureau\Cours\11111_Cours 3ème année\Saison 1\PL SQL\Cours\PLSQL.pdf
2026-08-07 20:19:40 [INFO]  Scan terminé en 4.17s -  331 fichiers(s) analysé (s),  0 menace (s) détectée (s) 
2026-08-07 20:21:42 [INFO] Base de signatures initialisée : ./data/signatures.db
2026-08-07 20:21:42 [INFO] Bloom Filter chargé : 3206 signature(s), 22418 bits actifs
2026-08-07 20:21:42 [INFO] 1 fichier(s) de règles YARA chergé(s)
2026-08-07 20:21:42 [INFO] Démarrage du scan : C:\Users\DELL LATITUDE 5420\OneDrive\Bureau\Cours
2026-08-07 20:21:42 [INFO] Progression : 25 fichier(s) analysé(s)
2026-08-07 20:21:42 [INFO] Progression : 50 fichier(s) analysé(s)
2026-08-07 20:21:42 [INFO] Progression : 75 fichier(s) analysé(s)
2026-08-07 20:21:43 [INFO] Progression : 100 fichier(s) analysé(s)
2026-08-07 20:21:43 [INFO] Progression : 125 fichier(s) analysé(s)
2026-08-07 20:21:43 [WARNING]  Fichier trop volumineux, ignoré: C:\Users\DELL LATITUDE 5420\OneDrive\Bureau\Cours\11111_Cours 3ème année\Saison 1\PL SQL\Cours\PLSQL.pdf
2026-08-07 20:21:43 [INFO] Progression : 150 fichier(s) analysé(s)
2026-08-07 20:21:43 [INFO] Progression : 175 fichier(s) analysé(s)
2026-08-07 20:21:44 [INFO] Progression : 200 fichier(s) analysé(s)
2026-08-07 20:21:45 [INFO] Progression : 225 fichier(s) analysé(s)
2026-08-07 20:21:45 [INFO] Progression : 250 fichier(s) analysé(s)
2026-08-07 20:21:46 [INFO] Progression : 275 fichier(s) analysé(s)
2026-08-07 20:21:47 [INFO] Progression : 300 fichier(s) analysé(s)
2026-08-07 20:21:47 [INFO] Progression : 325 fichier(s) analysé(s)
2026-08-07 20:21:47 [INFO]  Scan terminé en 5.47s -  331 fichiers(s) analysé (s),  0 menace (s) détectée (s) 
2026-08-07 20:24:30 [INFO] Base de signatures initialisée : ./data/signatures.db
2026-08-07 20:24:30 [INFO] Bloom Filter chargé : 3206 signature(s), 22418 bits actifs
2026-08-07 20:24:30 [INFO] 1 fichier(s) de règles YARA chergé(s)
2026-08-07 20:24:30 [INFO] Démarrage du scan : C:\Users\DELL LATITUDE 5420\OneDrive
2026-08-07 20:24:30 [INFO] Progression : 25 fichier(s) analysé(s)
2026-08-07 20:24:31 [INFO] Progression : 50 fichier(s) analysé(s)
2026-08-07 20:24:31 [INFO] Progression : 75 fichier(s) analysé(s)
2026-08-07 20:24:31 [INFO] Progression : 100 fichier(s) analysé(s)
2026-08-07 20:24:31 [INFO] Progression : 125 fichier(s) analysé(s)
2026-08-07 20:24:31 [WARNING]  Fichier trop volumineux, ignoré: C:\Users\DELL LATITUDE 5420\OneDrive\Bureau\Cours\11111_Cours 3ème année\Saison 1\PL SQL\Cours\PLSQL.pdf
2026-08-07 20:24:31 [INFO] Progression : 150 fichier(s) analysé(s)
2026-08-07 20:24:31 [INFO] Progression : 175 fichier(s) analysé(s)
2026-08-07 20:24:32 [INFO] Progression : 200 fichier(s) analysé(s)
2026-08-07 20:24:32 [INFO] Progression : 225 fichier(s) analysé(s)
2026-08-07 20:24:32 [INFO] Progression : 250 fichier(s) analysé(s)
2026-08-07 20:24:33 [INFO] Progression : 275 fichier(s) analysé(s)
2026-08-07 20:24:33 [INFO] Progression : 300 fichier(s) analysé(s)
2026-08-07 20:24:33 [INFO] Progression : 325 fichier(s) analysé(s)
2026-08-07 20:24:33 [INFO] Progression : 350 fichier(s) analysé(s)
2026-08-07 20:24:33 [INFO] Progression : 375 fichier(s) analysé(s)
2026-08-07 20:24:33 [INFO] Progression : 400 fichier(s) analysé(s)
2026-08-07 20:24:33 [INFO] Progression : 425 fichier(s) analysé(s)
2026-08-07 20:24:33 [INFO] Progression : 450 fichier(s) analysé(s)
2026-08-07 20:24:34 [INFO] Progression : 475 fichier(s) analysé(s)
2026-08-07 20:24:34 [INFO] Progression : 500 fichier(s) analysé(s)
2026-08-07 20:24:34 [INFO] Progression : 525 fichier(s) analysé(s)
2026-08-07 20:24:34 [INFO] Progression : 550 fichier(s) analysé(s)
2026-08-07 20:24:34 [INFO] Progression : 575 fichier(s) analysé(s)
2026-08-07 20:24:34 [INFO] Progression : 600 fichier(s) analysé(s)
2026-08-07 20:24:34 [INFO] Progression : 625 fichier(s) analysé(s)
2026-08-07 20:24:34 [INFO] Progression : 650 fichier(s) analysé(s)
2026-08-07 20:24:34 [INFO] Progression : 675 fichier(s) analysé(s)
2026-08-07 20:24:34 [INFO] Progression : 700 fichier(s) analysé(s)
2026-08-07 20:24:35 [INFO] Progression : 725 fichier(s) analysé(s)
2026-08-07 20:24:35 [INFO] Progression : 750 fichier(s) analysé(s)
2026-08-07 20:24:35 [INFO] Progression : 775 fichier(s) analysé(s)
2026-08-07 20:24:35 [INFO] Progression : 800 fichier(s) analysé(s)
2026-08-07 20:24:35 [INFO] Progression : 825 fichier(s) analysé(s)
2026-08-07 20:24:35 [INFO] Progression : 850 fichier(s) analysé(s)
2026-08-07 20:24:37 [INFO] Progression : 875 fichier(s) analysé(s)
2026-08-07 20:24:37 [INFO] Progression : 900 fichier(s) analysé(s)
2026-08-07 20:24:39 [INFO] Progression : 925 fichier(s) analysé(s)
2026-08-07 20:24:39 [INFO] Progression : 950 fichier(s) analysé(s)
2026-08-07 20:24:39 [INFO] Progression : 975 fichier(s) analysé(s)
2026-08-07 20:24:54 [INFO] Progression : 1000 fichier(s) analysé(s)
2026-08-07 20:25:09 [INFO] Progression : 1025 fichier(s) analysé(s)
2026-08-07 20:25:12 [INFO] Progression : 1050 fichier(s) analysé(s)
2026-08-07 20:25:15 [INFO] Progression : 1075 fichier(s) analysé(s)
2026-08-07 20:25:24 [INFO] Progression : 1100 fichier(s) analysé(s)
2026-08-07 20:25:28 [INFO] Progression : 1125 fichier(s) analysé(s)
2026-08-07 20:25:31 [INFO] Progression : 1150 fichier(s) analysé(s)
2026-08-07 20:26:50 [INFO] Progression : 1175 fichier(s) analysé(s)
2026-08-07 20:27:08 [INFO] Progression : 1200 fichier(s) analysé(s)
2026-08-07 20:27:11 [WARNING]  YARA : EICAR_Test_File sur eicar.com (sévérité critical)
2026-08-07 20:27:11 [WARNING] MENACE : EICAR_Test_File → eicar.com
2026-08-07 20:27:12 [INFO] Progression : 1225 fichier(s) analysé(s)
2026-08-07 20:27:13 [INFO] Progression : 1250 fichier(s) analysé(s)
2026-08-07 20:27:13 [INFO] Progression : 1275 fichier(s) analysé(s)
2026-08-07 20:27:13 [INFO] Progression : 1300 fichier(s) analysé(s)
2026-08-07 20:27:13 [INFO] Progression : 1325 fichier(s) analysé(s)
2026-08-07 20:27:13 [INFO] Progression : 1350 fichier(s) analysé(s)
2026-08-07 20:27:13 [INFO] Progression : 1375 fichier(s) analysé(s)
2026-08-07 20:27:13 [INFO] Progression : 1400 fichier(s) analysé(s)
2026-08-07 20:27:15 [WARNING]  Fichier trop volumineux, ignoré: C:\Users\DELL LATITUDE 5420\OneDrive\Bureau\Realisations\Antivirus\AEGIS\PLSQL.pdf
2026-08-07 20:27:15 [WARNING]  YARA : EICAR_Test_File sur eicar.com (sévérité critical)
2026-08-07 20:27:15 [WARNING] MENACE : EICAR_Test_File → eicar.com
2026-08-07 20:27:15 [INFO] Progression : 1425 fichier(s) analysé(s)
2026-08-07 20:27:15 [WARNING]  YARA : EICAR_Test_File sur eicar.com (sévérité critical)
2026-08-07 20:27:15 [WARNING] MENACE : EICAR_Test_File → eicar.com
2026-08-07 20:27:15 [INFO] Progression : 1450 fichier(s) analysé(s)
2026-08-07 20:27:15 [INFO] Progression : 1475 fichier(s) analysé(s)
2026-08-07 20:27:15 [INFO] Progression : 1500 fichier(s) analysé(s)
2026-08-07 20:27:16 [INFO] Progression : 1525 fichier(s) analysé(s)
2026-08-07 20:27:16 [INFO] Progression : 1550 fichier(s) analysé(s)
2026-08-07 20:27:16 [INFO] Progression : 1575 fichier(s) analysé(s)
2026-08-07 20:27:16 [INFO] Progression : 1600 fichier(s) analysé(s)
2026-08-07 20:27:16 [INFO] Progression : 1625 fichier(s) analysé(s)
2026-08-07 20:27:16 [INFO]  YARA (info) : Packed_Executable_UPX sur rufus-4.15.exe (sévérité medium)
2026-08-07 20:27:16 [WARNING] MENACE : Heuristique → rufus-4.15.exe
2026-08-07 20:27:16 [INFO] Progression : 1650 fichier(s) analysé(s)
2026-08-07 20:27:16 [INFO] Progression : 1675 fichier(s) analysé(s)
2026-08-07 20:27:16 [INFO] Progression : 1700 fichier(s) analysé(s)
2026-08-07 20:27:16 [INFO] Progression : 1725 fichier(s) analysé(s)
2026-08-07 20:27:16 [INFO] Progression : 1750 fichier(s) analysé(s)
2026-08-07 20:27:17 [INFO] Progression : 1775 fichier(s) analysé(s)
2026-08-07 20:27:17 [INFO] Progression : 1800 fichier(s) analysé(s)
2026-08-07 20:27:17 [INFO] Progression : 1825 fichier(s) analysé(s)
2026-08-07 20:27:17 [INFO] Progression : 1850 fichier(s) analysé(s)
2026-08-07 20:27:17 [INFO] Progression : 1875 fichier(s) analysé(s)
2026-08-07 20:27:17 [INFO] Progression : 1900 fichier(s) analysé(s)
2026-08-07 20:27:17 [INFO] Progression : 1925 fichier(s) analysé(s)
2026-08-07 20:27:17 [INFO] Progression : 1950 fichier(s) analysé(s)
2026-08-07 20:27:17 [INFO] Progression : 1975 fichier(s) analysé(s)
2026-08-07 20:27:17 [INFO] Progression : 2000 fichier(s) analysé(s)
2026-08-07 20:27:17 [INFO] Progression : 2025 fichier(s) analysé(s)
2026-08-07 20:27:17 [INFO] Progression : 2050 fichier(s) analysé(s)
2026-08-07 20:27:17 [INFO] Progression : 2075 fichier(s) analysé(s)
2026-08-07 20:27:17 [INFO] Progression : 2100 fichier(s) analysé(s)
2026-08-07 20:27:17 [INFO] Progression : 2125 fichier(s) analysé(s)
2026-08-07 20:27:17 [INFO] Progression : 2150 fichier(s) analysé(s)
2026-08-07 20:27:17 [INFO] Progression : 2175 fichier(s) analysé(s)
2026-08-07 20:27:17 [INFO] Progression : 2200 fichier(s) analysé(s)
2026-08-07 20:27:17 [INFO] Progression : 2225 fichier(s) analysé(s)
2026-08-07 20:27:18 [INFO] Progression : 2250 fichier(s) analysé(s)
2026-08-07 20:27:18 [INFO] Progression : 2275 fichier(s) analysé(s)
2026-08-07 20:27:18 [INFO] Progression : 2300 fichier(s) analysé(s)
2026-08-07 20:27:18 [INFO] Progression : 2325 fichier(s) analysé(s)
2026-08-07 20:27:18 [INFO] Progression : 2350 fichier(s) analysé(s)
2026-08-07 20:27:18 [INFO] Progression : 2375 fichier(s) analysé(s)
2026-08-07 20:27:18 [INFO] Progression : 2400 fichier(s) analysé(s)
2026-08-07 20:27:18 [INFO] Progression : 2425 fichier(s) analysé(s)
2026-08-07 20:27:18 [INFO] Progression : 2450 fichier(s) analysé(s)
2026-08-07 20:27:18 [INFO] Progression : 2475 fichier(s) analysé(s)
2026-08-07 20:27:18 [INFO] Progression : 2500 fichier(s) analysé(s)
2026-08-07 20:27:18 [INFO] Progression : 2525 fichier(s) analysé(s)
2026-08-07 20:27:18 [INFO] Progression : 2550 fichier(s) analysé(s)
2026-08-07 20:27:18 [INFO] Progression : 2575 fichier(s) analysé(s)
2026-08-07 20:27:18 [INFO] Progression : 2600 fichier(s) analysé(s)
2026-08-07 20:27:18 [INFO] Progression : 2625 fichier(s) analysé(s)
2026-08-07 20:27:18 [INFO] Progression : 2650 fichier(s) analysé(s)
2026-08-07 20:27:18 [INFO] Progression : 2675 fichier(s) analysé(s)
2026-08-07 20:27:18 [INFO] Progression : 2700 fichier(s) analysé(s)
2026-08-07 20:27:18 [INFO] Progression : 2725 fichier(s) analysé(s)
2026-08-07 20:27:18 [INFO] Progression : 2750 fichier(s) analysé(s)
2026-08-07 20:27:18 [INFO] Progression : 2775 fichier(s) analysé(s)
2026-08-07 20:27:18 [INFO] Progression : 2800 fichier(s) analysé(s)
2026-08-07 20:27:18 [INFO] Progression : 2825 fichier(s) analysé(s)
2026-08-07 20:27:18 [INFO] Progression : 2850 fichier(s) analysé(s)
2026-08-07 20:27:18 [INFO] Progression : 2875 fichier(s) analysé(s)
2026-08-07 20:27:19 [INFO] Progression : 2900 fichier(s) analysé(s)
2026-08-07 20:27:19 [INFO] Progression : 2925 fichier(s) analysé(s)
2026-08-07 20:27:19 [INFO] Progression : 2950 fichier(s) analysé(s)
2026-08-07 20:27:19 [INFO] Progression : 2975 fichier(s) analysé(s)
2026-08-07 20:27:19 [INFO] Progression : 3000 fichier(s) analysé(s)
2026-08-07 20:27:19 [INFO] Progression : 3025 fichier(s) analysé(s)
2026-08-07 20:27:19 [INFO] Progression : 3050 fichier(s) analysé(s)
2026-08-07 20:27:19 [INFO] Progression : 3075 fichier(s) analysé(s)
2026-08-07 20:27:19 [INFO] Progression : 3100 fichier(s) analysé(s)
2026-08-07 20:27:19 [INFO] Progression : 3125 fichier(s) analysé(s)
2026-08-07 20:27:19 [INFO] Progression : 3150 fichier(s) analysé(s)
2026-08-07 20:27:19 [INFO] Progression : 3175 fichier(s) analysé(s)
2026-08-07 20:27:19 [INFO] Progression : 3200 fichier(s) analysé(s)
2026-08-07 20:27:19 [INFO] Progression : 3225 fichier(s) analysé(s)
2026-08-07 20:27:19 [INFO] Progression : 3250 fichier(s) analysé(s)
2026-08-07 20:27:19 [INFO] Progression : 3275 fichier(s) analysé(s)
2026-08-07 20:27:19 [INFO] Progression : 3300 fichier(s) analysé(s)
2026-08-07 20:27:19 [INFO] Progression : 3325 fichier(s) analysé(s)
2026-08-07 20:27:19 [INFO] Progression : 3350 fichier(s) analysé(s)
2026-08-07 20:27:19 [INFO] Progression : 3375 fichier(s) analysé(s)
2026-08-07 20:27:20 [INFO] Progression : 3400 fichier(s) analysé(s)
2026-08-07 20:27:20 [INFO] Progression : 3425 fichier(s) analysé(s)
2026-08-07 20:27:20 [INFO] Progression : 3450 fichier(s) analysé(s)
2026-08-07 20:27:20 [INFO] Progression : 3475 fichier(s) analysé(s)
2026-08-07 20:27:20 [INFO]  Scan terminé en 169.57s -  3483 fichiers(s) analysé (s),  4 menace (s) détectée (s) 
2026-08-07 20:28:09 [INFO] Base de signatures initialisée : ./data/signatures.db
2026-08-07 20:28:09 [INFO] Bloom Filter chargé : 3206 signature(s), 22418 bits actifs
2026-08-07 20:28:09 [INFO] 1 fichier(s) de règles YARA chergé(s)
2026-08-07 20:28:09 [INFO] Démarrage du scan : C:\Users\DELL LATITUDE 5420\OneDrive\Bureau\Realisations\Antivirus\AEGIS
2026-08-07 20:28:13 [WARNING]  Fichier trop volumineux, ignoré: C:\Users\DELL LATITUDE 5420\OneDrive\Bureau\Realisations\Antivirus\AEGIS\PLSQL.pdf
2026-08-07 20:28:13 [WARNING]  YARA : EICAR_Test_File sur eicar.com (sévérité critical)
2026-08-07 20:28:13 [WARNING] MENACE : EICAR_Test_File → eicar.com
2026-08-07 20:28:13 [INFO]  Scan terminé en 3.35s -  17 fichiers(s) analysé (s),  1 menace (s) détectée (s) 
2026-08-07 20:28:57 [INFO] Base de signatures initialisée : ./data/signatures.db
2026-08-07 20:28:57 [INFO] Bloom Filter chargé : 3206 signature(s), 22418 bits actifs
2026-08-07 20:28:57 [INFO] 1 fichier(s) de règles YARA chergé(s)
2026-08-07 20:28:57 [INFO] Démarrage du scan : C:\Users\DELL LATITUDE 5420\OneDrive\Bureau
2026-08-07 20:28:57 [WARNING]  Fichier trop volumineux, ignoré: C:\Users\DELL LATITUDE 5420\OneDrive\Bureau\Cours\11111_Cours 3ème année\Saison 1\PL SQL\Cours\PLSQL.pdf
2026-08-07 20:31:40 [WARNING]  YARA : EICAR_Test_File sur eicar.com (sévérité critical)
2026-08-07 20:31:40 [WARNING] MENACE : EICAR_Test_File → eicar.com
2026-08-07 20:31:52 [WARNING]  Fichier trop volumineux, ignoré: C:\Users\DELL LATITUDE 5420\OneDrive\Bureau\Realisations\Antivirus\AEGIS\PLSQL.pdf
2026-08-07 20:31:52 [WARNING]  YARA : EICAR_Test_File sur eicar.com (sévérité critical)
2026-08-07 20:31:52 [WARNING] MENACE : EICAR_Test_File → eicar.com
2026-08-07 20:31:52 [WARNING]  YARA : EICAR_Test_File sur eicar.com (sévérité critical)
2026-08-07 20:31:52 [WARNING] MENACE : EICAR_Test_File → eicar.com
2026-08-07 20:31:53 [INFO] Progression : 1500 fichier(s) analysé(s)
2026-08-07 20:31:54 [INFO]  YARA (info) : Packed_Executable_UPX sur rufus-4.15.exe (sévérité medium)
2026-08-07 20:31:54 [WARNING] MENACE : Heuristique → rufus-4.15.exe
2026-08-07 20:31:55 [INFO]  Scan terminé en 177.99s -  1647 fichiers(s) analysé (s),  4 menace (s) détectée (s) 
2026-08-07 20:35:17 [INFO] Base de signatures initialisée : ./data/signatures.db
2026-08-07 20:35:17 [INFO] Bloom Filter chargé : 3206 signature(s), 22418 bits actifs
2026-08-07 20:35:17 [INFO] 1 fichier(s) de règles YARA chergé(s)
2026-08-07 20:35:17 [INFO] Démarrage du scan : C:\Users\DELL LATITUDE 5420\OneDrive\Bureau
2026-08-07 20:35:18 [INFO] Progression : 75 fichier(s) analysé(s)
2026-08-07 20:35:18 [WARNING]  Fichier trop volumineux, ignoré: C:\Users\DELL LATITUDE 5420\OneDrive\Bureau\Cours\11111_Cours 3ème année\Saison 1\PL SQL\Cours\PLSQL.pdf
2026-08-07 20:35:18 [INFO] Progression : 150 fichier(s) analysé(s)
2026-08-07 20:35:20 [INFO] Progression : 225 fichier(s) analysé(s)
2026-08-07 20:35:20 [INFO] Progression : 300 fichier(s) analysé(s)
2026-08-07 20:35:21 [INFO] Progression : 375 fichier(s) analysé(s)
2026-08-07 20:35:21 [INFO] Progression : 450 fichier(s) analysé(s)
2026-08-07 20:35:21 [INFO] Progression : 525 fichier(s) analysé(s)
2026-08-07 20:35:22 [INFO] Progression : 600 fichier(s) analysé(s)
2026-08-07 20:35:22 [INFO] Progression : 675 fichier(s) analysé(s)
2026-08-07 20:35:22 [INFO] Progression : 750 fichier(s) analysé(s)
2026-08-07 20:35:23 [INFO] Progression : 825 fichier(s) analysé(s)
2026-08-07 20:35:25 [INFO] Progression : 900 fichier(s) analysé(s)
2026-08-07 20:35:27 [INFO] Progression : 975 fichier(s) analysé(s)
2026-08-07 20:36:02 [INFO] Progression : 1050 fichier(s) analysé(s)
2026-08-07 20:36:50 [INFO] Progression : 1125 fichier(s) analysé(s)
2026-08-07 20:37:01 [INFO] Base de signatures initialisée : ./data/signatures.db
2026-08-07 20:37:01 [INFO] Bloom Filter chargé : 3206 signature(s), 22418 bits actifs
2026-08-07 20:37:01 [INFO] 1 fichier(s) de règles YARA chergé(s)
2026-08-07 20:37:01 [INFO] Démarrage du scan : C:\Users\DELLLA~1\AppData\Local\Temp\aegis_path_test
2026-08-07 20:37:01 [WARNING]  YARA : EICAR_Test_File sur eicar.js (sévérité critical)
2026-08-07 20:37:01 [WARNING] MENACE : EICAR_Test_File → C:\Users\DELL LATITUDE 5420\AppData\Local\Temp\aegis_path_test\eicar.js
2026-08-07 20:37:01 [INFO]  Scan terminé en 0.01s -  1 fichiers(s) analysé (s),  1 menace (s) détectée (s) 
2026-08-07 20:38:42 [INFO] Progression : 1200 fichier(s) analysé(s)
2026-08-07 20:38:53 [WARNING]  YARA : EICAR_Test_File sur eicar.com (sévérité critical)
2026-08-07 20:38:53 [WARNING] MENACE : EICAR_Test_File → eicar.com
2026-08-07 20:38:55 [INFO] Progression : 1275 fichier(s) analysé(s)
2026-08-07 20:38:56 [INFO] Progression : 1350 fichier(s) analysé(s)
2026-08-07 20:38:58 [WARNING]  Fichier trop volumineux, ignoré: C:\Users\DELL LATITUDE 5420\OneDrive\Bureau\Realisations\Antivirus\AEGIS\PLSQL.pdf
2026-08-07 20:38:58 [WARNING]  YARA : EICAR_Test_File sur eicar.com (sévérité critical)
2026-08-07 20:38:58 [WARNING] MENACE : EICAR_Test_File → eicar.com
2026-08-07 20:38:58 [INFO] Progression : 1425 fichier(s) analysé(s)
2026-08-07 20:38:58 [WARNING]  YARA : EICAR_Test_File sur eicar.com (sévérité critical)
2026-08-07 20:38:58 [WARNING] MENACE : EICAR_Test_File → eicar.com
2026-08-07 20:38:58 [INFO] Progression : 1500 fichier(s) analysé(s)
2026-08-07 20:38:59 [INFO] Progression : 1575 fichier(s) analysé(s)
2026-08-07 20:38:59 [INFO]  YARA (info) : Packed_Executable_UPX sur rufus-4.15.exe (sévérité medium)
2026-08-07 20:38:59 [WARNING] MENACE : Heuristique → rufus-4.15.exe
2026-08-07 20:38:59 [INFO]  Scan terminé en 221.55s -  1647 fichiers(s) analysé (s),  4 menace (s) détectée (s) 
2026-08-07 20:39:43 [INFO] Base de signatures initialisée : ./data/signatures.db
2026-08-07 20:39:43 [INFO] Bloom Filter chargé : 3206 signature(s), 22418 bits actifs
2026-08-07 20:39:43 [INFO] 1 fichier(s) de règles YARA chergé(s)
2026-08-07 20:39:43 [INFO] Démarrage du scan : C:\Users\DELL LATITUDE 5420\OneDrive\Bureau
2026-08-07 20:39:44 [INFO] Progression : 75 fichier(s) analysé(s)
2026-08-07 20:39:44 [WARNING]  Fichier trop volumineux, ignoré: C:\Users\DELL LATITUDE 5420\OneDrive\Bureau\Cours\11111_Cours 3ème année\Saison 1\PL SQL\Cours\PLSQL.pdf
2026-08-07 20:39:44 [INFO] Progression : 150 fichier(s) analysé(s)
2026-08-07 20:39:45 [INFO] Progression : 225 fichier(s) analysé(s)
2026-08-07 20:39:46 [INFO] Progression : 300 fichier(s) analysé(s)
2026-08-07 20:39:46 [INFO] Progression : 375 fichier(s) analysé(s)
2026-08-07 20:39:47 [INFO] Progression : 450 fichier(s) analysé(s)
2026-08-07 20:39:47 [INFO] Progression : 525 fichier(s) analysé(s)
2026-08-07 20:39:47 [INFO] Progression : 600 fichier(s) analysé(s)
2026-08-07 20:39:47 [INFO] Progression : 675 fichier(s) analysé(s)
2026-08-07 20:39:48 [INFO] Progression : 750 fichier(s) analysé(s)
2026-08-07 20:39:48 [INFO] Progression : 825 fichier(s) analysé(s)
2026-08-07 20:39:51 [INFO] Progression : 900 fichier(s) analysé(s)
2026-08-07 20:39:53 [INFO] Progression : 975 fichier(s) analysé(s)
2026-08-07 20:40:27 [INFO] Progression : 1050 fichier(s) analysé(s)
2026-08-07 20:40:44 [INFO] Progression : 1125 fichier(s) analysé(s)
2026-08-07 20:41:33 [INFO] Progression : 1200 fichier(s) analysé(s)
2026-08-07 20:41:36 [WARNING]  YARA : EICAR_Test_File sur eicar.com (sévérité critical)
2026-08-07 20:41:36 [WARNING] MENACE : EICAR_Test_File → C:\Users\DELL LATITUDE 5420\OneDrive\Bureau\now\AEGIS\Tests\malware_test\eicar.com
2026-08-07 20:41:37 [INFO] Progression : 1275 fichier(s) analysé(s)
2026-08-07 20:41:37 [INFO] Progression : 1350 fichier(s) analysé(s)
2026-08-07 20:41:40 [WARNING]  YARA : EICAR_Test_File sur eicar.com (sévérité critical)
2026-08-07 20:41:40 [WARNING] MENACE : EICAR_Test_File → C:\Users\DELL LATITUDE 5420\OneDrive\Bureau\Realisations\Antivirus\AEGIS\Tests\malware_test\eicar.com
2026-08-07 20:41:40 [INFO] Progression : 1425 fichier(s) analysé(s)
2026-08-07 20:41:40 [WARNING]  YARA : EICAR_Test_File sur eicar.com (sévérité critical)
2026-08-07 20:41:40 [WARNING] MENACE : EICAR_Test_File → C:\Users\DELL LATITUDE 5420\OneDrive\Bureau\Realisations\Antivirus\Save\eicar.com
2026-08-07 20:41:40 [INFO] Progression : 1500 fichier(s) analysé(s)
2026-08-07 20:41:40 [INFO] Progression : 1575 fichier(s) analysé(s)
2026-08-07 20:41:41 [INFO]  YARA (info) : Packed_Executable_UPX sur rufus-4.15.exe (sévérité medium)
2026-08-07 20:41:41 [WARNING] MENACE : Heuristique → C:\Users\DELL LATITUDE 5420\OneDrive\Bureau\Solve Dad's Pb\Résolution\Sol 1\rufus-4.15.exe
2026-08-07 20:41:41 [INFO]  Scan terminé en 117.32s -  1647 fichiers(s) analysé (s),  4 menace (s) détectée (s) 
